ID,Name,Gender,Age,Education,City,JoiningYear,Department,PaymentTier,Salary
10000,Gwen Blake,Female,34,Bachelors,New York City,2017,HR,3,112000
10001,Emilia Mcconnell,Female,28,Bachelors,Phoenix,2013,Sales,1,60600
10002,Bradley Duffy,Male,38,Bachelors,Indianapolis,2014,IT,3,102600
10003,Salem Christian,Others,27,Masters,Fort Worth,2016,Finance & Accounting,3,105800
10004,Shannon Allen,Female,24,Masters,Indianapolis,2017,Sales,3,110300
10005,Phoebe Koch,Female,22,Bachelors,San Diego,2016,Legal,3,104200
10006,Jonah Wyatt,Male,38,Bachelors,Dallas,2015,Marketing,3,111400
10007,Leona Lloyd,Others,34,Bachelors,Fort Worth,2016,HR,3,115900
10008,Elena Delaney,Female,23,Bachelors,Phoenix,2016,HR,3,108800
10009,Karina Glass,Female,37,Masters,Philadelphia,2017,Marketing,2,93800
10010,Graham Simmons,Male,27,Masters,Austin,2012,Customer Service,3,110600
10011,Helena Valencia,Female,34,Bachelors,Boston,2016,Procurement & Supply Chain,3,112600
10012,Raphael Ryan,Male,32,Bachelors,Phoenix,2018,Operations,3,118800
10013,Faith Cross,Female,39,Bachelors,San Diego,2016,Finance & Accounting,3,111900
10014,Nina Moore,Female,37,Bachelors,Boston,2012,Customer Service,3,107500
10015,Jeremy Rivers,Male,29,Bachelors,Denver,2017,Customer Service,1,66200
10016,Simon Sims,Male,34,Bachelors,San Antonio,2014,R&D,3,118000
10017,Dean Roman,Male,34,Bachelors,Charlotte,2014,Sales,3,99200
10018,Kylie Solomon,Female,30,Bachelors,Austin,2015,Marketing,2,93600
10019,Sutton Price,Others,22,Bachelors,Chicago,2016,R&D,2,83600
10020,Aria Duncan,Female,37,Bachelors,Houston,2012,IT,3,104300
10021,Theodore Pollard,Male,28,Masters,Jacksonville,2017,HR,2,74300
10022,Clara Thomas,Female,36,Bachelors,Philadelphia,2017,Customer Service,2,78000
10023,Gianna Keith,Female,27,Bachelors,Austin,2015,IT,3,102400
10024,Raphael Cochran,Male,29,Bachelors,Jacksonville,2017,Operations,3,116700
10025,Hailey Gregory,Female,22,Bachelors,Columbus,2013,R&D,3,117400
10026,Alexander Adkins,Male,37,Bachelors,Houston,2016,R&D,3,115100
10027,Matthew Thompson,Male,23,Bachelors,Houston,2015,IT,3,98400
10028,Hector Gonzales,Male,31,Bachelors,New York City,2013,Customer Service,2,71500
10029,Anika Jordan,Female,30,Masters,San Jose,2017,Procurement & Supply Chain,2,79900
10030,Maya Ross,Female,25,PHD,Fort Worth,2013,Finance & Accounting,3,111300
10031,Lincoln Martinez,Male,23,Bachelors,Chicago,2014,IT,3,117500
10032,Jamie Howell,Male,26,Bachelors,Chicago,2018,R&D,3,104100
10033,Orion Wheeler,Others,40,Bachelors,Charlotte,2016,Procurement & Supply Chain,3,115000
10034,Martin Schultz,Male,37,Bachelors,"Washington, D.C.",2017,Customer Service,2,88000
10035,Tiana Nelson,Others,30,Bachelors,San Antonio,2014,Customer Service,1,43700
10036,Evan Compton,Male,29,Bachelors,Indianapolis,2012,Finance & Accounting,3,98200
10037,Kyle Denton,Male,34,Bachelors,New York City,2018,HR,2,81200
10038,Flynn Copeland,Others,29,Bachelors,Austin,2017,Finance & Accounting,2,85400
10039,Drake Brandt,Male,30,Bachelors,San Antonio,2014,Customer Service,3,105000
10040,Charlie Dennis,Male,36,Bachelors,Philadelphia,2015,Marketing,3,113900
10041,Alana Wheeler,Female,23,Masters,Jacksonville,2017,Marketing,2,82800
10042,Cleo Knox,Female,30,Bachelors,Columbus,2013,Procurement & Supply Chain,3,101300
10043,Osiris Irwin,Others,36,Bachelors,Boston,2014,Legal,3,115600
10044,Sarah Holt,Female,39,Bachelors,Jacksonville,2015,Customer Service,3,108200
10045,Jennifer Lamb,Female,23,Bachelors,Denver,2014,HR,3,106000
10046,River Montgomery,Male,27,PHD,Denver,2012,Procurement & Supply Chain,3,100100
10047,Malachi Chen,Male,35,Masters,Los Angeles,2013,HR,3,115600
10048,Amir Lucas,Others,34,Masters,Phoenix,2017,Sales,2,82200
10049,August Hall,Male,30,Bachelors,Denver,2013,Legal,3,118800
10050,Kiara Morrow,Female,34,PHD,New York City,2017,Procurement & Supply Chain,3,115400
10051,Georgia Baker,Female,26,Bachelors,Fort Worth,2015,Operations,2,85800
10052,Mabel Stanton,Female,34,Bachelors,Philadelphia,2016,Sales,3,106800
10053,Jasper Hebert,Male,31,Bachelors,Phoenix,2014,Finance & Accounting,3,106000
10054,Samantha Griffith,Female,31,Bachelors,"Washington, D.C.",2017,HR,3,107100
10055,Cara Morton,Others,28,PHD,San Diego,2013,Customer Service,3,100800
10056,Hailey Schultz,Female,38,Bachelors,San Diego,2016,IT,3,114400
10057,Lola Park,Female,39,Masters,Boston,2014,IT,3,113900
10058,Anthony Figueroa,Male,32,Bachelors,San Diego,2013,Finance & Accounting,3,104700
10059,Freya Whitney,Female,36,Masters,Austin,2017,Marketing,2,92700
10060,Neil Carver,Male,29,Masters,Austin,2013,Customer Service,3,106700
10061,Brady Houston,Male,30,Bachelors,Boston,2015,Finance & Accounting,3,116100
10062,Jean Willis,Female,25,PHD,Houston,2013,R&D,2,79300
10063,Ella Vincent,Female,22,Bachelors,Los Angeles,2014,Procurement & Supply Chain,1,51000
10064,Selena Michael,Female,34,Bachelors,Denver,2016,R&D,3,108300
10065,Edward Faulkner,Male,40,Bachelors,"Washington, D.C.",2018,Customer Service,3,99400
10066,Ellen Berger,Female,26,PHD,Philadelphia,2013,Procurement & Supply Chain,3,100700
10067,Brooke Savage,Female,28,Bachelors,New York City,2014,Finance & Accounting,3,118200
10068,Amara Hancock,Female,24,Bachelors,"Washington, D.C.",2015,R&D,3,116200
10069,Martin Kirkland,Male,40,Masters,Austin,2017,Operations,3,116400
10070,Grayson Morales,Male,23,Bachelors,Houston,2018,Procurement & Supply Chain,3,112500
10071,Celine Olsen,Female,31,Masters,Los Angeles,2017,HR,3,102500
10072,Scarlett Mason,Female,25,Bachelors,New York City,2014,Legal,3,109100
10073,Alice Meyer,Female,27,Bachelors,Austin,2014,Sales,1,67400
10074,Simone Ballard,Female,25,Masters,Charlotte,2017,Operations,2,81800
10075,Nicholas Colon,Male,40,Bachelors,Seattle,2015,HR,3,114200
10076,Spencer Ramsey,Male,23,Bachelors,Fort Worth,2014,Finance & Accounting,1,60300
10077,Camila Bennett,Female,23,Bachelors,Los Angeles,2017,IT,3,104900
10078,Karter Winters,Male,39,Bachelors,Boston,2012,R&D,3,118000
10079,Layla Juarez,Female,37,PHD,San Antonio,2015,Operations,1,42900
10080,Kody Webb,Male,38,Bachelors,Charlotte,2017,Procurement & Supply Chain,3,107800
10081,Maeve Wallace,Female,31,Bachelors,"Washington, D.C.",2013,Customer Service,3,112300
10082,Veronica Gross,Female,38,Bachelors,Fort Worth,2016,Procurement & Supply Chain,3,114200
10083,Shannon Rios,Female,25,Bachelors,Columbus,2017,Procurement & Supply Chain,3,118400
10084,Casey Vega,Male,27,Bachelors,Charlotte,2015,Legal,3,105000
10085,Amelia Everett,Female,36,Bachelors,Chicago,2016,Legal,2,81700
10086,Juliana Baker,Female,27,Bachelors,Austin,2017,Finance & Accounting,2,89200
10087,Sean Kirk,Male,32,Masters,New York City,2015,Operations,2,70200
10088,Mae Cobb,Female,28,Bachelors,Dallas,2014,IT,3,105900
10089,Shannon Durham,Female,32,Masters,Boston,2012,HR,3,119900
10090,Aurora Lucero,Female,30,Bachelors,Los Angeles,2018,Legal,3,99700
10091,Mallory Casey,Female,22,Bachelors,Indianapolis,2015,IT,3,99800
10092,Hadley Melendez,Female,34,Bachelors,New York City,2017,R&D,2,71900
10093,Samantha Simon,Female,36,Masters,New York City,2013,Customer Service,3,110600
10094,Amara Haynes,Female,39,Bachelors,San Antonio,2014,Sales,3,107600
10095,Peter Dawson,Male,26,PHD,Phoenix,2018,Finance & Accounting,3,107900
10096,Kennedy Berger,Female,31,Bachelors,Phoenix,2016,Procurement & Supply Chain,3,101700
10097,Clarence Wilkerson,Others,27,Bachelors,Indianapolis,2014,Legal,3,98500
10098,Neil Savage,Male,29,Bachelors,Dallas,2014,Sales,3,110500
10099,Jade Crosby,Female,24,Bachelors,Chicago,2015,Customer Service,3,103300
10100,William Medina,Male,25,Masters,San Jose,2012,Procurement & Supply Chain,3,112700
10101,Walter Sloan,Male,25,Bachelors,Boston,2013,Operations,3,107400
10102,Elliott Gaines,Male,26,Masters,Charlotte,2017,IT,3,103900
10103,Raina Love,Female,28,Bachelors,Phoenix,2015,Sales,2,94200
10104,Karla Kaufman,Female,28,Bachelors,Columbus,2017,Sales,3,103100
10105,Hannah Godfrey,Female,28,Masters,Los Angeles,2015,Sales,1,61800
10106,Selena Norris,Female,25,Masters,San Antonio,2015,Marketing,3,115700
10107,Natalia Dickerson,Female,28,Bachelors,San Antonio,2017,Customer Service,3,115700
10108,Jack Pena,Male,25,Masters,Chicago,2013,Sales,3,116300
10109,Emily Dillon,Female,25,Bachelors,Charlotte,2015,Operations,2,89400
10110,Hakeem Salazar,Others,27,Bachelors,Los Angeles,2015,Legal,3,109600
10111,Ashley Lee,Female,27,Bachelors,Indianapolis,2017,IT,2,73500
10112,Victoria Sparks,Female,27,Bachelors,Denver,2013,Marketing,3,110100
10113,Xander Swanson,Others,25,Bachelors,Jacksonville,2012,Legal,3,102000
10114,Juliet Lucero,Female,28,Masters,Indianapolis,2017,HR,2,88500
10115,Juliet Campos,Female,26,Bachelors,Jacksonville,2014,Legal,1,69800
10116,Josie Hansen,Female,28,Bachelors,Phoenix,2015,Procurement & Supply Chain,3,102600
10117,Lydia Velez,Female,26,Masters,Columbus,2013,R&D,3,106700
10118,Lily Kelly,Female,26,Bachelors,San Jose,2017,Customer Service,3,106900
10119,Lara Anderson,Others,25,Bachelors,"Washington, D.C.",2017,Sales,2,94700
10120,Farah Puckett,Others,28,Bachelors,Seattle,2012,Legal,1,47000
10121,Dorothy Graham,Female,26,PHD,Fort Worth,2015,Finance & Accounting,3,108400
10122,Matilda Chandler,Female,25,Bachelors,Indianapolis,2015,IT,3,105500
10123,Stella Doyle,Female,26,Bachelors,Austin,2012,Operations,3,114600
10124,Josiah Cole,Male,28,Bachelors,Dallas,2014,IT,3,104400
10125,Robert Ford,Male,24,Masters,"Washington, D.C.",2014,IT,3,110100
10126,Gerald Cook,Male,28,Bachelors,Dallas,2013,Legal,3,106800
10127,Celeste Bowman,Female,27,Bachelors,Houston,2015,Sales,3,117200
10128,Beau Gaines,Male,25,Bachelors,Columbus,2018,Finance & Accounting,3,115500
10129,Edith Perez,Female,24,Masters,Charlotte,2013,Legal,1,60200
10130,Eden Vargas,Female,26,Bachelors,San Antonio,2017,IT,3,118600
10131,Alison Mcconnell,Female,28,Bachelors,San Antonio,2013,Procurement & Supply Chain,3,117000
10132,Delia Hall,Female,27,Masters,Austin,2016,Finance & Accounting,3,116400
10133,Angela Gallagher,Female,26,Masters,"Washington, D.C.",2017,IT,3,115300
10134,Tom Meyer,Male,24,Masters,Philadelphia,2017,HR,2,82300
10135,Ellie Collins,Female,26,Masters,Boston,2018,Procurement & Supply Chain,3,99500
10136,Neil Adkins,Male,25,Masters,Charlotte,2017,Legal,1,46000
10137,Logan Wheeler,Male,28,Bachelors,San Antonio,2012,R&D,3,117800
10138,Pedro Keith,Male,28,Bachelors,San Antonio,2017,Marketing,3,115700
10139,Kyle Peck,Male,26,Bachelors,Austin,2013,Customer Service,3,111700
10140,Kennedy Cameron,Female,27,Masters,Fort Worth,2013,Procurement & Supply Chain,3,104900
10141,Nora Avery,Female,24,Bachelors,San Jose,2017,HR,2,94400
10142,Sylvia Grant,Female,28,Bachelors,Los Angeles,2017,Operations,3,103000
10143,Alina Hampton,Female,26,Bachelors,Jacksonville,2016,Marketing,3,108700
10144,Luna Zimmerman,Female,27,Bachelors,Chicago,2013,Operations,3,113300
10145,Dean Banks,Male,28,Masters,Indianapolis,2015,Finance & Accounting,2,77400
10146,Andrew Payne,Male,25,Bachelors,Phoenix,2014,Customer Service,3,113000
10147,Lily Benson,Female,28,Bachelors,Columbus,2016,HR,3,110700
10148,Thomas Kane,Male,25,Masters,San Diego,2013,HR,1,63400
10149,Aarav Blanchard,Others,26,Bachelors,Charlotte,2015,Customer Service,3,104700
10150,Isaiah Mann,Male,27,Bachelors,New York City,2018,R&D,3,110300
10151,Lyla Valdez,Others,24,Bachelors,Dallas,2016,Marketing,3,106300
10152,Andrea Dillon,Female,24,Bachelors,"Washington, D.C.",2012,HR,2,76900
10153,Melissa Weber,Female,26,Bachelors,"Washington, D.C.",2014,Marketing,3,100300
10154,Evan Richardson,Male,24,Bachelors,San Diego,2016,Customer Service,2,83400
10155,Kobe Atwood,Male,26,Masters,New York City,2012,Operations,3,102900
10156,Iris Fowler,Others,28,Bachelors,Indianapolis,2013,Sales,3,105600
10157,Madison Figueroa,Female,24,Bachelors,Fort Worth,2012,HR,3,106400
10158,Joshua Palmer,Male,25,Bachelors,Chicago,2015,R&D,3,113200
10159,Alisha Adkins,Others,28,Bachelors,Dallas,2016,Sales,3,102600
10160,Inaya Wells,Others,28,Bachelors,Houston,2014,Finance & Accounting,3,107400
10161,Tania Davis,Female,26,Bachelors,Seattle,2013,Procurement & Supply Chain,3,106200
10162,Camille Chandler,Female,24,Masters,New York City,2017,Customer Service,3,110500
10163,Tiana Keller,Others,25,Bachelors,Philadelphia,2016,Marketing,3,104500
10164,Adaline Medina,Female,25,Bachelors,New York City,2015,Procurement & Supply Chain,3,118700
10165,Aurora Franco,Female,27,Bachelors,Phoenix,2014,Sales,3,100700
10166,Cruz Cohen,Male,24,Bachelors,Philadelphia,2012,Procurement & Supply Chain,3,114500
10167,Russell Peters,Male,25,Bachelors,Dallas,2014,Marketing,3,116300
10168,Siena Michael,Others,28,Bachelors,Charlotte,2015,Operations,3,117500
10169,Elliot Joseph,Male,26,Masters,San Antonio,2015,Marketing,3,112900
10170,Tobias Hawkins,Male,28,Bachelors,Austin,2014,Finance & Accounting,3,101200
10171,Ophelia Miller,Female,25,Bachelors,Boston,2015,Sales,3,117800
10172,Karl Pacheco,Male,28,Masters,Indianapolis,2015,Procurement & Supply Chain,2,73000
10173,Milo Emerson,Male,27,Bachelors,Seattle,2014,Legal,3,104900
10174,Tiana Lloyd,Others,26,Bachelors,San Antonio,2013,IT,3,99900
10175,Dominic Velez,Male,26,Bachelors,Chicago,2016,Customer Service,3,116800
10176,Amira Solomon,Female,25,Bachelors,Fort Worth,2012,Finance & Accounting,3,115000
10177,Roman Griffin,Male,25,Bachelors,San Jose,2015,Legal,3,105200
10178,Eduardo Wilcox,Male,24,Bachelors,San Antonio,2014,Sales,3,117800
10179,Elliott Wheeler,Male,27,Bachelors,San Antonio,2012,Customer Service,3,112300
10180,Pedro Wilcox,Male,27,Masters,Jacksonville,2017,Sales,3,106100
10181,Marina Holden,Female,27,Bachelors,San Antonio,2015,HR,3,113100
10182,Bella Sweeney,Female,24,Bachelors,San Diego,2018,IT,3,108000
10183,Sonia Oconnell,Female,27,Masters,"Washington, D.C.",2017,IT,3,119200
10184,Naomi May,Female,28,Masters,Philadelphia,2017,Sales,2,95600
10185,Edward Dodson,Male,24,Masters,Houston,2017,Sales,2,95000
10186,Whitney Adkins,Female,25,Masters,Seattle,2016,Operations,3,111200
10187,Colton Crane,Others,28,PHD,Charlotte,2015,HR,3,100600
10188,Daniela Phillips,Others,26,Bachelors,San Diego,2017,HR,2,92100
10189,Drake Hancock,Male,27,Bachelors,New York City,2013,Finance & Accounting,2,96300
10190,Oscar Sandoval,Male,26,Bachelors,Philadelphia,2015,IT,3,113000
10191,Owen Salazar,Male,26,Bachelors,Phoenix,2015,Operations,3,114900
10192,Kelly Smith,Female,28,Bachelors,San Jose,2013,Sales,3,113300
10193,Sylvia Mayo,Female,27,Bachelors,Phoenix,2015,Marketing,3,107800
10194,June Schneider,Female,25,Bachelors,Philadelphia,2013,IT,3,106700
10195,Amelie Graves,Others,28,Bachelors,Indianapolis,2013,R&D,3,119100
10196,Gabriel Mendoza,Male,24,Bachelors,Los Angeles,2017,Procurement & Supply Chain,3,107600
10197,Annabelle Wolf,Female,27,Bachelors,Boston,2013,Finance & Accounting,3,100500
10198,Caroline Morales,Female,28,Bachelors,Columbus,2015,Operations,3,100200
10199,Francis Maynard,Male,28,Bachelors,Columbus,2015,Finance & Accounting,3,119200
10200,Avery Byrd,Male,25,Bachelors,New York City,2014,Finance & Accounting,2,75500
10201,Magnolia Lucas,Others,25,Bachelors,Denver,2014,IT,3,103400
10202,Leah Black,Female,27,Bachelors,Los Angeles,2017,IT,3,106900
10203,Valerie Mahoney,Female,26,Bachelors,Philadelphia,2014,Finance & Accounting,2,79600
10204,Paisley Hurley,Female,24,PHD,Dallas,2013,Finance & Accounting,3,112200
10205,Parker Herring,Male,26,Bachelors,"Washington, D.C.",2015,HR,2,81800
10206,Cassandra Cochran,Female,25,Bachelors,Phoenix,2017,HR,3,103400
10207,Flynn Decker,Others,27,Masters,Houston,2013,Customer Service,2,84100
10208,Keira Kirkland,Female,28,Masters,San Jose,2017,Operations,3,118100
10209,Yasmine Lewis,Female,25,Bachelors,New York City,2012,Marketing,3,114700
10210,Leo Kelly,Others,27,Bachelors,Indianapolis,2017,Finance & Accounting,3,112000
10211,Charlie Oliver,Male,27,Masters,"Washington, D.C.",2017,Sales,2,87900
10212,Tom Watkins,Male,28,Masters,San Jose,2013,Legal,2,70200
10213,Cesar Kaufman,Others,28,Masters,Dallas,2017,Customer Service,3,118000
10214,Amira Reese,Female,27,Bachelors,Jacksonville,2018,Marketing,3,110400
10215,Cora Nelson,Female,25,Bachelors,Seattle,2014,Sales,3,117800
10216,Miles Henry,Male,27,Masters,Fort Worth,2017,Marketing,3,106200
10217,Desiree Logan,Female,26,Masters,Denver,2013,Legal,3,115600
10218,Rowan Sanford,Female,25,Bachelors,San Diego,2013,HR,2,79100
10219,Brynn Dean,Female,26,Masters,San Diego,2012,IT,3,106900
10220,Kate Bryant,Others,25,Bachelors,Seattle,2016,Procurement & Supply Chain,3,118000
10221,Kiera Ludwig,Others,26,Bachelors,Boston,2013,Marketing,2,93500
10222,Blair Berry,Male,28,Bachelors,Houston,2018,HR,3,111900
10223,Rhea Doyle,Others,27,Bachelors,Denver,2013,Operations,3,109200
10224,Eden Lamb,Female,24,Bachelors,Columbus,2015,Sales,1,52600
10225,Eric Nash,Male,28,Bachelors,Austin,2013,HR,3,113700
10226,Michael Stone,Male,27,Bachelors,Charlotte,2015,Finance & Accounting,2,91000
10227,Marlon Pena,Male,25,Bachelors,Fort Worth,2018,IT,3,116800
10228,Cassandra Johns,Female,27,Bachelors,Fort Worth,2014,Marketing,2,76600
10229,Reagan Shaffer,Others,24,Bachelors,Phoenix,2013,Finance & Accounting,3,98900
10230,Bruno Howard,Others,24,Bachelors,Dallas,2014,Marketing,3,119200
10231,Kody Smith,Male,25,PHD,Columbus,2015,Customer Service,2,78000
10232,Kaia Hunt,Others,26,Bachelors,Dallas,2014,Sales,3,116200
10233,Anita Dennis,Female,24,Bachelors,Denver,2018,Sales,3,107700
10234,Carter Robertson,Male,25,Masters,New York City,2015,Customer Service,2,74700
10235,Eleanor Crawford,Female,24,Bachelors,Chicago,2015,Procurement & Supply Chain,3,114600
10236,Miles Payne,Male,24,Bachelors,"Washington, D.C.",2014,Legal,3,107700
10237,George Small,Male,26,Masters,Columbus,2017,Legal,2,91700
10238,Naomi Glenn,Female,28,Bachelors,Philadelphia,2012,Marketing,3,100500
10239,Addison Frederick,Others,26,Masters,Seattle,2017,R&D,2,86500
10240,Ellen Sexton,Female,25,Bachelors,San Diego,2016,Customer Service,3,109600
10241,Alicia Mccall,Female,24,Bachelors,Dallas,2017,Marketing,3,118300
10242,Athena Mann,Female,28,Bachelors,Denver,2013,R&D,2,84300
10243,Percy Spencer,Male,25,Bachelors,Boston,2014,Marketing,3,101700
10244,Talia Haley,Female,25,Bachelors,Fort Worth,2014,Operations,3,116700
10245,Jaden Buckley,Male,24,Bachelors,Dallas,2014,R&D,2,78800
10246,Colton Whitaker,Others,28,Bachelors,San Antonio,2015,R&D,3,117300
10247,Jasper Holmes,Male,27,Bachelors,Columbus,2015,R&D,3,100100
10248,Erica Hoffman,Female,26,Bachelors,Indianapolis,2016,Sales,3,104600
10249,Eduardo Oconnell,Male,26,Masters,Jacksonville,2015,Finance & Accounting,3,113700
10250,Veronica Webster,Female,28,Bachelors,Jacksonville,2016,IT,1,65000
10251,Tyler Lee,Male,25,Bachelors,Philadelphia,2014,IT,3,112600
10252,India Maynard,Others,27,Bachelors,Charlotte,2014,R&D,3,102100
10253,Dylan Dunn,Male,28,Bachelors,"Washington, D.C.",2017,Legal,3,107000
10254,Dorothy Klein,Female,24,Masters,Seattle,2018,Customer Service,3,115500
10255,Ana Kelley,Female,25,Bachelors,Philadelphia,2017,Procurement & Supply Chain,2,92900
10256,Victoria Garner,Female,24,Bachelors,Fort Worth,2018,Legal,2,82800
10257,Valentina Walton,Female,28,Masters,San Jose,2017,HR,2,77800
10258,Inaya Barton,Others,27,Bachelors,Phoenix,2013,Marketing,1,44100
10259,Mila Rhodes,Female,27,Bachelors,Fort Worth,2017,IT,2,78700
10260,Eliseo Heath,Others,28,Bachelors,Boston,2017,Sales,3,106600
10261,Marcus Richards,Male,27,Bachelors,"Washington, D.C.",2016,Sales,2,96000
10262,Neha Swanson,Female,24,Masters,San Jose,2018,Sales,3,112600
10263,Bonnie Savage,Female,26,Bachelors,Fort Worth,2012,Finance & Accounting,1,56100
10264,Elijah Sweet,Male,26,Bachelors,Chicago,2016,R&D,3,113900
10265,Reagan Patterson,Others,27,Masters,Jacksonville,2016,R&D,1,65200
10266,Jillian Blackburn,Female,26,Bachelors,Austin,2015,Legal,3,108300
10267,Aspen Dixon,Female,27,Bachelors,Austin,2012,R&D,3,108700
10268,Athena Valdez,Female,24,Bachelors,Houston,2013,R&D,3,112600
10269,Irene Mendoza,Others,26,Bachelors,San Antonio,2018,Customer Service,3,102500
10270,Sean Reese,Male,26,Masters,"Washington, D.C.",2017,HR,2,85300
10271,Jack Tillman,Male,28,Masters,San Jose,2017,Finance & Accounting,2,82900
10272,Aiden Norton,Others,28,Bachelors,Phoenix,2013,Sales,3,115000
10273,Talia Mclaughlin,Female,25,Masters,Dallas,2013,IT,3,115600
10274,Monica Mcpherson,Female,28,Bachelors,Charlotte,2018,Finance & Accounting,3,98200
10275,Felix Mccarthy,Male,27,Bachelors,Chicago,2013,HR,3,100600
10276,Aarav Bolton,Others,25,Bachelors,Phoenix,2012,Customer Service,3,107000
10277,Ethan Leary,Male,28,Bachelors,San Antonio,2014,R&D,3,110900
10278,Elsa Lowe,Female,28,Bachelors,Chicago,2017,HR,3,106200
10279,Kaleb Underwood,Male,28,Masters,San Diego,2017,Legal,2,80800
10280,Karl York,Male,25,Bachelors,Jacksonville,2014,Finance & Accounting,3,109700
10281,Kiera Moody,Others,26,Masters,Los Angeles,2017,Sales,3,117400
10282,Coraline Anderson,Others,25,Bachelors,Los Angeles,2015,Sales,1,60400
10283,India Mcdonald,Others,27,Masters,Indianapolis,2013,HR,3,117900
10284,Pauline Allison,Female,24,PHD,Indianapolis,2014,HR,3,98100
10285,Dominic Combs,Male,27,Masters,Chicago,2017,Procurement & Supply Chain,2,80200
10286,Lucia French,Female,26,Bachelors,San Diego,2018,IT,3,98900
10287,Yosef Norton,Others,26,Bachelors,Charlotte,2012,Sales,3,107300
10288,Yvette Roberts,Female,27,Masters,Boston,2015,Legal,3,117000
10289,Veronica Mccarthy,Female,26,Bachelors,Houston,2018,Customer Service,3,102800
10290,Colin Jordan,Male,24,Bachelors,San Antonio,2016,Sales,3,109600
10291,Eden Meyer,Female,25,Masters,San Diego,2017,HR,2,91100
10292,Chase Gilmore,Male,28,Bachelors,Phoenix,2017,Operations,2,96600
10293,Bianca Kline,Female,27,Bachelors,Columbus,2012,Finance & Accounting,3,114700
10294,Sterling Ross,Male,26,Masters,Boston,2013,HR,3,104500
10295,Ethan Cole,Male,26,Bachelors,San Jose,2015,Customer Service,3,102900
10296,Amir Atwood,Others,28,Bachelors,Philadelphia,2014,Procurement & Supply Chain,3,102700
10297,Jessica Davis,Female,24,Bachelors,"Washington, D.C.",2016,Sales,3,116800
10298,Siena Warren,Others,28,Bachelors,San Diego,2012,Operations,3,107300
10299,Leslie Holcomb,Female,27,Bachelors,Phoenix,2012,IT,3,108100
10300,Abigail Owens,Female,26,Bachelors,Austin,2013,Operations,3,118400
10301,Keegan Hardy,Others,28,Bachelors,Jacksonville,2014,IT,3,118700
10302,Theo Kendall,Male,27,Bachelors,Fort Worth,2014,Operations,3,106400
10303,Madeline Perez,Female,26,Bachelors,Houston,2015,Marketing,3,106700
10304,Elliott Maxwell,Male,26,Masters,Phoenix,2014,HR,3,105300
10305,William Stevenson,Male,25,PHD,Boston,2015,Legal,3,103700
10306,Raina Strickland,Female,25,Masters,New York City,2015,Legal,3,115300
10307,Karl Griffin,Male,27,Bachelors,Columbus,2012,Operations,3,112200
10308,Hailey Holt,Female,24,Masters,Seattle,2017,Legal,2,95900
10309,Caroline Marks,Female,24,Bachelors,Fort Worth,2016,Legal,3,101200
10310,Blake Pollard,Male,28,Masters,Charlotte,2015,IT,3,104600
10311,Atlas Harris,Others,24,Bachelors,New York City,2017,Sales,3,114000
10312,Arya Fitzgerald,Others,25,Bachelors,San Jose,2017,Sales,3,100800
10313,Spencer Wright,Male,25,Bachelors,Philadelphia,2017,Finance & Accounting,1,70000
10314,Gabriel Kramer,Male,28,Masters,San Antonio,2015,HR,3,98900
10315,Selena Bailey,Female,26,Bachelors,New York City,2017,Finance & Accounting,3,109200
10316,Brandon Campbell,Male,24,Bachelors,Dallas,2014,IT,3,106300
10317,August Wyatt,Male,25,Bachelors,Fort Worth,2014,Legal,3,102400
10318,Eric Watts,Male,26,Bachelors,"Washington, D.C.",2018,Sales,3,113400
10319,Felix Ashley,Male,27,Bachelors,Seattle,2016,Procurement & Supply Chain,3,108000
10320,Drake Ochoa,Male,28,Bachelors,San Jose,2017,Customer Service,3,102500
10321,Harrison Sutton,Male,28,Bachelors,Houston,2012,IT,3,110500
10322,Violet Blackburn,Female,24,Masters,Boston,2012,Finance & Accounting,3,106500
10323,Amelie Robles,Others,26,Bachelors,Dallas,2013,IT,3,98200
10324,Evan Valdez,Male,26,Bachelors,Fort Worth,2015,Marketing,3,113700
10325,Hakeem Hoffman,Others,28,Bachelors,Denver,2017,Finance & Accounting,3,101400
10326,Savannah Todd,Female,25,Bachelors,Austin,2018,Customer Service,3,118700
10327,Tania Rocha,Female,24,Masters,Los Angeles,2017,Customer Service,3,104400
10328,Renee Huff,Female,28,Bachelors,New York City,2013,Finance & Accounting,3,109100
10329,Karl Cabrera,Male,24,Bachelors,Chicago,2017,Operations,3,100000
10330,Anthony Whitaker,Male,25,Masters,Boston,2017,Legal,2,77700
10331,Stephen Roman,Male,28,Bachelors,Boston,2013,HR,2,73900
10332,Toby Armstrong,Male,24,Bachelors,Austin,2015,Customer Service,3,117600
10333,Valerie Salinas,Female,26,Bachelors,Charlotte,2016,Finance & Accounting,3,115800
10334,Marie Snider,Female,27,Bachelors,Indianapolis,2015,Procurement & Supply Chain,2,74700
10335,Lincoln Stark,Male,24,Bachelors,Phoenix,2018,IT,3,111600
10336,Riley Humphrey,Male,27,Bachelors,"Washington, D.C.",2013,Marketing,3,101000
10337,Kian Callahan,Others,24,Bachelors,Jacksonville,2013,Procurement & Supply Chain,3,102600
10338,Adam Haynes,Male,24,Bachelors,Philadelphia,2013,Legal,3,99300
10339,Nolan Luna,Male,27,Bachelors,New York City,2013,Operations,3,113800
10340,Douglas Ford,Male,26,Bachelors,Jacksonville,2017,Procurement & Supply Chain,3,103200
10341,Camila Logan,Female,24,Bachelors,Philadelphia,2015,R&D,3,119000
10342,Delia Schneider,Female,24,Bachelors,San Antonio,2012,HR,3,111700
10343,Leila Guerrero,Female,24,Bachelors,Charlotte,2016,Legal,3,106300
10344,Greta Compton,Female,28,Bachelors,"Washington, D.C.",2012,Customer Service,3,98600
10345,Mia Nichols,Female,27,Bachelors,San Antonio,2017,R&D,2,79200
10346,Flynn Black,Others,27,Bachelors,Chicago,2012,Procurement & Supply Chain,2,83000
10347,Yasmin Whitney,Female,27,Masters,San Antonio,2017,HR,2,81900
10348,Audrey Carpenter,Female,24,Bachelors,San Antonio,2017,Marketing,2,87300
10349,Walker York,Male,26,Bachelors,Chicago,2016,IT,1,48700
10350,Benjamin Snyder,Male,26,Bachelors,Indianapolis,2015,Legal,3,100400
10351,Kiara Anderson,Female,25,Bachelors,Houston,2016,R&D,3,114200
10352,Lincoln Lindsay,Male,26,Bachelors,Charlotte,2012,HR,3,104500
10353,Gemma Holden,Female,28,Bachelors,Indianapolis,2017,Operations,3,104500
10354,Isla Norris,Female,25,Bachelors,Boston,2012,Marketing,3,110900
10355,Dora Fletcher,Female,25,Bachelors,Indianapolis,2017,Customer Service,3,100800
10356,Ivan Lang,Male,26,Masters,Austin,2017,Finance & Accounting,2,73700
10357,Remy Love,Male,28,Masters,Fort Worth,2017,Customer Service,3,108900
10358,Matthew York,Male,25,Masters,Los Angeles,2015,Marketing,2,86100
10359,Bianca Gonzales,Female,26,Bachelors,"Washington, D.C.",2017,Sales,2,90300
10360,Keira Shannon,Female,26,Bachelors,Fort Worth,2017,Procurement & Supply Chain,2,97900
10361,Elena Hood,Female,27,Bachelors,Dallas,2016,Customer Service,3,110500
10362,Dorothy Snider,Female,27,Bachelors,Dallas,2017,HR,3,100100
10363,Remy Melendez,Male,24,Bachelors,Denver,2015,R&D,3,120000
10364,Beatrice Webster,Female,26,Masters,Los Angeles,2017,Procurement & Supply Chain,1,57300
10365,Leah Albert,Female,28,Bachelors,Denver,2017,Procurement & Supply Chain,1,67200
10366,Dakota Reilly,Female,24,Bachelors,Indianapolis,2015,Operations,3,119900
10367,Jake Vines,Male,25,Masters,Austin,2015,Marketing,2,80700
10368,Emmanuel Mcdaniel,Male,25,Bachelors,San Antonio,2014,Marketing,3,98200
10369,Vanessa Ashley,Female,28,Bachelors,New York City,2014,HR,3,116300
10370,Gideon Nicholson,Male,28,Bachelors,Fort Worth,2017,Procurement & Supply Chain,3,108000
10371,Mina Kelley,Female,27,Masters,Indianapolis,2015,R&D,1,60700
10372,Madeline Sloan,Female,26,Bachelors,Seattle,2014,HR,1,69000
10373,Nathaniel Woodward,Male,25,Masters,San Antonio,2018,HR,3,111000
10374,Devin Sullivan,Male,28,Bachelors,New York City,2016,Legal,3,108300
10375,Layla Newton,Female,26,Bachelors,Austin,2018,IT,3,110700
10376,Malcolm Gill,Male,24,Bachelors,Houston,2015,Sales,2,97700
10377,Owen Yates,Male,27,Bachelors,Austin,2017,Operations,3,100500
10378,Rebecca Crow,Female,26,Bachelors,Fort Worth,2014,Procurement & Supply Chain,3,104200
10379,Noelle Gibson,Female,24,Bachelors,Jacksonville,2014,Finance & Accounting,3,109600
10380,Joel Payne,Male,28,Bachelors,Austin,2016,Customer Service,3,105600
10381,Wesley Brewer,Male,25,Bachelors,San Diego,2015,Finance & Accounting,2,85700
10382,Victoria Miller,Female,27,Bachelors,"Washington, D.C.",2013,Finance & Accounting,3,98200
10383,Harrison Prince,Male,28,Bachelors,Philadelphia,2015,Sales,3,104100
10384,Anders Colon,Male,26,Bachelors,Philadelphia,2014,Sales,3,111000
10385,Sofia Dejesus,Female,24,Bachelors,San Jose,2012,Legal,3,112800
10386,Hadley Garcia,Female,27,Bachelors,Indianapolis,2013,Legal,3,102900
10387,Alaric Cantrell,Others,26,Bachelors,Boston,2015,IT,3,115000
10388,Giselle Nichols,Female,28,Bachelors,Denver,2015,IT,3,103100
10389,Kate Hester,Others,24,Bachelors,Austin,2014,Finance & Accounting,2,77200
10390,Hadley Solis,Female,24,Bachelors,Austin,2013,HR,3,103600
10391,Hudson Mayer,Male,28,Bachelors,Houston,2018,Finance & Accounting,3,100000
10392,Karl Mckay,Male,27,Bachelors,Denver,2015,Legal,3,107100
10393,Gianna Wright,Female,26,Bachelors,Indianapolis,2014,Customer Service,2,74500
10394,Nicole Tyson,Female,25,Bachelors,San Antonio,2016,Finance & Accounting,3,109400
10395,Marcus Hutchinson,Male,25,PHD,Fort Worth,2013,Sales,3,106700
10396,Aleena Mccormick,Female,25,Bachelors,New York City,2014,Customer Service,3,114700
10397,June Jeffers,Female,28,Bachelors,Dallas,2017,Marketing,2,78800
10398,Amir Winters,Others,26,Bachelors,Dallas,2015,IT,1,49500
10399,Whitney Fowler,Female,26,Masters,Philadelphia,2017,Operations,3,104900
10400,Mia Griffith,Female,27,Bachelors,San Antonio,2014,Legal,3,116200
10401,Lara Goldman,Others,24,Bachelors,New York City,2012,Legal,3,98300
10402,Ivy Leach,Female,24,Bachelors,Houston,2017,IT,2,70400
10403,Edward Cross,Male,26,Bachelors,San Diego,2015,R&D,3,98200
10404,Cecilia Holloway,Female,26,Bachelors,San Jose,2012,Operations,3,119400
10405,Kennedy Robles,Female,24,Bachelors,Boston,2015,Sales,3,104500
10406,India Ellison,Others,25,Masters,San Jose,2014,Operations,3,117000
10407,Evelyn Dawson,Female,28,Bachelors,Denver,2015,IT,3,99300
10408,Sara Potter,Female,24,Bachelors,New York City,2016,Marketing,3,119900
10409,Brynn Cantrell,Female,26,Bachelors,Chicago,2016,Customer Service,3,113100
10410,Kobe Kline,Male,25,Bachelors,San Diego,2015,Sales,2,85600
10411,Evelyn Mccall,Female,25,Masters,Phoenix,2013,Sales,2,93500
10412,Karla Calhoun,Female,25,Bachelors,Houston,2017,Finance & Accounting,3,106900
10413,Graham Perry,Male,26,Bachelors,New York City,2015,Marketing,2,77300
10414,Theo Spencer,Male,26,Masters,Jacksonville,2015,IT,2,89700
10415,Dora Rodgers,Female,27,Bachelors,Phoenix,2012,Customer Service,3,114500
10416,Griffin Herman,Male,28,Masters,Dallas,2017,IT,3,98400
10417,Molly Morales,Female,25,Bachelors,Jacksonville,2016,Operations,3,98100
10418,Shannon Snyder,Female,24,Bachelors,Charlotte,2016,R&D,3,108800
10419,Tiana Walton,Others,28,Bachelors,Fort Worth,2016,Finance & Accounting,3,112600
10420,Mara Harrell,Others,27,Bachelors,Los Angeles,2013,Finance & Accounting,3,105700
10421,Leon Ellison,Male,26,Bachelors,Charlotte,2015,IT,3,103000
10422,Amelia Manning,Female,27,Bachelors,"Washington, D.C.",2016,Sales,3,106200
10423,Giselle Mcclain,Female,27,Bachelors,"Washington, D.C.",2017,Marketing,2,72900
10424,Carlos Nichols,Male,27,Bachelors,Los Angeles,2012,IT,3,100800
10425,Ella Kendall,Female,25,PHD,Chicago,2018,HR,3,115600
10426,Edward Emerson,Male,27,Bachelors,Charlotte,2014,IT,3,99600
10427,Daria Campbell,Others,26,Bachelors,Phoenix,2013,Operations,3,118600
10428,Micah Simmons,Male,24,Masters,San Jose,2017,Finance & Accounting,2,78200
10429,Celine Oneal,Female,28,PHD,Fort Worth,2016,Marketing,2,87800
10430,Opal Lang,Female,26,Masters,Jacksonville,2014,Procurement & Supply Chain,3,115200
10431,Percy Key,Male,27,Masters,Los Angeles,2017,Sales,2,90400
10432,Charlotte Kane,Female,27,PHD,Seattle,2013,Marketing,3,104100
10433,Evelyn Nixon,Female,28,Masters,Denver,2014,Legal,3,101400
10434,Laura Beasley,Female,27,Bachelors,Austin,2017,R&D,3,100500
10435,Angel Richmond,Female,26,Bachelors,Los Angeles,2015,HR,3,99000
10436,Anne Watkins,Female,26,Masters,Columbus,2014,Procurement & Supply Chain,3,107400
10437,Kevin Matthews,Male,27,Masters,Philadelphia,2012,Customer Service,3,102400
10438,Juliana Roth,Female,26,Bachelors,Boston,2017,HR,3,102600
10439,Alexander Vargas,Male,27,Masters,Phoenix,2017,HR,2,91500
10440,Cruz Black,Male,27,Bachelors,Phoenix,2017,Procurement & Supply Chain,3,104400
10441,Pauline Acosta,Female,25,Bachelors,Los Angeles,2016,Finance & Accounting,3,117500
10442,Bruno Robinson,Others,27,Bachelors,Philadelphia,2016,Customer Service,3,103100
10443,Dakota Schultz,Female,25,Bachelors,Columbus,2014,IT,3,119900
10444,Roger Rowe,Male,28,Bachelors,Jacksonville,2017,Finance & Accounting,3,107500
10445,Karla Arnold,Female,24,Masters,New York City,2012,Customer Service,3,119000
10446,Sterling Boyd,Male,25,Bachelors,San Diego,2014,Finance & Accounting,3,110200
10447,Yvette Miller,Female,25,Bachelors,Columbus,2013,Operations,2,85000
10448,Evan Cochran,Male,27,Bachelors,Jacksonville,2012,Procurement & Supply Chain,3,108300
10449,Daisy Horn,Female,26,Bachelors,Phoenix,2017,Customer Service,3,109700
10450,Julia Watkins,Female,26,Bachelors,Austin,2013,Procurement & Supply Chain,3,119200
10451,Jade Richmond,Female,24,Bachelors,Dallas,2016,Operations,3,109800
10452,Bradley Ward,Male,25,Bachelors,Boston,2014,Sales,3,112200
10453,Katherine Hebert,Female,25,Bachelors,"Washington, D.C.",2015,Operations,3,107400
10454,Alexander Brewer,Male,24,PHD,Jacksonville,2012,Procurement & Supply Chain,3,116600
10455,Felix Gould,Male,27,Bachelors,New York City,2013,Customer Service,3,114800
10456,Tyler Gomez,Male,25,Bachelors,Columbus,2015,Finance & Accounting,3,117300
10457,Theodore Brandt,Male,26,Bachelors,Los Angeles,2016,Procurement & Supply Chain,3,104100
10458,Tamara Woodard,Female,24,Masters,Denver,2015,HR,3,112400
10459,Valentina Leach,Female,26,Bachelors,Denver,2012,IT,3,106000
10460,James Munoz,Male,24,Bachelors,Fort Worth,2013,Procurement & Supply Chain,3,99600
10461,Kaia Gallagher,Others,24,Masters,Fort Worth,2017,IT,3,103300
10462,Paul Hampton,Male,25,Bachelors,Columbus,2014,R&D,1,58200
10463,Shannon Raymond,Female,28,Bachelors,San Antonio,2018,Legal,3,111900
10464,Preston Powell,Male,28,Bachelors,Los Angeles,2017,Operations,3,117700
10465,Ruby Sweeney,Female,28,Masters,Seattle,2013,IT,3,118300
10466,Gemma Whitney,Female,26,Bachelors,Charlotte,2013,Marketing,3,108600
10467,Lucia Andrews,Female,24,Masters,Austin,2018,Procurement & Supply Chain,1,47000
10468,Maeve Mcdaniel,Female,25,Bachelors,"Washington, D.C.",2012,Sales,3,102400
10469,Mae Dejesus,Female,27,PHD,Phoenix,2013,Sales,2,74000
10470,Chris Reynolds,Male,28,Masters,San Antonio,2018,Procurement & Supply Chain,3,113900
10471,Sterling Walker,Male,28,Bachelors,Seattle,2014,HR,3,110300
10472,Jake Corbett,Male,27,Bachelors,Denver,2014,IT,3,106400
10473,Robin Mills,Male,24,Bachelors,Fort Worth,2013,HR,3,100100
10474,Hallie Bullock,Female,28,Bachelors,Dallas,2015,Operations,2,72400
10475,Clover Bruce,Others,26,Bachelors,Columbus,2015,Finance & Accounting,2,89400
10476,Julia Maxwell,Female,28,Bachelors,Phoenix,2017,Marketing,2,71400
10477,Sasha Hale,Female,27,Masters,Dallas,2012,Operations,3,101100
10478,Mae Reese,Female,25,Masters,Indianapolis,2017,R&D,3,98500
10479,Nadia Townsend,Female,25,Masters,Denver,2013,HR,2,81500
10480,Russell Cook,Male,27,Masters,Jacksonville,2017,Legal,2,92400
10481,Elliott Fleming,Male,24,Bachelors,Indianapolis,2017,Customer Service,3,112100
10482,David Mann,Male,24,Bachelors,Chicago,2016,Finance & Accounting,2,74700
10483,Gerald Ellison,Male,26,Bachelors,Chicago,2012,R&D,3,116100
10484,Isaac Lester,Male,24,Bachelors,Philadelphia,2012,Finance & Accounting,3,102500
10485,Anita Pearson,Female,24,Masters,Charlotte,2017,R&D,2,77600
10486,Enzo Harris,Male,25,Bachelors,New York City,2015,Legal,2,95300
10487,Isaiah Mcmahon,Male,26,Bachelors,Boston,2015,Finance & Accounting,3,100400
10488,Troy Parker,Male,24,Bachelors,San Jose,2013,Procurement & Supply Chain,2,81500
10489,Samuel Short,Male,25,Bachelors,Houston,2013,Customer Service,3,104000
10490,Jenna Bernard,Female,28,PHD,Los Angeles,2015,IT,2,91700
10491,Spencer Eaton,Male,24,Bachelors,Los Angeles,2016,Sales,3,102800
10492,Reid Robbins,Male,24,Bachelors,San Jose,2017,Operations,3,112300
10493,Maddie Stephenson,Others,27,Bachelors,San Jose,2016,Finance & Accounting,3,98800
10494,Rafael Pierce,Male,25,Bachelors,Houston,2017,Finance & Accounting,3,108900
10495,Kobe Noble,Male,27,Masters,New York City,2014,HR,3,105100
10496,Paige Hart,Female,27,Bachelors,Dallas,2016,Operations,3,102400
10497,Alisha Lyons,Others,28,Bachelors,Fort Worth,2016,Operations,3,114900
10498,Kendall Keith,Male,25,Bachelors,Jacksonville,2018,Customer Service,3,117600
10499,Amira Byrd,Female,26,Bachelors,"Washington, D.C.",2013,Procurement & Supply Chain,3,116400
10500,Mallory Dawson,Female,25,Bachelors,"Washington, D.C.",2015,Marketing,3,101800
10501,Erin Haley,Female,25,Bachelors,Columbus,2017,HR,2,96400
10502,Barbara Riddle,Female,25,Bachelors,San Diego,2012,Marketing,3,106500
10503,David Macdonald,Male,28,Bachelors,San Jose,2014,Customer Service,3,110100
10504,Jillian Nash,Female,27,Bachelors,Dallas,2017,Procurement & Supply Chain,2,70600
10505,David Lyons,Male,26,Bachelors,San Diego,2018,IT,3,100600
10506,Eduardo Mcconnell,Male,28,Masters,Columbus,2014,IT,3,109700
10507,Kamila Holcomb,Others,27,Bachelors,Fort Worth,2013,Sales,3,115700
10508,Josiah Diaz,Male,25,Masters,San Antonio,2017,Marketing,3,99400
10509,Eli Wilson,Male,28,Bachelors,New York City,2018,Customer Service,3,113400
10510,Alanzo Hammond,Others,24,Bachelors,"Washington, D.C.",2016,Operations,3,101700
10511,Aaron Hood,Male,24,Bachelors,Jacksonville,2012,Procurement & Supply Chain,3,107500
10512,Willow Jeffers,Female,28,Bachelors,Boston,2015,Operations,3,104000
10513,Erica Daugherty,Female,24,Bachelors,Columbus,2014,R&D,3,98600
10514,Jasmine Molina,Female,27,Bachelors,Dallas,2013,Legal,3,109500
10515,Jocelyn Booth,Female,24,Bachelors,New York City,2016,HR,3,113800
10516,Clayton Murray,Male,25,Bachelors,Denver,2012,Sales,3,119500
10517,Noah Hines,Male,28,Bachelors,Charlotte,2012,Finance & Accounting,3,98800
10518,Joanna Perez,Female,25,Bachelors,Los Angeles,2018,Sales,3,110500
10519,Connor Jennings,Male,27,Bachelors,Austin,2014,Finance & Accounting,3,117400
10520,Adan Hughes,Others,27,Bachelors,Charlotte,2016,R&D,3,114200
10521,Eric Ross,Male,24,Masters,Boston,2015,R&D,2,80000
10522,Kara Quinn,Female,24,Masters,Chicago,2014,Finance & Accounting,3,103600
10523,Imogen Serrano,Others,25,Bachelors,Boston,2013,Operations,3,104000
10524,Walter Burke,Male,24,Masters,Dallas,2017,HR,3,105000
10525,Alana Vincent,Female,25,Bachelors,Los Angeles,2015,Procurement & Supply Chain,3,115600
10526,Alanzo Webb,Others,24,Bachelors,"Washington, D.C.",2017,IT,3,106800
10527,Karl Cox,Male,28,Bachelors,Austin,2017,Finance & Accounting,2,85200
10528,Anaya Odom,Others,28,Bachelors,Chicago,2016,R&D,3,114400
10529,Sofia Manning,Female,24,PHD,Fort Worth,2014,Marketing,3,103500
10530,Corey Shaffer,Male,26,Masters,San Diego,2017,Marketing,2,73900
10531,Lily Gallagher,Female,25,Masters,San Jose,2018,Customer Service,3,101100
10532,Sage Strickland,Male,28,Bachelors,Denver,2014,HR,3,108000
10533,Amaya Rush,Female,25,Bachelors,Denver,2014,Customer Service,3,100000
10534,Amelia Hamilton,Female,28,Bachelors,Jacksonville,2018,HR,3,108200
10535,Isabel Silva,Female,25,Masters,Indianapolis,2017,Marketing,2,81100
10536,Kimberly Willis,Female,28,Masters,San Antonio,2013,Legal,3,111300
10537,Grace Lee,Female,26,Bachelors,Philadelphia,2014,HR,3,108000
10538,Ansel Reeves,Others,25,Masters,San Antonio,2017,HR,2,73200
10539,Gideon Bishop,Male,25,Masters,Boston,2013,R&D,3,114100
10540,Isaac Evans,Male,25,Bachelors,Charlotte,2016,Marketing,3,115900
10541,Walter Brockman,Male,24,Bachelors,New York City,2018,Sales,3,108700
10542,Taylor Kaufman,Male,26,Masters,Phoenix,2017,Operations,2,72200
10543,Carson Dunn,Male,24,Bachelors,San Antonio,2013,Legal,3,116800
10544,Micah Cabrera,Male,28,Bachelors,Phoenix,2013,Marketing,3,107000
10545,Bodhi Tran,Others,28,Masters,Indianapolis,2015,Sales,3,116300
10546,Blake Salazar,Male,27,Bachelors,Austin,2015,Customer Service,2,82200
10547,Margaret Acosta,Female,27,Masters,Indianapolis,2014,Procurement & Supply Chain,2,84100
10548,Simon Shaw,Male,27,Bachelors,Houston,2017,IT,2,96200
10549,Scott Mason,Male,26,Bachelors,Austin,2012,Marketing,3,103000
10550,Coraline Atwood,Others,27,Masters,San Antonio,2015,R&D,1,41300
10551,Freya Jennings,Female,28,Bachelors,Boston,2013,Legal,1,50900
10552,Georgia Boone,Female,26,Bachelors,Philadelphia,2012,Finance & Accounting,2,91300
10553,Chase Dejesus,Male,27,Bachelors,Jacksonville,2013,HR,3,108300
10554,Alistair Reeves,Male,25,Masters,Philadelphia,2017,Operations,2,97600
10555,Dean Jefferson,Male,27,Bachelors,Austin,2017,Sales,3,105200
10556,Rachel Whitney,Female,24,Bachelors,Denver,2012,R&D,3,109200
10557,James Cottrell,Male,26,Bachelors,Denver,2017,Legal,3,113800
10558,Beckett Rowland,Male,28,Bachelors,Los Angeles,2014,Marketing,3,110000
10559,Amy Farley,Female,25,Bachelors,San Antonio,2015,HR,3,98900
10560,Mateo House,Male,28,Bachelors,"Washington, D.C.",2015,Marketing,2,97600
10561,Edith Dawson,Female,24,Bachelors,Fort Worth,2017,Sales,3,116000
10562,Leon Collins,Male,27,Bachelors,Charlotte,2016,HR,3,106900
10563,Oscar Hays,Male,25,Bachelors,Chicago,2012,Operations,3,116900
10564,Sadie Kerr,Female,25,Masters,Indianapolis,2018,Marketing,3,115200
10565,Dorian Mccoy,Male,26,Bachelors,Columbus,2015,Legal,3,119000
10566,Emmanuel Zimmerman,Male,26,Bachelors,San Jose,2014,R&D,3,101400
10567,Xenia Stafford,Others,27,PHD,Dallas,2017,Marketing,3,114700
10568,Alana Donovan,Female,26,Bachelors,Boston,2012,HR,3,98500
10569,Daniela Haynes,Others,26,Bachelors,Houston,2016,Procurement & Supply Chain,3,103900
10570,Nicholas Russo,Male,28,Bachelors,San Antonio,2017,Operations,3,117400
10571,Henry Glover,Male,25,Bachelors,Boston,2014,Legal,3,118800
10572,Desiree Morton,Female,28,Bachelors,Chicago,2013,Sales,3,113100
10573,Lucian Massey,Others,25,Bachelors,Jacksonville,2017,Procurement & Supply Chain,3,111100
10574,Tiana Logan,Others,27,Bachelors,Seattle,2018,Procurement & Supply Chain,3,109400
10575,Drew Stokes,Male,26,Bachelors,Philadelphia,2017,Operations,3,118500
10576,Andre Mendoza,Male,25,Bachelors,New York City,2017,R&D,2,83200
10577,Jasmine Porter,Female,26,Bachelors,San Diego,2017,Operations,2,85500
10578,Elora Mitchell,Others,28,Bachelors,San Jose,2015,Sales,3,110300
10579,Tyler Weaver,Male,26,Masters,San Diego,2017,Finance & Accounting,2,91100
10580,Magnolia Blanchard,Others,28,Masters,Boston,2015,IT,3,104000
10581,Elena Matthews,Female,25,Bachelors,Columbus,2012,Marketing,2,86400
10582,Winnie Fletcher,Female,25,Bachelors,Seattle,2016,Customer Service,3,99000
10583,Finn Mueller,Male,26,Masters,"Washington, D.C.",2017,Finance & Accounting,2,79300
10584,Kate Lucero,Others,25,Bachelors,Columbus,2014,Operations,3,98700
10585,Aaron Patel,Male,25,Bachelors,Fort Worth,2014,Marketing,3,103000
10586,Atlas Gates,Others,26,PHD,San Diego,2018,Procurement & Supply Chain,3,101000
10587,Finn Kendall,Male,26,Bachelors,Houston,2016,Finance & Accounting,3,104900
10588,Lorenzo Mayo,Male,27,Bachelors,Chicago,2014,Legal,3,100400
10589,Christian Mcgrath,Male,25,Bachelors,Denver,2012,IT,3,108500
10590,Marlon Pope,Male,26,Masters,Charlotte,2012,HR,2,93600
10591,Ariana Tanner,Female,27,Masters,Fort Worth,2016,HR,3,118000
10592,Sofia Shields,Female,28,PHD,Charlotte,2017,IT,3,104600
10593,Maddie Levy,Others,27,Bachelors,Seattle,2014,R&D,3,112400
10594,David Byrd,Male,26,Bachelors,Dallas,2018,Legal,3,113500
10595,Rowan Bowman,Female,27,Bachelors,"Washington, D.C.",2018,Marketing,1,49800
10596,Jeremy Downs,Male,24,Bachelors,Seattle,2016,R&D,3,102600
10597,Monica Dunn,Female,25,Bachelors,Phoenix,2012,R&D,3,98500
10598,Willow Pope,Female,27,Bachelors,Indianapolis,2017,Sales,3,117000
10599,Aurelia Hebert,Others,28,Bachelors,Austin,2016,Sales,3,103900
10600,Elijah Barrett,Male,27,Bachelors,Jacksonville,2017,Sales,2,78900
10601,Eliseo Woodward,Others,25,Bachelors,Seattle,2013,Legal,3,108300
10602,Alessia Hernandez,Female,28,Bachelors,Dallas,2013,IT,3,101900
10603,Osiris Briggs,Others,28,Bachelors,Seattle,2018,Customer Service,3,113200
10604,Theodore Maynard,Male,27,Bachelors,Austin,2016,Procurement & Supply Chain,3,109900
10605,Hallie Mccarthy,Female,28,Masters,Seattle,2015,IT,2,97900
10606,Rachel Reese,Female,24,Masters,Phoenix,2015,Procurement & Supply Chain,3,109000
10607,Keira Parker,Female,24,Bachelors,Fort Worth,2017,IT,3,116100
10608,Lana Price,Female,24,Bachelors,Indianapolis,2015,Operations,2,83400
10609,Nicole Conway,Female,28,Masters,Seattle,2013,R&D,3,114100
10610,Nina Hurst,Female,27,Bachelors,Indianapolis,2017,IT,3,98300
10611,Tristan Hardy,Male,26,Bachelors,San Antonio,2014,Marketing,3,105300
10612,Damian Avery,Male,26,Bachelors,Houston,2016,HR,3,102300
10613,Yasmine Solomon,Female,26,Bachelors,Philadelphia,2014,IT,1,47300
10614,Javier Ahmed,Male,28,Bachelors,Phoenix,2015,HR,3,102500
10615,Raheem Holloway,Male,26,Bachelors,Dallas,2012,R&D,3,103100
10616,Charlie Banks,Male,26,Bachelors,Seattle,2017,Finance & Accounting,2,89500
10617,Tom Andrews,Male,26,Masters,San Jose,2017,Marketing,2,97500
10618,Stella Hood,Female,26,Bachelors,Jacksonville,2016,Operations,3,109300
10619,Calvin Brandt,Male,26,Bachelors,Jacksonville,2013,Procurement & Supply Chain,3,112400
10620,Lara Todd,Others,28,Bachelors,Fort Worth,2014,Procurement & Supply Chain,3,108200
10621,Adam Sharpe,Male,28,Bachelors,Philadelphia,2014,Operations,3,111800
10622,Arjun Prince,Others,25,Bachelors,San Jose,2014,Legal,3,112400
10623,Jeremy Cordova,Male,28,Bachelors,"Washington, D.C.",2016,IT,3,100600
10624,Valentina Livingston,Female,27,Masters,Boston,2017,Legal,3,113300
10625,Samantha Humphrey,Female,25,Bachelors,Philadelphia,2015,Procurement & Supply Chain,3,115600
10626,Scott Day,Male,27,Bachelors,Indianapolis,2014,IT,3,116300
10627,Remy Williamson,Male,28,Bachelors,Phoenix,2012,R&D,3,106600
10628,Giselle Bond,Female,26,Masters,San Diego,2017,Sales,3,100100
10629,Lily Joseph,Female,25,Bachelors,Charlotte,2013,Sales,3,107300
10630,Siena Miranda,Others,28,Bachelors,Chicago,2015,IT,2,73400
10631,Sadie Morris,Female,26,PHD,Austin,2013,Marketing,1,58400
10632,Vanessa Gardner,Female,27,Masters,Dallas,2012,Operations,3,114800
10633,Freya Garcia,Female,28,Bachelors,Fort Worth,2016,Finance & Accounting,1,66700
10634,Carlos Schultz,Male,27,Bachelors,Denver,2017,Legal,3,118400
10635,Bradley Melton,Male,25,Bachelors,Phoenix,2017,Marketing,3,110500
10636,Aurelia Olson,Others,24,Masters,Fort Worth,2017,IT,2,72700
10637,Isabella Porter,Female,25,Bachelors,"Washington, D.C.",2015,IT,1,45500
10638,Charlotte Petty,Female,27,Bachelors,San Jose,2018,Legal,3,113400
10639,Jamie Fitzpatrick,Male,26,Bachelors,San Jose,2014,Operations,3,114100
10640,Annabelle Parsons,Female,26,Bachelors,Charlotte,2018,Customer Service,3,99100
10641,Shannon Hogan,Female,24,Bachelors,San Diego,2015,HR,2,75200
10642,Yosef Barron,Others,27,Bachelors,Charlotte,2018,Customer Service,3,115700
10643,Michael Sherman,Male,27,Bachelors,Denver,2016,Finance & Accounting,3,119200
10644,Claudia Gibbs,Female,25,Masters,Philadelphia,2016,IT,3,103900
10645,Adam Nolan,Male,26,Masters,Los Angeles,2018,Finance & Accounting,3,106800
10646,Shawn Sargent,Male,24,Bachelors,Denver,2018,R&D,3,111200
10647,Sylvia Beasley,Female,28,Bachelors,"Washington, D.C.",2017,R&D,2,77300
10648,Aarav Holloway,Others,27,Bachelors,Phoenix,2015,Sales,3,101600
10649,Lucian Morrow,Others,26,Bachelors,San Diego,2017,Finance & Accounting,3,99600
10650,Marina Thomas,Female,25,Bachelors,San Antonio,2016,Operations,3,111600
10651,Ashley Jimenez,Female,25,Bachelors,Boston,2013,Finance & Accounting,3,119700
10652,Aaliyah Cochran,Female,25,Bachelors,Phoenix,2015,R&D,3,117500
10653,Yosef Joyner,Others,28,Bachelors,Fort Worth,2014,HR,3,105300
10654,Karina Byrd,Female,24,Bachelors,Boston,2015,R&D,3,113900
10655,Sarah Schwartz,Female,26,Bachelors,San Diego,2016,HR,3,112700
10656,Addison Owen,Others,25,Bachelors,San Jose,2018,Sales,1,60900
10657,Siena Barrett,Others,28,Masters,Charlotte,2017,Procurement & Supply Chain,2,79500
10658,Quinn Hopper,Male,25,Bachelors,"Washington, D.C.",2014,R&D,2,79600
10659,Greta Cole,Female,25,Bachelors,Jacksonville,2017,R&D,3,113400
10660,Kevin Beck,Male,28,Bachelors,Houston,2016,Marketing,3,104300
10661,Raphael Lang,Male,28,Bachelors,Denver,2014,IT,3,115500
10662,Noah Hawkins,Male,28,Masters,Denver,2017,Operations,2,90600
10663,Nia Anderson,Others,24,Bachelors,"Washington, D.C.",2017,IT,2,81100
10664,Nathaniel Johns,Male,25,PHD,Phoenix,2013,R&D,2,90400
10665,Julia Summers,Female,24,Bachelors,Indianapolis,2017,Legal,3,119700
10666,Anton Lucero,Others,26,Bachelors,Boston,2017,Sales,3,115100
10667,Toby Donaldson,Male,25,Bachelors,Austin,2015,Operations,1,43900
10668,Axel Reeves,Male,26,Bachelors,Boston,2016,HR,3,99200
10669,Ansel Mendoza,Others,28,PHD,Columbus,2014,Legal,3,101600
10670,Emily Flores,Female,27,Masters,Denver,2018,Legal,3,108500
10671,Raina Hays,Female,27,Bachelors,Philadelphia,2016,IT,3,99400
10672,Chase Shelton,Male,25,Masters,Los Angeles,2017,HR,2,89100
10673,Samuel Mendoza,Male,26,Bachelors,San Jose,2017,Finance & Accounting,3,104200
10674,Elliott Singleton,Male,27,Bachelors,Dallas,2016,Legal,3,106300
10675,Sylvia Faulkner,Female,25,Bachelors,Columbus,2017,Sales,2,97700
10676,Anthony Padilla,Male,28,Bachelors,Boston,2018,Marketing,3,113500
10677,Luis Bennett,Male,25,Bachelors,Chicago,2014,IT,3,119100
10678,Karina Rivera,Female,28,Bachelors,Phoenix,2018,HR,3,111700
10679,Philip Cottrell,Male,26,Bachelors,New York City,2017,Legal,1,55200
10680,Gianna Sterling,Female,24,Bachelors,Austin,2013,R&D,3,119300
10681,Ashley Estes,Female,26,Bachelors,Seattle,2012,R&D,3,111100
10682,Nolan Marshall,Male,25,Bachelors,Fort Worth,2012,Customer Service,3,109400
10683,Grant Mathis,Male,24,Masters,Austin,2013,Sales,2,88700
10684,Jenna Moss,Female,26,Bachelors,Philadelphia,2018,Operations,3,116500
10685,Willow Holt,Female,28,Bachelors,Fort Worth,2016,IT,3,109300
10686,Owen Gordon,Male,26,Bachelors,"Washington, D.C.",2016,Customer Service,3,98100
10687,Valerie Mathews,Female,24,Masters,San Antonio,2014,HR,3,106900
10688,Neha Hines,Female,26,Bachelors,Fort Worth,2013,Procurement & Supply Chain,3,119500
10689,Jasmine Rosales,Female,26,Bachelors,Denver,2014,HR,2,86700
10690,Ana Nash,Female,25,Bachelors,Jacksonville,2014,Legal,3,107000
10691,Graham Weaver,Male,27,Bachelors,Charlotte,2013,Customer Service,3,108800
10692,Imogen Salas,Others,27,Bachelors,Indianapolis,2018,Procurement & Supply Chain,3,114700
10693,Luna Horton,Female,25,Bachelors,San Diego,2015,IT,3,119300
10694,Aurora Riley,Female,26,Bachelors,Seattle,2016,Finance & Accounting,3,113400
10695,Hakeem Cline,Others,27,Bachelors,Chicago,2015,Marketing,2,90000
10696,Sara Perez,Female,26,Bachelors,Seattle,2017,Sales,3,100300
10697,Margaret Bryant,Female,26,Masters,Fort Worth,2017,Operations,2,82400
10698,Dora Marks,Female,27,Bachelors,San Jose,2017,R&D,3,118300
10699,Jonah Barrett,Male,24,Masters,Boston,2017,Customer Service,1,49800
10700,Drake Barnes,Male,26,Masters,New York City,2017,Operations,2,70800
10701,Theodore Jarvis,Male,27,Bachelors,Dallas,2015,Finance & Accounting,3,115300
10702,Emery Mullins,Others,26,Bachelors,Chicago,2015,IT,3,100400
10703,Monica Richmond,Female,24,Masters,San Antonio,2017,Procurement & Supply Chain,2,79900
10704,Kaden Compton,Male,26,Bachelors,Dallas,2017,R&D,3,107200
10705,Beatrice Tyler,Female,26,Bachelors,San Antonio,2014,Legal,3,107500
10706,Lucia Zimmerman,Female,28,Bachelors,Columbus,2015,Sales,3,114500
10707,John Erickson,Male,24,Masters,Los Angeles,2017,Finance & Accounting,2,96300
10708,Marcus Shaw,Male,25,Bachelors,Denver,2013,Operations,2,78500
10709,Cleo Skinner,Female,27,Masters,Phoenix,2013,R&D,3,114200
10710,Aiden Graham,Others,27,Bachelors,Chicago,2017,Legal,3,98700
10711,Frances Gill,Female,28,Bachelors,San Diego,2015,Marketing,2,78500
10712,Aleena Abbott,Female,24,Bachelors,New York City,2014,Sales,2,78100
10713,Carson Garrison,Male,27,Bachelors,Chicago,2016,Legal,2,97800
10714,Tristan Stephens,Male,27,Bachelors,Charlotte,2017,Finance & Accounting,3,116200
10715,Helena Baldwin,Female,26,Bachelors,Denver,2016,IT,3,113300
10716,Catherine Harrington,Female,27,Bachelors,Houston,2015,Legal,2,74200
10717,Sofia Joseph,Female,26,Bachelors,Austin,2015,Customer Service,3,98900
10718,Cruz Akers,Male,27,Bachelors,Austin,2018,Procurement & Supply Chain,3,112700
10719,Brady Morton,Male,24,Bachelors,Los Angeles,2016,Operations,3,108900
10720,Kelly Grimes,Female,24,Bachelors,Austin,2014,R&D,3,114400
10721,Theo Moore,Male,24,Bachelors,Charlotte,2013,Operations,2,75900
10722,Aditya Reilly,Others,26,Bachelors,Fort Worth,2012,Sales,3,107100
10723,Farah Adams,Others,28,Bachelors,Jacksonville,2015,Legal,2,83000
10724,Andrew Rodriguez,Male,26,Bachelors,San Antonio,2018,Procurement & Supply Chain,3,116100
10725,Brynn Martinez,Female,24,Bachelors,San Jose,2016,Procurement & Supply Chain,3,113800
10726,Faith Moran,Female,24,Masters,Denver,2017,Operations,3,118900
10727,Donna Townsend,Female,24,Masters,New York City,2016,Marketing,3,113700
10728,Elena Mccall,Female,28,Bachelors,San Jose,2013,Marketing,3,100000
10729,Elora Nunez,Others,28,Bachelors,Jacksonville,2015,IT,1,58500
10730,Blake Black,Male,24,PHD,San Jose,2018,Finance & Accounting,3,113200
10731,Cecilia Compton,Female,26,Bachelors,Chicago,2016,Sales,3,111700
10732,Lydia Burns,Female,27,Bachelors,Philadelphia,2013,Procurement & Supply Chain,3,101300
10733,Walker Hanna,Male,25,Bachelors,San Jose,2013,Sales,3,111600
10734,Felix Black,Male,24,Masters,San Antonio,2016,R&D,3,113500
10735,Jasmine Finley,Female,25,Bachelors,Charlotte,2017,Marketing,1,55900
10736,Joshua Mueller,Male,28,Bachelors,Phoenix,2013,Legal,3,99500
10737,Taylor Fitzgerald,Male,28,Bachelors,Philadelphia,2018,Marketing,3,114100
10738,Carmen Clark,Female,24,Bachelors,Houston,2017,Finance & Accounting,3,118200
10739,Tristan Holcomb,Male,24,Masters,Los Angeles,2014,Customer Service,3,118200
10740,Erin Wade,Female,24,PHD,Philadelphia,2012,HR,3,101900
10741,Sebastian Flynn,Male,25,Bachelors,Los Angeles,2017,Legal,3,116000
10742,Sabrina Beasley,Female,27,Masters,Austin,2014,Procurement & Supply Chain,3,108300
10743,Frank Stein,Male,27,Bachelors,San Diego,2015,Finance & Accounting,3,103100
10744,Maya Hines,Female,25,Bachelors,Phoenix,2014,Customer Service,3,113500
10745,Hazel Moreno,Female,28,Bachelors,"Washington, D.C.",2012,HR,3,107700
10746,Wyatt Mckenzie,Male,25,Bachelors,Chicago,2012,Customer Service,3,109700
10747,Georgia Hurst,Female,24,Bachelors,Dallas,2015,Finance & Accounting,3,109400
10748,Isabella Bryant,Female,27,Bachelors,Columbus,2013,Legal,3,101000
10749,Walter Wallace,Male,26,Bachelors,Fort Worth,2013,Marketing,3,110800
10750,Gemma Chavez,Female,26,Bachelors,San Diego,2012,Procurement & Supply Chain,2,77300
10751,Ramon Roth,Male,28,Masters,Los Angeles,2017,Marketing,3,119400
10752,Winnie Walsh,Female,25,Bachelors,Seattle,2015,Marketing,3,104900
10753,Clark Kirk,Male,28,Bachelors,Houston,2012,R&D,3,109200
10754,Jillian Flores,Female,26,Bachelors,New York City,2017,Finance & Accounting,2,80700
10755,Aurelia Riley,Others,27,Bachelors,Austin,2012,Sales,3,106800
10756,Brooke Marlow,Female,28,Masters,Houston,2016,Sales,3,108900
10757,Alba Nielsen,Others,28,Bachelors,Columbus,2015,Finance & Accounting,2,74700
10758,Brooke Fowler,Female,24,Masters,New York City,2017,Sales,3,116600
10759,Jessica Norris,Female,25,Bachelors,Dallas,2015,Legal,2,97300
10760,Lorenzo Taylor,Male,24,Bachelors,"Washington, D.C.",2014,Customer Service,3,102600
10761,Seth Norton,Male,28,Bachelors,Phoenix,2016,Legal,3,116200
10762,Robin Walsh,Male,25,Bachelors,Los Angeles,2016,Legal,3,117900
10763,Chase Palmer,Male,26,Masters,Fort Worth,2015,Marketing,3,100600
10764,Knox Weber,Others,28,Masters,Fort Worth,2015,Procurement & Supply Chain,3,103200
10765,Sebastian Hardy,Male,24,Bachelors,Dallas,2013,R&D,1,57300
10766,Cecilia Zimmerman,Female,24,Bachelors,Austin,2014,IT,3,100900
10767,Valerie Sanford,Female,26,Bachelors,Dallas,2018,Finance & Accounting,3,110400
10768,Kevin Martinez,Male,26,Bachelors,Phoenix,2013,IT,3,116500
10769,Melody Curtis,Female,25,Bachelors,Philadelphia,2015,Sales,3,101900
10770,Charlotte Holden,Female,28,Bachelors,Charlotte,2017,Finance & Accounting,3,109900
10771,Aditya Byrd,Others,25,Bachelors,Philadelphia,2016,IT,1,60900
10772,Yara Atkinson,Female,25,Masters,Seattle,2013,R&D,3,108500
10773,Catherine Knox,Female,24,Bachelors,Los Angeles,2017,HR,3,102600
10774,Eliza Salazar,Female,25,Masters,Charlotte,2013,Sales,3,102700
10775,Harper Kirk,Female,28,Bachelors,Chicago,2013,Customer Service,1,46900
10776,Sebastian Marks,Male,27,Masters,New York City,2014,Operations,3,105500
10777,Sara James,Female,26,Bachelors,Chicago,2013,Operations,3,102900
10778,Nicole Moreno,Female,25,Bachelors,Seattle,2016,Marketing,3,99400
10779,Paula Stuart,Female,26,Bachelors,Columbus,2015,Procurement & Supply Chain,2,79500
10780,Aaron Warner,Male,25,Bachelors,Houston,2017,Finance & Accounting,3,110900
10781,Emiliano Martinez,Male,26,Bachelors,Philadelphia,2013,Finance & Accounting,3,101100
10782,Lauren Noble,Female,27,Bachelors,Jacksonville,2013,Operations,2,73600
10783,Micah Carter,Male,25,Bachelors,Phoenix,2015,Operations,2,89500
10784,Farah Sullivan,Others,25,Bachelors,Seattle,2016,Sales,3,106600
10785,Amira Grant,Female,25,Bachelors,Boston,2017,IT,3,101900
10786,Aiden Martin,Others,28,Bachelors,Indianapolis,2016,IT,3,104400
10787,Marina Vaughn,Female,24,Bachelors,Denver,2018,IT,3,106800
10788,Cameron Velez,Male,28,Masters,Philadelphia,2015,Procurement & Supply Chain,3,100800
10789,Albert Gay,Others,26,Bachelors,Columbus,2017,Customer Service,3,98200
10790,Sierra Hawkins,Female,26,Masters,New York City,2017,IT,2,87400
10791,Blair Lindsay,Male,27,Bachelors,Houston,2017,R&D,2,89600
10792,Greta Haley,Female,26,Bachelors,Fort Worth,2013,Legal,2,83500
10793,Madeline Page,Female,24,Bachelors,Los Angeles,2012,Customer Service,3,102100
10794,Douglas Salinas,Male,28,Bachelors,Boston,2013,Operations,3,117700
10795,Holly Palmer,Others,24,Masters,Jacksonville,2015,IT,2,81400
10796,Cleo Cooke,Female,25,Bachelors,"Washington, D.C.",2016,Finance & Accounting,3,106100
10797,Arielle Marlow,Others,25,Masters,San Jose,2017,Marketing,2,87600
10798,Lilian Norris,Others,26,Bachelors,Los Angeles,2016,Finance & Accounting,3,112600
10799,Farah Nielsen,Others,24,Bachelors,Houston,2013,Finance & Accounting,3,100200
10800,Scott Robertson,Male,25,Bachelors,Chicago,2012,Sales,2,86600
10801,Magnolia Gay,Others,24,Bachelors,Phoenix,2014,Marketing,3,119700
10802,Milo Mayer,Male,27,Bachelors,"Washington, D.C.",2017,Operations,3,98800
10803,Rowan Stone,Female,27,Bachelors,Dallas,2017,HR,3,112200
10804,Grant Morrison,Male,27,Bachelors,Seattle,2013,Customer Service,3,107200
10805,Virginia Matthews,Female,24,Bachelors,San Jose,2015,R&D,2,90800
10806,Elijah Hardy,Male,24,Bachelors,San Antonio,2017,Legal,3,114300
10807,Ellie Cottrell,Female,28,PHD,Jacksonville,2015,Customer Service,3,106100
10808,Adan Jefferson,Others,27,Bachelors,San Jose,2017,R&D,3,103500
10809,Corinne White,Female,28,Masters,New York City,2017,Legal,2,96100
10810,Samuel Goldman,Male,25,Bachelors,Austin,2017,Marketing,2,80600
10811,Devin Jefferson,Male,25,Bachelors,Austin,2014,Customer Service,2,90100
10812,Blake Silva,Male,28,Bachelors,Seattle,2016,Customer Service,3,112200
10813,Daniel Klein,Male,27,Bachelors,Fort Worth,2015,R&D,2,88400
10814,Caroline Irwin,Female,25,Masters,Los Angeles,2017,Finance & Accounting,2,97700
10815,Jocelyn Carey,Female,25,Masters,Indianapolis,2017,Customer Service,2,88100
10816,Evan Norris,Male,24,Bachelors,Dallas,2017,Procurement & Supply Chain,3,100300
10817,Hakeem Cordova,Others,26,Bachelors,Phoenix,2013,Legal,3,102800
10818,Micah Scott,Male,24,Bachelors,Los Angeles,2018,IT,3,101300
10819,Scarlett Grant,Female,28,Bachelors,Philadelphia,2016,HR,3,101400
10820,Megan Newman,Female,24,Masters,New York City,2017,R&D,2,76000
10821,Darius Hickman,Male,25,Bachelors,Houston,2017,HR,3,103600
10822,Callum Cox,Male,25,Bachelors,Charlotte,2017,Legal,3,99300
10823,Robert Sawyer,Male,24,Bachelors,Indianapolis,2017,HR,3,100400
10824,Emily Ochoa,Female,25,Masters,San Diego,2014,IT,3,119300
10825,Maeve Pruitt,Female,27,Bachelors,Dallas,2012,Operations,3,110600
10826,Evelyn Gardner,Female,27,Bachelors,San Jose,2012,Marketing,3,108100
10827,Eden Emerson,Female,28,Bachelors,Indianapolis,2017,Procurement & Supply Chain,3,113700
10828,Nicholas Estes,Male,28,Bachelors,Boston,2012,Finance & Accounting,3,102900
10829,Raina Sellers,Female,28,Bachelors,Philadelphia,2012,HR,3,107300
10830,Aurora James,Female,24,Bachelors,Boston,2018,Procurement & Supply Chain,3,101500
10831,Shane Richards,Male,24,PHD,San Jose,2016,Finance & Accounting,3,101800
10832,Matilda Dawson,Female,27,Masters,Fort Worth,2017,Finance & Accounting,2,78800
10833,Colton Briggs,Others,27,Masters,Fort Worth,2013,R&D,2,92700
10834,Ivy Perry,Female,26,Bachelors,Dallas,2015,Customer Service,3,108800
10835,Josie May,Female,28,Masters,Jacksonville,2015,Legal,3,118600
10836,Carter Kent,Male,27,Bachelors,Denver,2014,Operations,3,108700
10837,Isaac Lambert,Male,25,Bachelors,Columbus,2013,Procurement & Supply Chain,3,98400
10838,Katherine Hamilton,Female,26,Bachelors,Phoenix,2015,Customer Service,3,116300
10839,Daria Hodges,Others,24,Bachelors,San Diego,2012,Marketing,3,101400
10840,Nia Hardy,Others,26,Bachelors,Indianapolis,2012,Sales,3,112600
10841,Donna Bradley,Female,25,Masters,Denver,2015,Legal,2,81300
10842,Samantha Briggs,Female,24,Bachelors,Dallas,2013,Finance & Accounting,3,111300
10843,Alexandra White,Female,27,Masters,New York City,2017,Operations,2,96100
10844,River Molina,Male,26,Masters,San Diego,2017,IT,2,82300
10845,Shannon Walton,Female,27,Bachelors,Charlotte,2014,HR,3,116800
10846,Connor Vines,Male,25,Bachelors,Jacksonville,2018,Marketing,3,98700
10847,Maya Henry,Female,25,Bachelors,San Diego,2014,Sales,3,104800
10848,Savannah Webb,Female,27,Bachelors,San Antonio,2013,IT,2,71900
10849,Scott Corbett,Male,26,Bachelors,Charlotte,2015,Sales,3,112400
10850,Joy Burton,Female,24,Bachelors,San Diego,2017,HR,2,92600
10851,Jack Mcgee,Male,26,Masters,Seattle,2017,HR,2,92700
10852,Kelsey Vargas,Female,25,Bachelors,Philadelphia,2013,HR,2,92300
10853,Reagan Mason,Others,25,Masters,Charlotte,2017,Marketing,2,90200
10854,Yasmine Cherry,Female,26,Bachelors,Austin,2013,Marketing,3,111500
10855,Lydia Simon,Female,28,Bachelors,Jacksonville,2014,IT,3,108100
10856,Josie Hodges,Female,27,Bachelors,Denver,2016,Customer Service,3,115300
10857,Malachi Kerr,Male,28,Bachelors,Houston,2017,Marketing,2,88800
10858,Jennifer Simpson,Female,27,Masters,Indianapolis,2014,Marketing,3,110400
10859,Tania Brady,Female,28,Bachelors,Jacksonville,2014,Procurement & Supply Chain,3,108700
10860,Karen Figueroa,Female,27,Bachelors,Philadelphia,2015,HR,3,99000
10861,Grace Copeland,Female,24,Bachelors,Austin,2015,HR,3,107900
10862,Katie Serrano,Female,24,Bachelors,Philadelphia,2018,Customer Service,3,117900
10863,Sage Roman,Male,26,Bachelors,Denver,2013,IT,3,118500
10864,Gabriela Myers,Female,28,Bachelors,Indianapolis,2012,Procurement & Supply Chain,3,100700
10865,Mateo Brandt,Male,26,Masters,Philadelphia,2017,Sales,2,86300
10866,Florence Moss,Female,25,Masters,Austin,2017,Marketing,2,72800
10867,Noelle Nixon,Female,27,Bachelors,Dallas,2016,Legal,3,101600
10868,Dora Paul,Female,26,Bachelors,Houston,2012,HR,3,118800
10869,Noelle Clayton,Female,25,Bachelors,Austin,2015,Marketing,3,116400
10870,Nathan Moody,Male,26,Bachelors,New York City,2012,HR,3,111200
10871,Nicole Kirk,Female,27,Masters,Seattle,2014,R&D,3,115500
10872,Wesley Chavez,Male,26,Masters,"Washington, D.C.",2017,Operations,2,83700
10873,Cara Herman,Others,26,Masters,New York City,2012,Legal,3,104200
10874,Cecilia Carver,Female,26,Bachelors,Boston,2015,Sales,2,75900
10875,Annie Coleman,Female,25,Masters,Los Angeles,2014,Customer Service,3,114800
10876,Chloe Newman,Female,28,Bachelors,Austin,2015,Sales,3,98500
10877,Mandy Pope,Female,27,Masters,Austin,2012,R&D,3,107900
10878,Wade Padilla,Male,27,Bachelors,San Antonio,2017,R&D,2,84600
10879,Cleo Ortega,Female,24,Bachelors,Seattle,2016,Finance & Accounting,3,98100
10880,Anita Terrell,Female,27,Bachelors,Houston,2017,R&D,3,109700
10881,Bodhi Schneider,Others,26,Bachelors,San Antonio,2014,HR,3,112500
10882,Charlie Bradley,Male,24,Bachelors,Philadelphia,2017,Marketing,3,102800
10883,Andre Spencer,Male,28,Bachelors,Boston,2017,Operations,3,105600
10884,Kian Strong,Others,26,Bachelors,Houston,2014,Sales,3,100300
10885,Kennedy Morton,Female,28,Bachelors,San Antonio,2018,Marketing,3,116400
10886,Tara Ray,Female,24,Bachelors,San Antonio,2014,R&D,3,116500
10887,Mateo Mcgee,Male,27,Bachelors,Chicago,2017,Operations,1,66900
10888,Kevin Bush,Male,24,Bachelors,Los Angeles,2015,Customer Service,3,117700
10889,Kara Johns,Female,27,Bachelors,New York City,2017,HR,3,99400
10890,Leah Costello,Female,28,Bachelors,San Diego,2017,Legal,3,103100
10891,Casey Garrett,Male,25,Bachelors,Philadelphia,2014,Legal,3,109000
10892,Scarlett Brockman,Female,25,Bachelors,Los Angeles,2017,HR,3,112000
10893,Tristan Griffith,Male,25,Bachelors,Los Angeles,2018,Customer Service,3,115200
10894,Tristan Weeks,Male,28,Bachelors,Los Angeles,2013,HR,3,103500
10895,Veronica Farley,Female,27,Bachelors,Charlotte,2017,Customer Service,3,112100
10896,Sterling Aguilar,Male,27,Bachelors,Phoenix,2013,Legal,3,118300
10897,Naomi Guthrie,Female,26,Masters,Boston,2017,IT,2,88700
10898,Tyler Christensen,Male,24,Bachelors,San Diego,2014,Legal,3,113600
10899,Kingston Silva,Male,27,Bachelors,Fort Worth,2017,IT,3,113900
10900,Ava Levy,Female,27,Bachelors,Philadelphia,2012,Operations,3,117300
10901,Gwen Gates,Female,24,Bachelors,San Jose,2017,R&D,3,108400
10902,Amara Sears,Female,25,Bachelors,Charlotte,2014,Sales,3,100900
10903,Benjamin French,Male,28,Bachelors,Austin,2014,Sales,3,102700
10904,Jasper Brock,Male,26,Bachelors,Houston,2018,Legal,3,117500
10905,Caleb Pitts,Male,28,Masters,San Jose,2017,Customer Service,3,104500
10906,Coraline Mathews,Others,27,Bachelors,Denver,2018,Finance & Accounting,3,102100
10907,Jasmine Frank,Female,28,Bachelors,Austin,2017,Marketing,3,104500
10908,River Corbett,Male,25,Bachelors,Jacksonville,2016,Sales,3,113800
10909,Keira Bradley,Female,24,Bachelors,Columbus,2013,Customer Service,3,116800
10910,Amelie Mccall,Others,25,Bachelors,Phoenix,2018,Finance & Accounting,3,107100
10911,Beau Spencer,Male,24,Bachelors,Austin,2014,Marketing,3,101000
10912,Aditya Baxter,Others,26,Bachelors,Chicago,2012,Sales,3,102200
10913,Colin Leach,Male,24,Masters,San Jose,2013,Marketing,1,63400
10914,Andre Frazier,Male,24,Masters,Seattle,2013,Customer Service,1,55400
10915,India Burton,Others,26,Bachelors,San Jose,2014,R&D,3,106000
10916,Aaron Page,Male,27,Bachelors,Fort Worth,2017,Legal,3,99800
10917,Penelope Maddox,Female,25,Bachelors,Seattle,2017,R&D,2,88100
10918,Bonnie Tyler,Female,28,Bachelors,New York City,2015,Operations,3,108000
10919,Mallory Briggs,Female,24,Bachelors,Los Angeles,2014,Sales,3,114600
10920,Ava Perkins,Female,24,PHD,New York City,2018,Customer Service,3,102500
10921,Alice Head,Female,28,Bachelors,Boston,2015,Finance & Accounting,3,113000
10922,Alba Miller,Others,26,Bachelors,Chicago,2015,Finance & Accounting,3,116200
10923,Damian Whitaker,Male,28,PHD,San Diego,2015,Sales,2,97900
10924,Jenna Nielsen,Female,25,Bachelors,Fort Worth,2018,IT,3,113000
10925,Peter Haley,Male,26,Bachelors,Phoenix,2016,Marketing,3,105700
10926,Daphne Lewis,Female,27,Bachelors,Phoenix,2015,Finance & Accounting,3,115900
10927,Elliott Clements,Male,24,Bachelors,Seattle,2017,Procurement & Supply Chain,3,118600
10928,Felix Gibbs,Male,27,Bachelors,Phoenix,2014,IT,3,102400
10929,Jasper Stafford,Male,28,Masters,San Jose,2012,HR,3,114900
10930,Emiliano Stuart,Male,28,Bachelors,Seattle,2012,Marketing,3,105300
10931,Irene Hinton,Others,27,Bachelors,Los Angeles,2012,Sales,2,94100
10932,Robert Hebert,Male,27,Bachelors,Indianapolis,2012,Customer Service,2,91600
10933,Aaliyah Hayden,Female,27,Masters,San Diego,2012,Procurement & Supply Chain,3,106800
10934,Benjamin Jimenez,Male,25,Bachelors,San Jose,2018,HR,3,105100
10935,Valentina Cobb,Female,27,Masters,"Washington, D.C.",2018,IT,3,102100
10936,Elise Martinez,Female,28,Masters,New York City,2017,Legal,2,96500
10937,Mary Kline,Female,27,Bachelors,Dallas,2013,Operations,3,119000
10938,Aditya Anderson,Others,28,Masters,Jacksonville,2017,Marketing,2,96000
10939,Elliot Schultz,Male,27,Bachelors,Dallas,2017,Finance & Accounting,3,114400
10940,Angela Valencia,Female,28,Bachelors,Austin,2017,HR,3,117400
10941,Preston Odom,Male,28,Bachelors,Denver,2016,Sales,3,113300
10942,Kody Bond,Male,26,Bachelors,"Washington, D.C.",2014,Legal,3,115200
10943,Peter Dejesus,Male,25,Bachelors,San Jose,2018,Operations,3,112500
10944,Frank Collier,Male,26,Bachelors,Fort Worth,2017,R&D,3,104000
10945,Toby Murphy,Male,26,Bachelors,Indianapolis,2015,HR,2,73400
10946,Rosa Jones,Others,26,Bachelors,Chicago,2017,R&D,3,101900
10947,Cora Campos,Female,25,Bachelors,Columbus,2012,Customer Service,3,118400
10948,Cole Roach,Male,25,Bachelors,San Antonio,2017,Marketing,3,99500
10949,Beatrice Medina,Female,28,Bachelors,Seattle,2013,Finance & Accounting,3,111700
10950,Bruno Best,Others,24,Bachelors,Columbus,2013,HR,3,117900
10951,Karl Harris,Male,25,Bachelors,New York City,2014,IT,3,111600
10952,Tiana Watts,Others,25,Masters,Indianapolis,2017,HR,3,118300
10953,Elora Talley,Others,27,Bachelors,Denver,2015,Finance & Accounting,2,71200
10954,Enzo Stafford,Male,28,Masters,Jacksonville,2017,Operations,2,81800
10955,Greta Duffy,Female,26,Masters,Dallas,2017,HR,3,111600
10956,Hugo Cook,Male,24,Masters,Austin,2017,R&D,2,91500
10957,Kara Hays,Female,26,Masters,San Antonio,2015,Sales,1,51000
10958,Ryan Willis,Male,26,Masters,San Antonio,2013,Legal,3,100800
10959,Mary Brooks,Female,26,Bachelors,Fort Worth,2015,Procurement & Supply Chain,3,114500
10960,Leila Forbes,Female,24,Bachelors,Jacksonville,2017,Sales,3,111900
10961,Cassian England,Male,27,PHD,Fort Worth,2016,R&D,3,104700
10962,Brielle Anderson,Female,24,Bachelors,Austin,2018,Customer Service,3,111900
10963,Sarah Fitzpatrick,Female,25,Bachelors,Boston,2014,Procurement & Supply Chain,3,107200
10964,Coraline Page,Others,26,Bachelors,Denver,2012,R&D,3,116200
10965,Davina Doyle,Female,28,Bachelors,Seattle,2017,Procurement & Supply Chain,3,118400
10966,Kylie Cannon,Female,25,Bachelors,Austin,2014,Marketing,3,113200
10967,Nathan Steele,Male,25,Masters,San Jose,2018,Marketing,3,99000
10968,Michael Landry,Male,25,Bachelors,Chicago,2013,Sales,2,71600
10969,Faith Joseph,Female,26,PHD,Seattle,2013,Marketing,3,98900
10970,Ayla Nichols,Others,28,Bachelors,"Washington, D.C.",2015,Legal,3,113500
10971,Frank Jimenez,Male,24,Bachelors,New York City,2017,Procurement & Supply Chain,3,108200
10972,Lauren Harrell,Female,26,Masters,Boston,2018,Procurement & Supply Chain,1,66700
10973,Cassandra Hale,Female,24,Bachelors,Charlotte,2013,Finance & Accounting,2,81300
10974,Maeve Hines,Female,24,Bachelors,Charlotte,2018,Customer Service,3,114600
10975,Wesley Pennington,Male,25,PHD,New York City,2016,Marketing,1,50100
10976,Alaric Garcia,Others,26,Bachelors,Charlotte,2014,Finance & Accounting,3,102000
10977,William Gonzales,Male,27,Masters,Denver,2015,Operations,1,45400
10978,Kaia Stuart,Others,28,Bachelors,San Diego,2013,Customer Service,3,110600
10979,Tobias Hodges,Male,27,Bachelors,Denver,2016,HR,1,67600
10980,Mariana Dyer,Female,24,Bachelors,Chicago,2014,Legal,3,103800
10981,Damian Davidson,Male,26,Bachelors,Los Angeles,2016,Operations,3,105800
10982,Ruby Montgomery,Female,25,Bachelors,New York City,2015,Procurement & Supply Chain,3,119500
10983,Salem Mckee,Others,24,Bachelors,Fort Worth,2013,IT,3,114000
10984,Toby Irwin,Male,25,Bachelors,Columbus,2015,Operations,3,109800
10985,Florence Marlow,Female,26,Bachelors,San Antonio,2015,Legal,3,103200
10986,Daria Moon,Others,26,Bachelors,Jacksonville,2016,Finance & Accounting,3,106400
10987,Lucia Wade,Female,26,Bachelors,Indianapolis,2013,Marketing,3,103600
10988,Lyla Roy,Others,26,Masters,San Antonio,2016,HR,3,101700
10989,Dylan Hoffman,Male,27,Bachelors,Seattle,2018,Operations,3,102900
10990,Douglas Caldwell,Male,24,Bachelors,Austin,2017,Sales,3,107700
10991,Lincoln Levy,Male,24,Bachelors,Columbus,2014,Marketing,3,102800
10992,Katherine Beasley,Female,26,Bachelors,Denver,2013,Customer Service,3,105100
10993,Gianna Prince,Female,26,Bachelors,Seattle,2014,Procurement & Supply Chain,3,119200
10994,Remy Black,Male,24,Bachelors,Seattle,2014,Customer Service,3,105700
10995,Angela Meadows,Female,26,Bachelors,Jacksonville,2012,HR,3,110700
10996,Lucy Zane,Female,26,Bachelors,Austin,2014,Legal,2,77900
10997,Harrison Carr,Male,28,Bachelors,Boston,2016,Operations,3,102500
10998,Benjamin Page,Male,28,Bachelors,San Antonio,2015,Procurement & Supply Chain,3,108400
10999,Whitney Morgan,Female,26,Bachelors,Denver,2012,Sales,2,93300
11000,Javier Ruiz,Male,26,Bachelors,Indianapolis,2013,HR,3,104800
11001,Cleo Floyd,Female,24,Bachelors,Charlotte,2013,Sales,3,101500
11002,Mallory Harris,Female,28,Masters,Houston,2017,IT,3,118300
11003,Graham Blevins,Male,27,Bachelors,Denver,2012,Finance & Accounting,3,114200
11004,Bianca Haynes,Female,25,Bachelors,Denver,2017,Operations,3,109100
11005,Henry Rowe,Male,24,Bachelors,Phoenix,2012,Operations,3,106900
11006,Clayton Sims,Male,24,Masters,San Diego,2015,Finance & Accounting,1,47300
11007,Penelope Dillon,Female,27,Masters,Dallas,2013,HR,3,110300
11008,Esme Lloyd,Female,24,Bachelors,Charlotte,2017,HR,3,101100
11009,Joel Colon,Male,28,Bachelors,Seattle,2014,HR,3,116400
11010,Cole Hammond,Male,28,Bachelors,Philadelphia,2015,Sales,3,116800
11011,Hudson Cole,Male,27,Masters,Los Angeles,2013,Legal,3,116700
11012,Aria Farmer,Female,26,Bachelors,San Jose,2014,R&D,3,111500
11013,Alexis Sexton,Female,25,Bachelors,Charlotte,2017,HR,3,118900
11014,Lucian Meyer,Others,24,Masters,New York City,2015,Sales,3,104500
11015,Talia King,Female,25,Bachelors,Jacksonville,2014,Customer Service,3,103400
11016,Micah Zane,Male,25,Bachelors,Houston,2014,Sales,3,105800
11017,Peyton Cameron,Others,24,Bachelors,Jacksonville,2017,Marketing,1,40500
11018,Andre Huff,Male,27,Bachelors,Columbus,2014,IT,3,100300
11019,Leila Oliver,Female,27,Bachelors,San Antonio,2013,Finance & Accounting,3,112100
11020,Carlos Guthrie,Male,28,Bachelors,Denver,2012,Finance & Accounting,3,105800
11021,Kaden Nichols,Male,27,Bachelors,Seattle,2015,Procurement & Supply Chain,3,99200
11022,Cameron Decker,Male,26,Bachelors,Los Angeles,2012,Procurement & Supply Chain,3,113300
11023,Juliet Romero,Female,27,Bachelors,San Diego,2013,Customer Service,1,53300
11024,Emily Kent,Female,27,Bachelors,Seattle,2014,Customer Service,3,106300
11025,Sterling Davies,Male,28,Bachelors,Austin,2014,Operations,3,116400
11026,Andre Davies,Male,27,Bachelors,Houston,2014,Customer Service,3,116900
11027,Xander Dickinson,Others,28,Bachelors,Boston,2014,Marketing,3,115500
11028,Mackenzie Richards,Female,25,Masters,Los Angeles,2018,Legal,3,118300
11029,Kobe Stanton,Male,27,Bachelors,Jacksonville,2017,HR,3,103900
11030,Danny Cantrell,Others,24,Bachelors,Los Angeles,2015,R&D,3,113300
11031,Jasper Mills,Male,25,Masters,San Antonio,2017,Finance & Accounting,2,82600
11032,Katherine Dorsey,Female,27,Bachelors,Charlotte,2017,Operations,2,79500
11033,Kendall Grant,Male,28,Bachelors,Denver,2016,Sales,3,109300
11034,Rachel Little,Female,25,Bachelors,Boston,2015,Marketing,2,93400
11035,Craig Torres,Male,24,Masters,San Jose,2017,R&D,3,113000
11036,Walter Smith,Male,28,Bachelors,Seattle,2015,Finance & Accounting,3,106900
11037,Mallory Travis,Female,26,Masters,Columbus,2014,Sales,3,111300
11038,Gianna Rosario,Female,26,Bachelors,Phoenix,2013,R&D,3,113700
11039,Alaric Lynch,Others,26,Bachelors,Fort Worth,2016,IT,3,119500
11040,Knox Gray,Others,26,Bachelors,Boston,2013,Finance & Accounting,3,99300
11041,Cruz Allison,Male,24,Masters,Phoenix,2013,IT,1,60100
11042,Noelle Hogan,Female,25,Bachelors,Austin,2014,Marketing,3,100300
11043,Lola Hardy,Female,27,Bachelors,San Diego,2018,R&D,3,110100
11044,Calvin Dunn,Male,28,Bachelors,Phoenix,2013,Finance & Accounting,3,113900
11045,Ethan Marks,Male,28,Bachelors,Jacksonville,2016,Customer Service,2,73200
11046,Fiona Dawson,Female,28,Bachelors,Phoenix,2012,IT,3,113500
11047,Tiana Copeland,Others,25,Bachelors,Charlotte,2017,R&D,3,108000
11048,Riley Gray,Male,25,Bachelors,Seattle,2018,Customer Service,3,102900
11049,Ivy Blanchard,Female,27,Bachelors,Jacksonville,2012,HR,1,65800
11050,Jade Hall,Female,24,Masters,Boston,2017,R&D,3,119500
11051,Knox Lyons,Others,24,Bachelors,Philadelphia,2014,Customer Service,3,117800
11052,Carter Ward,Male,26,Bachelors,Boston,2014,Marketing,3,99100
11053,Lucy Foster,Female,25,Bachelors,Los Angeles,2013,HR,3,100400
11054,Micah Hancock,Male,28,Bachelors,Boston,2017,R&D,3,110900
11055,Marina Owen,Female,25,Bachelors,New York City,2015,Sales,3,120000
11056,Cole Hawkins,Male,24,Bachelors,Columbus,2017,Legal,3,109400
11057,Philip Buchanan,Male,24,Bachelors,Dallas,2018,Procurement & Supply Chain,3,115200
11058,Rafael Witt,Male,28,Bachelors,Dallas,2016,Sales,3,113500
11059,Oscar Frederick,Male,26,Bachelors,Boston,2014,HR,3,113300
11060,Yvette Goddard,Female,28,Bachelors,Indianapolis,2017,Marketing,3,104800
11061,Alba Blackburn,Others,27,Bachelors,Boston,2012,Marketing,3,109500
11062,Mallory Patrick,Female,26,Bachelors,Denver,2016,Legal,3,107000
11063,Sage Hammond,Male,27,Bachelors,Jacksonville,2014,IT,3,118000
11064,Ellie Barton,Female,27,Bachelors,"Washington, D.C.",2014,Procurement & Supply Chain,3,107700
11065,Harrison Weaver,Male,26,Bachelors,Austin,2013,HR,3,116300
11066,Hailey Ballard,Female,24,PHD,Denver,2015,Operations,2,86600
11067,Xander French,Others,26,Bachelors,"Washington, D.C.",2018,Operations,3,101200
11068,Ethan Cross,Male,24,Bachelors,Boston,2017,HR,2,95900
11069,Amaya Waters,Female,25,PHD,Jacksonville,2015,Operations,1,69100
11070,Avery Carver,Male,24,Bachelors,San Diego,2017,Procurement & Supply Chain,3,105000
11071,Malik Sears,Male,25,Bachelors,"Washington, D.C.",2013,Customer Service,3,119800
11072,Elias Salazar,Male,24,Bachelors,Philadelphia,2014,HR,3,102200
11073,Gia Page,Female,26,Masters,Indianapolis,2018,HR,3,100700
11074,Dalton Bailey,Male,25,Bachelors,San Antonio,2015,Operations,2,75600
11075,Juliana Day,Female,25,Bachelors,San Antonio,2012,Sales,3,101500
11076,Leah Gallagher,Female,28,Masters,Seattle,2012,Finance & Accounting,3,106300
11077,Bailey Terry,Male,24,Bachelors,Philadelphia,2015,Marketing,3,111400
11078,Valentina Juarez,Female,24,Bachelors,Los Angeles,2012,Sales,3,118700
11079,Weston Hale,Male,27,PHD,Phoenix,2018,Finance & Accounting,3,113700
11080,Daisy Ramos,Female,25,Bachelors,Chicago,2014,Legal,3,106700
11081,Farah Arnold,Others,25,Bachelors,San Antonio,2012,HR,3,107200
11082,Mae Sawyer,Female,28,Bachelors,Jacksonville,2012,HR,3,105500
11083,Mina Jenkins,Female,26,Bachelors,"Washington, D.C.",2017,Operations,2,73800
11084,Casey Brock,Male,25,Bachelors,Phoenix,2013,Marketing,3,105800
11085,Corey Alvarez,Male,24,Masters,Philadelphia,2018,R&D,3,101700
11086,Karl Whitney,Male,26,Bachelors,San Diego,2016,HR,3,102800
11087,Spencer Dickinson,Male,26,Bachelors,Jacksonville,2013,Sales,3,108500
11088,Andrea Ramirez,Female,28,Bachelors,Philadelphia,2016,Operations,3,119600
11089,Kaleb Cox,Male,27,Masters,Columbus,2017,Operations,2,75600
11090,Anders Johns,Male,27,Bachelors,Charlotte,2018,Marketing,2,86700
11091,Keira Carr,Female,28,Masters,New York City,2014,Finance & Accounting,3,119400
11092,Juliet Jarvis,Female,25,Masters,"Washington, D.C.",2017,Procurement & Supply Chain,3,119500
11093,Florence Cash,Female,26,Masters,Jacksonville,2017,Sales,3,105700
11094,Sophia Townsend,Female,27,Bachelors,Charlotte,2015,Procurement & Supply Chain,2,77200
11095,Conrad Blevins,Male,27,Bachelors,Phoenix,2013,Customer Service,3,110000
11096,Bodhi Morse,Others,26,Masters,Jacksonville,2017,HR,1,48000
11097,Rhea Duffy,Others,27,Bachelors,Chicago,2013,Finance & Accounting,3,119500
11098,Caroline Gibson,Female,28,Bachelors,Seattle,2012,Finance & Accounting,3,110500
11099,Esme Sinclair,Female,27,Masters,Fort Worth,2017,Customer Service,2,97400
11100,Logan Henderson,Male,26,Bachelors,Charlotte,2017,IT,3,114600
11101,Bodhi Osborn,Others,28,Bachelors,San Antonio,2013,Operations,3,107700
11102,Kylie Arnold,Female,27,Masters,Fort Worth,2012,Sales,3,106100
11103,Tyler Cannon,Male,24,Bachelors,Houston,2017,IT,2,80400
11104,Alina Miles,Female,25,Masters,Phoenix,2017,R&D,3,101500
11105,Rebecca Blevins,Female,25,Bachelors,Denver,2018,Customer Service,3,101600
11106,Frankie Goddard,Others,28,Bachelors,Houston,2016,Procurement & Supply Chain,3,106000
11107,Alexis Herman,Female,28,Masters,Los Angeles,2017,Operations,3,107300
11108,Clayton Callahan,Male,24,Bachelors,San Diego,2014,Legal,3,116600
11109,Noelle Bates,Female,26,Bachelors,Indianapolis,2016,Marketing,3,103100
11110,Ophelia Roach,Female,24,Bachelors,Austin,2014,Legal,3,119500
11111,Anthony Mathis,Male,26,Bachelors,Seattle,2013,Operations,3,117300
11112,Hope Caldwell,Female,27,Bachelors,Dallas,2012,Legal,3,109000
11113,Claudia Mckinney,Female,24,Bachelors,Charlotte,2018,Legal,3,114900
11114,Rhea Reilly,Others,26,Bachelors,Denver,2017,Marketing,1,48200
11115,Scott Garrison,Male,28,Bachelors,Dallas,2015,Operations,3,104400
11116,Graham Cooke,Male,28,Bachelors,Seattle,2013,Operations,3,107400
11117,Lyla Connolly,Others,27,Bachelors,New York City,2012,Procurement & Supply Chain,3,101900
11118,Elora Schneider,Others,26,Bachelors,San Diego,2013,Finance & Accounting,3,113400
11119,Alistair Leonard,Male,27,Masters,Columbus,2013,Marketing,2,96400
11120,Juliet Shelton,Female,24,Bachelors,Charlotte,2016,Operations,3,108300
11121,Riley Cordova,Male,28,Bachelors,Dallas,2015,Customer Service,2,84000
11122,Alina Brooks,Female,25,Bachelors,Los Angeles,2015,Procurement & Supply Chain,2,87800
11123,Tobias Snider,Male,24,Bachelors,Houston,2014,Operations,3,99600
11124,Alana Blanchard,Female,27,Bachelors,Indianapolis,2017,Sales,3,99000
11125,Eli Herman,Male,26,Bachelors,New York City,2012,Customer Service,3,111300
11126,Tania Richmond,Female,28,Bachelors,Austin,2013,Customer Service,3,119700
11127,Alfie Connolly,Others,28,Bachelors,Los Angeles,2012,Sales,3,108600
11128,Cameron Mckee,Male,26,Bachelors,Dallas,2015,Procurement & Supply Chain,2,90100
11129,Cecilia Perez,Female,26,Bachelors,Phoenix,2016,Sales,1,66800
11130,Omar Head,Male,28,Masters,Jacksonville,2017,Marketing,2,73300
11131,Aspen Holcomb,Female,25,Masters,San Antonio,2017,Sales,2,71400
11132,Ethan Quinn,Male,24,Bachelors,San Antonio,2017,Procurement & Supply Chain,3,108100
11133,Anita Christensen,Female,28,Bachelors,San Diego,2013,Procurement & Supply Chain,3,98900
11134,Xenia Hancock,Others,27,Bachelors,Indianapolis,2014,Customer Service,3,113200
11135,Kimberly Lowe,Female,26,Bachelors,San Diego,2016,R&D,2,89600
11136,Kennedy Phelps,Female,27,Bachelors,Jacksonville,2018,Customer Service,3,100400
11137,Marie Singleton,Female,28,Bachelors,"Washington, D.C.",2012,Finance & Accounting,3,112900
11138,Julian Travis,Male,26,Bachelors,Columbus,2013,R&D,2,78900
11139,Catherine Willis,Female,28,Bachelors,"Washington, D.C.",2014,Sales,3,115900
11140,Roman Newton,Male,28,Masters,"Washington, D.C.",2017,Procurement & Supply Chain,2,71800
11141,Elizabeth Rivers,Female,27,Bachelors,Charlotte,2012,Operations,1,40600
11142,Jayden Stone,Male,27,Bachelors,San Diego,2017,IT,2,92700
11143,Amelie Summers,Others,24,Bachelors,San Jose,2014,Marketing,3,112700
11144,Leslie Richardson,Female,27,Bachelors,Houston,2013,Sales,3,118800
11145,Thomas Whitaker,Male,27,Bachelors,Charlotte,2015,Sales,3,116400
11146,Quentin Marks,Male,27,Bachelors,Fort Worth,2017,Customer Service,3,114800
11147,Inaya Solomon,Others,24,Masters,Jacksonville,2012,R&D,3,102900
11148,Nora Mcclain,Female,25,Bachelors,San Diego,2013,Operations,2,81600
11149,Angel Dunn,Female,25,Bachelors,Denver,2017,Legal,3,112800
11150,Jaden Costello,Male,25,Bachelors,Columbus,2018,Sales,3,116300
11151,Xander Jenkins,Others,25,Masters,Chicago,2013,Sales,3,100500
11152,Ellie Park,Female,24,Bachelors,Philadelphia,2013,Marketing,3,104600
11153,Henry Stanley,Male,24,Bachelors,"Washington, D.C.",2015,Operations,3,100000
11154,Flora Randall,Female,24,Bachelors,Jacksonville,2014,Procurement & Supply Chain,3,104500
11155,Sadie Snyder,Female,26,Masters,San Jose,2012,Marketing,3,115800
11156,Dylan Horn,Male,25,Bachelors,Charlotte,2015,Operations,3,99100
11157,Gideon Knox,Male,26,Bachelors,Dallas,2017,Finance & Accounting,2,72700
11158,Mia Sawyer,Female,28,Bachelors,Chicago,2013,Marketing,3,119400
11159,Owen Kirk,Male,28,Bachelors,"Washington, D.C.",2016,HR,2,74300
11160,Dorian Trevino,Male,24,Bachelors,Los Angeles,2012,IT,3,107100
11161,Carlos Trujillo,Male,28,Bachelors,Boston,2015,IT,3,98500
11162,Anders Kim,Male,24,Bachelors,"Washington, D.C.",2017,Sales,1,52700
11163,Tobias Crosby,Male,28,Masters,Fort Worth,2017,Marketing,2,80000
11164,Brandon Mann,Male,24,Bachelors,Austin,2017,Procurement & Supply Chain,3,110300
11165,Mason Savage,Male,27,Bachelors,Phoenix,2016,Marketing,3,111300
11166,Gage Page,Male,28,Bachelors,Austin,2015,Finance & Accounting,3,111000
11167,Karla Duke,Female,28,Bachelors,Indianapolis,2016,Operations,3,101800
11168,Susan Rivera,Female,25,Bachelors,Columbus,2018,Procurement & Supply Chain,3,107500
11169,Alice Brewer,Female,28,Bachelors,Charlotte,2015,Operations,3,119300
11170,Alfie Schultz,Others,27,Bachelors,Boston,2014,R&D,3,115300
11171,Andrea Wilkerson,Female,26,Bachelors,San Antonio,2013,HR,3,105400
11172,Sara Chandler,Female,24,Bachelors,Houston,2015,Sales,1,68800
11173,Marley Parsons,Others,27,Bachelors,Columbus,2012,Customer Service,3,115600
11174,Taylor Carlson,Male,25,Bachelors,San Diego,2012,HR,3,101100
11175,Irene Jeffers,Others,28,Bachelors,Columbus,2015,Finance & Accounting,3,114800
11176,Heidi Talley,Female,24,Masters,Columbus,2017,Sales,2,89900
11177,Kiara Reid,Female,28,Bachelors,Houston,2014,Customer Service,3,117000
11178,Jaden Stewart,Male,24,Masters,Houston,2017,Marketing,2,94500
11179,Catalina Mann,Female,26,Bachelors,San Jose,2014,HR,3,110200
11180,Robert Mueller,Male,28,Bachelors,Jacksonville,2015,Legal,2,72200
11181,Percy Riddle,Male,28,Masters,"Washington, D.C.",2013,Procurement & Supply Chain,2,74700
11182,Quinn Norton,Male,28,Bachelors,Denver,2013,Sales,1,42300
11183,Austin Lindsey,Others,26,Bachelors,Phoenix,2015,R&D,2,79700
11184,Alexandra Acosta,Female,28,Masters,Philadelphia,2015,Procurement & Supply Chain,3,113000
11185,Elliot Keller,Male,27,Bachelors,San Diego,2013,R&D,3,111000
11186,Kaden Talley,Male,28,Bachelors,Philadelphia,2018,R&D,3,104600
11187,Jade Gillespie,Female,28,Bachelors,Boston,2012,Procurement & Supply Chain,3,107000
11188,Bonnie Mcguire,Female,27,Bachelors,Austin,2014,Finance & Accounting,3,110900
11189,Clayton Russell,Male,24,Masters,Charlotte,2018,Legal,3,115700
11190,Leah Frazier,Female,25,Bachelors,Columbus,2018,Customer Service,3,106200
11191,Yasmine Stokes,Female,25,Bachelors,Philadelphia,2017,Customer Service,2,91000
11192,Nia Morris,Others,24,Bachelors,Los Angeles,2014,Marketing,3,113100
11193,Isla Holcomb,Female,26,Bachelors,Dallas,2012,HR,3,107100
11194,Erin Alexander,Female,26,Bachelors,"Washington, D.C.",2014,Procurement & Supply Chain,3,100700
11195,Percy Mclaughlin,Male,28,Bachelors,Boston,2014,Finance & Accounting,3,101500
11196,Catherine Craig,Female,26,Bachelors,Dallas,2018,Legal,3,111500
11197,Scarlett Carson,Female,26,Bachelors,San Diego,2013,Sales,2,86300
11198,Morgan Simpson,Female,25,Bachelors,"Washington, D.C.",2013,Customer Service,2,97900
11199,Graham Godfrey,Male,25,Bachelors,Fort Worth,2018,R&D,3,109000
11200,Jamie Adkins,Male,25,Bachelors,Chicago,2013,R&D,3,118700
11201,Ophelia Olsen,Female,28,Bachelors,Chicago,2014,Customer Service,3,118200
11202,Joel Raymond,Male,24,Masters,New York City,2017,Sales,3,119100
11203,Malik Reese,Male,27,Masters,Indianapolis,2017,Legal,2,84000
11204,Amy Prince,Female,24,Bachelors,"Washington, D.C.",2012,Sales,3,104800
11205,Selena Estes,Female,27,Bachelors,Charlotte,2017,IT,3,119700
11206,Winnie Ortiz,Female,28,Masters,Austin,2017,Customer Service,2,89800
11207,Catherine Salinas,Female,25,Bachelors,Fort Worth,2017,Customer Service,2,80400
11208,Nia Spears,Others,25,Bachelors,New York City,2017,Sales,3,110500
11209,Jackson Maddox,Male,24,Masters,Los Angeles,2017,Customer Service,2,85500
11210,Brianna Shepard,Female,27,Bachelors,San Antonio,2013,Legal,3,119800
11211,Selena Ritchie,Female,26,Bachelors,Denver,2016,R&D,3,114300
11212,Marina Luna,Female,27,Bachelors,Austin,2015,Finance & Accounting,2,77800
11213,Darius Stanton,Male,27,Bachelors,Denver,2014,Customer Service,3,117300
11214,Sonia Savage,Female,26,Bachelors,Columbus,2012,Procurement & Supply Chain,3,103800
11215,Rajan Berry,Others,27,Bachelors,Columbus,2016,Legal,2,95300
11216,Robin Mueller,Male,28,Masters,Houston,2017,Operations,2,82100
11217,Andrea Ramos,Female,24,Masters,Seattle,2017,Operations,3,107600
11218,Shannon Vargas,Female,24,Bachelors,Austin,2017,Customer Service,3,118800
11219,Alisha Byrd,Others,24,Bachelors,Fort Worth,2018,IT,3,110300
11220,Jade Foley,Female,28,Masters,New York City,2017,Sales,2,75600
11221,Elise Martin,Female,26,Bachelors,Columbus,2015,IT,3,119900
11222,Xenia Nielsen,Others,26,Bachelors,Austin,2018,Operations,3,107800
11223,Teagan Diaz,Female,25,Bachelors,Los Angeles,2013,HR,3,112900
11224,Dominic Cohen,Male,26,Bachelors,San Antonio,2016,HR,3,100800
11225,Ava Curtis,Female,28,Masters,Denver,2018,HR,3,110200
11226,Calvin Bates,Male,26,Bachelors,Dallas,2016,HR,3,108900
11227,Bruno Haley,Others,27,Bachelors,Philadelphia,2017,Marketing,3,110400
11228,Cassandra Cabrera,Female,27,Bachelors,Columbus,2012,R&D,3,109500
11229,Luis Rosario,Male,27,PHD,Seattle,2016,IT,3,111900
11230,Albert Little,Others,25,Bachelors,Denver,2017,Sales,2,76100
11231,Hope Conway,Female,28,Bachelors,San Jose,2015,IT,3,108900
11232,Maeve Rowland,Female,26,Bachelors,Houston,2013,Marketing,2,97000
11233,Adan Brandt,Others,27,Bachelors,Jacksonville,2017,Legal,3,117100
11234,Lara Moses,Others,24,Bachelors,San Diego,2015,Procurement & Supply Chain,2,70800
11235,Ibrahim Head,Male,27,Bachelors,Fort Worth,2017,Marketing,3,103900
11236,Jennifer Hendricks,Female,25,Bachelors,San Jose,2016,Customer Service,3,103400
11237,Aditya Gordon,Others,26,Bachelors,Indianapolis,2018,Customer Service,3,102800
11238,Amelia Rogers,Female,27,Bachelors,"Washington, D.C.",2015,Legal,3,99600
11239,Jack Peck,Male,24,Bachelors,Indianapolis,2014,Legal,3,104600
11240,Genevieve Russell,Female,27,Bachelors,Philadelphia,2012,Operations,3,113500
11241,Miriam Ray,Female,27,Bachelors,"Washington, D.C.",2013,Marketing,3,116200
11242,Theodore Mendoza,Male,25,Bachelors,Jacksonville,2015,Operations,1,65700
11243,Craig Cash,Male,25,Masters,Indianapolis,2017,HR,2,85300
11244,Beckett Mcclain,Male,28,PHD,Dallas,2015,Legal,3,104200
11245,Ellie Herman,Female,28,Bachelors,Columbus,2015,Sales,3,107500
11246,Roman Godfrey,Male,28,Bachelors,Philadelphia,2016,Marketing,3,110700
11247,Avery Christian,Male,24,PHD,Dallas,2013,HR,3,115100
11248,Hadley Leach,Female,26,Bachelors,"Washington, D.C.",2014,Sales,3,119600
11249,Elsa Davidson,Female,26,Bachelors,Philadelphia,2015,Customer Service,2,93000
11250,Gael Benson,Others,27,Bachelors,Charlotte,2017,HR,3,119700
11251,Weston Carroll,Male,26,Bachelors,San Jose,2014,Customer Service,3,99000
11252,Victoria Wyatt,Female,27,Masters,Jacksonville,2013,Procurement & Supply Chain,3,104700
11253,Luna Kendall,Female,24,Bachelors,San Diego,2016,IT,3,98900
11254,Karter Hodges,Male,26,Bachelors,Phoenix,2016,Procurement & Supply Chain,3,112100
11255,Ida Bush,Others,28,Bachelors,Charlotte,2013,Customer Service,2,75600
11256,Lincoln Valdez,Male,24,Masters,Chicago,2017,Sales,2,90300
11257,Mara Phelps,Others,24,Masters,New York City,2017,HR,2,80000
11258,Javier English,Male,24,Masters,Indianapolis,2015,Procurement & Supply Chain,2,86800
11259,Charlotte Oliver,Female,26,Bachelors,Houston,2014,Marketing,3,117400
11260,Virginia Jacobs,Female,27,Bachelors,Denver,2016,Operations,2,72400
11261,Miriam Dyer,Female,25,Bachelors,"Washington, D.C.",2017,Legal,3,99200
11262,Raheem Carr,Male,26,Masters,New York City,2017,Procurement & Supply Chain,2,85000
11263,Weston Sexton,Male,25,Bachelors,Houston,2016,Finance & Accounting,1,45000
11264,Kimberly Ramsey,Female,25,PHD,San Diego,2014,R&D,1,56900
11265,Samuel Holcomb,Male,25,Bachelors,San Diego,2013,HR,3,107000
11266,Alana Neal,Female,24,Bachelors,Columbus,2014,IT,3,119500
11267,Serena Wiley,Female,28,Bachelors,Houston,2015,IT,2,97600
11268,Alfie Ramsey,Others,28,Bachelors,Indianapolis,2014,HR,3,100500
11269,Aleena Richards,Female,26,Bachelors,Indianapolis,2015,Marketing,3,112600
11270,Lila Levy,Female,25,Bachelors,San Antonio,2014,Procurement & Supply Chain,3,111200
11271,Felix Corbett,Male,26,Bachelors,Los Angeles,2018,Procurement & Supply Chain,3,113200
11272,Quentin Gibson,Male,28,Masters,San Diego,2015,HR,2,87200
11273,Tom Cabrera,Male,28,Masters,Los Angeles,2013,R&D,3,118600
11274,Emmanuel Hendrix,Male,25,Bachelors,Dallas,2014,Marketing,3,105700
11275,Amaya Holmes,Female,26,Masters,Philadelphia,2015,Marketing,2,76500
11276,Chris Hall,Male,27,Bachelors,Philadelphia,2016,Operations,3,117900
11277,Amira Ali,Female,24,Bachelors,Seattle,2014,Customer Service,3,103600
11278,Grant Weeks,Male,24,Masters,San Antonio,2017,Sales,3,106400
11279,Benjamin Goddard,Male,25,Bachelors,San Antonio,2014,Operations,3,116800
11280,Whitney Prince,Female,27,Bachelors,Seattle,2015,Operations,3,119900
11281,Flynn Bryant,Others,28,Bachelors,Denver,2017,Procurement & Supply Chain,2,71400
11282,Chris Stark,Male,25,Bachelors,Denver,2017,HR,3,110000
11283,Lena Bowen,Female,24,Bachelors,New York City,2012,HR,3,103200
11284,Eleanor Santiago,Female,25,Masters,"Washington, D.C.",2016,Procurement & Supply Chain,3,111200
11285,Nathan Colon,Male,26,Bachelors,Boston,2015,Marketing,2,74500
11286,Gabriela Roberts,Female,27,Masters,New York City,2014,Procurement & Supply Chain,3,117500
11287,Phoebe Bowen,Female,24,Bachelors,Austin,2015,HR,3,117000
11288,Evelyn Gilmore,Female,25,Bachelors,Columbus,2014,HR,3,100900
11289,Eliza Hampton,Female,24,Bachelors,Phoenix,2017,Sales,3,109800
11290,Dorothy Sweeney,Female,24,Bachelors,Denver,2017,IT,3,109500
11291,Tiana Terry,Others,28,Bachelors,Los Angeles,2012,Legal,3,119500
11292,Lara Shelton,Others,26,Bachelors,Los Angeles,2014,Customer Service,1,44800
11293,Victor Valdez,Male,28,Bachelors,Houston,2017,Operations,3,104600
11294,Orion Woodward,Others,25,Bachelors,Denver,2015,HR,1,65400
11295,Cassian Dillon,Male,24,Bachelors,San Antonio,2015,R&D,2,86200
11296,Monica Haley,Female,26,Bachelors,Phoenix,2017,Sales,2,84800
11297,Kara Combs,Female,28,Bachelors,"Washington, D.C.",2015,Legal,3,107700
11298,Clarence Watts,Others,28,Bachelors,Charlotte,2016,Procurement & Supply Chain,3,102600
11299,Anaya Silva,Others,28,Bachelors,Jacksonville,2013,IT,3,101300
11300,Paula Hutchinson,Female,27,Bachelors,San Diego,2017,IT,3,100300
11301,Rhea Haley,Others,25,Masters,Denver,2015,Operations,3,117500
11302,Kevin Acosta,Male,28,Bachelors,San Diego,2012,Sales,3,115300
11303,Kate Cross,Others,26,Bachelors,Jacksonville,2012,R&D,3,113500
11304,Isaac Pope,Male,25,Bachelors,New York City,2012,Finance & Accounting,3,117700
11305,Drake Mcguire,Male,25,Masters,San Jose,2017,Customer Service,3,108200
11306,Sutton Randolph,Others,25,Bachelors,Philadelphia,2017,IT,3,102400
11307,Dakota Noble,Female,26,Bachelors,Denver,2012,R&D,3,105200
11308,Eliza Bishop,Female,26,Bachelors,"Washington, D.C.",2017,Legal,3,105900
11309,Arya Cobb,Others,25,Masters,Fort Worth,2017,Legal,2,79400
11310,Micah Zamora,Male,25,Bachelors,Philadelphia,2015,Sales,3,117100
11311,Jackson Marlow,Male,26,Bachelors,Fort Worth,2013,HR,3,98100
11312,Hope Cox,Female,25,Bachelors,Dallas,2017,Sales,3,103700
11313,Dora Caldwell,Female,28,Bachelors,Philadelphia,2014,HR,3,117000
11314,George Jackson,Male,27,Bachelors,Denver,2016,Sales,3,118500
11315,Andrew Sullivan,Male,25,Bachelors,Phoenix,2018,R&D,3,118900
11316,Jayden Schwartz,Male,27,Bachelors,Denver,2012,Operations,3,103400
11317,Arya Newton,Others,27,Bachelors,New York City,2017,Marketing,3,117000
11318,Lincoln Winters,Male,25,Bachelors,Los Angeles,2016,Marketing,2,84300
11319,Raheem Kent,Male,28,Bachelors,Columbus,2016,HR,3,114300
11320,Reagan Neal,Others,27,Bachelors,San Jose,2017,Operations,2,89000
11321,Amber Conway,Female,24,Bachelors,Dallas,2016,R&D,3,113800
11322,Eva Gonzalez,Female,25,Bachelors,Denver,2013,Sales,3,114000
11323,Cameron Banks,Male,25,Bachelors,Los Angeles,2017,Operations,2,79500
11324,Karina Ramirez,Female,24,Bachelors,San Diego,2015,R&D,3,106400
11325,Dean Tyler,Male,25,Bachelors,Houston,2012,Sales,3,107400
11326,Kayla Hebert,Female,27,PHD,Columbus,2017,R&D,3,115700
11327,Nina Landry,Female,25,Bachelors,Charlotte,2014,HR,3,99700
11328,Reid Decker,Male,28,Masters,Chicago,2017,Marketing,3,108900
11329,Rachel Hopkins,Female,25,Bachelors,San Antonio,2016,Customer Service,3,105300
11330,Kaia Bullock,Others,25,Bachelors,Chicago,2014,IT,3,113600
11331,Kunal Talley,Others,27,Bachelors,Philadelphia,2012,R&D,3,120000
11332,Isaac Williamson,Male,25,Bachelors,Phoenix,2012,Sales,3,103400
11333,Tobias Watts,Male,27,Masters,San Antonio,2015,IT,3,111900
11334,Melissa Whitney,Female,24,Bachelors,"Washington, D.C.",2014,Marketing,3,115700
11335,Priya Frazier,Female,27,Bachelors,Austin,2015,Operations,2,78800
11336,Chloe Charles,Female,25,Bachelors,Houston,2014,R&D,3,105600
11337,Jean Riley,Female,25,Bachelors,San Antonio,2015,Operations,3,112500
11338,Kate Hunter,Others,26,Bachelors,Fort Worth,2018,Procurement & Supply Chain,3,105200
11339,Samuel Melendez,Male,26,Bachelors,Dallas,2017,R&D,2,75100
11340,Jasper Pittman,Male,24,Bachelors,"Washington, D.C.",2014,Operations,2,85500
11341,Serena Schwartz,Female,27,Bachelors,Jacksonville,2013,Legal,3,109300
11342,Drew Charles,Male,27,Bachelors,San Diego,2017,R&D,2,72100
11343,Victoria Todd,Female,28,PHD,Columbus,2012,Marketing,3,108100
11344,Angel Talley,Female,26,Masters,Jacksonville,2012,Procurement & Supply Chain,3,105000
11345,Lena Key,Female,27,Bachelors,Seattle,2014,Operations,3,110100
11346,Yasmin Summers,Female,28,Bachelors,Phoenix,2013,Marketing,3,99100
11347,Cruz Bell,Male,26,Bachelors,Phoenix,2014,Procurement & Supply Chain,3,118600
11348,Sadie Hoover,Female,24,Bachelors,Fort Worth,2016,HR,2,81100
11349,Colin Herring,Male,24,Bachelors,Phoenix,2015,Legal,1,68200
11350,Nina Rice,Female,26,Bachelors,New York City,2012,Sales,3,105700
11351,Mallory Thornton,Female,27,Masters,Chicago,2014,HR,3,110300
11352,Audrey Mills,Female,27,Masters,Seattle,2017,R&D,2,85200
11353,Amira Brock,Female,25,Masters,Denver,2017,R&D,1,66700
11354,Maddie Berg,Others,28,Masters,Austin,2012,Legal,3,102100
11355,Eli Talley,Male,28,Masters,Denver,2012,HR,3,114000
11356,Brielle Stevenson,Female,24,Masters,Boston,2013,Customer Service,2,85300
11357,Anaya Mccormick,Others,25,Bachelors,Jacksonville,2015,IT,3,114800
11358,Salem Meyers,Others,28,Masters,San Jose,2017,R&D,3,103600
11359,Roman Moody,Male,24,Bachelors,Columbus,2013,Sales,3,112000
11360,Leo Holden,Others,28,Masters,Los Angeles,2015,IT,3,115100
11361,Lola Hinton,Female,27,Bachelors,Boston,2018,IT,3,110700
11362,Robert Silva,Male,24,Bachelors,"Washington, D.C.",2015,HR,3,98900
11363,Brady Hood,Male,26,Bachelors,Chicago,2014,Procurement & Supply Chain,3,98600
11364,Conrad Gilbert,Male,25,Bachelors,Columbus,2013,Operations,3,101100
11365,Amelie Dyer,Others,26,Bachelors,Fort Worth,2013,HR,3,104400
11366,Elliot Bullock,Male,28,Bachelors,Denver,2018,Procurement & Supply Chain,3,109700
11367,Rose Andrews,Female,25,Bachelors,Boston,2013,Operations,3,101100
11368,Reagan Copeland,Others,27,PHD,Los Angeles,2012,Procurement & Supply Chain,3,113300
11369,Sasha Curtis,Female,24,Bachelors,San Jose,2013,Customer Service,3,102900
11370,Frankie Larson,Others,28,Bachelors,Austin,2013,Sales,3,102100
11371,Patrick Luna,Male,24,Bachelors,San Antonio,2015,Finance & Accounting,3,110200
11372,Tara Rowe,Female,27,Bachelors,San Jose,2013,Operations,3,106800
11373,Felix Sandoval,Male,27,Bachelors,Boston,2012,R&D,3,107300
11374,Vivian Adkins,Female,26,Bachelors,Phoenix,2018,Marketing,3,116000
11375,Cesar Winters,Others,26,Bachelors,Los Angeles,2013,Customer Service,3,108400
11376,Victoria Strickland,Female,24,Bachelors,Denver,2015,Customer Service,2,81800
11377,Andrea Briggs,Female,24,Bachelors,San Diego,2016,IT,3,110600
11378,Abigail Baldwin,Female,27,PHD,Austin,2018,Operations,3,103100
11379,Delia Marks,Female,26,Bachelors,Chicago,2015,Legal,3,99000
11380,Anton Mercer,Others,26,Bachelors,"Washington, D.C.",2015,Operations,1,65200
11381,Tobias Farrell,Male,24,Bachelors,Dallas,2015,Legal,2,93800
11382,Savannah Wallace,Female,27,Bachelors,New York City,2013,Finance & Accounting,3,102100
11383,Paul Schroeder,Male,24,PHD,Philadelphia,2016,Legal,3,118600
11384,Heidi Rogers,Female,26,Bachelors,Boston,2013,Sales,3,111000
11385,Jonah Keith,Male,28,Bachelors,Phoenix,2015,Finance & Accounting,3,101000
11386,James Hayes,Male,26,Bachelors,Jacksonville,2015,IT,3,113800
11387,August Atkinson,Male,27,Bachelors,Jacksonville,2016,Operations,3,103500
11388,Samuel Cooke,Male,25,Bachelors,Boston,2017,R&D,3,100000
11389,Susan Gibbs,Female,26,Masters,Indianapolis,2017,R&D,2,86500
11390,Irene Foley,Others,27,Bachelors,Chicago,2012,Legal,3,111900
11391,Priya Long,Female,26,Bachelors,Seattle,2014,R&D,3,102000
11392,Amara Smith,Female,25,Bachelors,"Washington, D.C.",2015,Marketing,2,78500
11393,Raina Wiley,Female,26,Bachelors,Charlotte,2013,Legal,3,104500
11394,Warren Knox,Male,28,Bachelors,Los Angeles,2017,Operations,2,79300
11395,Nicholas Pennington,Male,25,Bachelors,Charlotte,2014,R&D,3,106700
11396,Martin Fitzpatrick,Male,27,Bachelors,Charlotte,2013,IT,3,102100
11397,Teresa Torres,Female,26,PHD,Los Angeles,2013,Customer Service,3,114900
11398,Karl Gomez,Male,25,Bachelors,"Washington, D.C.",2013,Legal,3,108200
11399,Hannah Roy,Female,28,Bachelors,San Jose,2017,Procurement & Supply Chain,1,65300
11400,Austin Fisher,Others,26,Bachelors,Houston,2014,Procurement & Supply Chain,3,103000
11401,Reid Peck,Male,27,Bachelors,Columbus,2015,Sales,3,106400
11402,Casey Allen,Male,28,Masters,Houston,2013,IT,2,85700
11403,Keegan Ingram,Others,25,Bachelors,Fort Worth,2013,Marketing,3,119400
11404,Amaya Valencia,Female,26,Masters,Philadelphia,2017,Sales,2,78700
11405,Raphael Rhodes,Male,25,Masters,"Washington, D.C.",2016,Legal,3,99700
11406,Amelia Coleman,Female,28,Bachelors,Indianapolis,2017,Sales,3,119200
11407,Cruz Conway,Male,28,Masters,San Diego,2017,Finance & Accounting,2,79200
11408,Mara Foster,Others,27,Bachelors,Denver,2012,Legal,1,43800
11409,Annie Lamb,Female,27,Bachelors,Denver,2018,HR,3,105900
11410,Troy Frederick,Male,24,Bachelors,Indianapolis,2016,Finance & Accounting,3,100700
11411,Dakota Riley,Female,26,Bachelors,Dallas,2017,HR,3,114400
11412,Clara Moran,Female,25,Bachelors,"Washington, D.C.",2017,Sales,3,106600
11413,Gabriel Hendrix,Male,28,Bachelors,Philadelphia,2015,IT,3,99700
11414,Veronica Warner,Female,26,Bachelors,"Washington, D.C.",2015,Procurement & Supply Chain,3,98900
11415,Nolan Copeland,Male,26,Masters,"Washington, D.C.",2015,HR,2,74200
11416,Amelia Wilkinson,Female,25,Masters,Boston,2015,IT,3,116900
11417,Knox Roberts,Others,27,Bachelors,Fort Worth,2016,Marketing,3,116800
11418,Rafael Whitaker,Male,25,Bachelors,Denver,2013,HR,3,107800
11419,Micah Mcneal,Male,26,Bachelors,Chicago,2018,R&D,3,115200
11420,Fiona Noble,Female,27,Bachelors,Denver,2014,Sales,3,102500
11421,Priya Haley,Female,25,Bachelors,Columbus,2017,R&D,1,47300
11422,Carlos Martin,Male,26,Bachelors,Austin,2015,Sales,3,100500
11423,Jamie Young,Male,24,Bachelors,New York City,2015,Procurement & Supply Chain,3,104000
11424,Teagan Dillard,Female,28,Bachelors,Dallas,2015,Finance & Accounting,3,103100
11425,Ayla Coffey,Others,26,Bachelors,Denver,2014,Finance & Accounting,2,77600
11426,Hector Roberts,Male,27,Bachelors,Philadelphia,2017,Finance & Accounting,3,118700
11427,Farah Townsend,Others,26,Bachelors,New York City,2014,R&D,3,117300
11428,Kaia Harper,Others,28,Bachelors,Charlotte,2018,Customer Service,3,112900
11429,Douglas Sellers,Male,28,Bachelors,Dallas,2015,R&D,3,99900
11430,Adan Baldwin,Others,28,Bachelors,Houston,2016,HR,3,100800
11431,Abigail Lane,Female,25,Bachelors,Austin,2017,Operations,3,103300
11432,Casey Hamilton,Male,24,Bachelors,Dallas,2015,IT,3,104000
11433,Bridget Godfrey,Female,28,Masters,Fort Worth,2018,Sales,3,114200
11434,Stephen Donaldson,Male,27,Bachelors,Phoenix,2015,Operations,3,114900
11435,Griffin Wheeler,Male,24,Bachelors,Fort Worth,2017,Customer Service,3,104300
11436,Pauline Avery,Female,28,Bachelors,Philadelphia,2017,Marketing,2,80200
11437,Amy Herman,Female,25,Bachelors,Chicago,2015,Finance & Accounting,3,109800
11438,Alice Randolph,Female,28,Bachelors,Charlotte,2012,IT,3,115600
11439,Toby Blanchard,Male,26,Bachelors,Austin,2013,Sales,3,101700
11440,Grayson Dickerson,Male,24,Bachelors,New York City,2016,Procurement & Supply Chain,1,42300
11441,Javier Howell,Male,27,Bachelors,Seattle,2016,Procurement & Supply Chain,3,115800
11442,Nora Fleming,Female,24,Bachelors,Dallas,2013,Legal,3,107800
11443,Adam Hampton,Male,26,Masters,Chicago,2017,Legal,2,81300
11444,Joshua Denton,Male,26,Bachelors,Indianapolis,2017,Sales,3,102200
11445,Kobe Witt,Male,25,Bachelors,Jacksonville,2018,Finance & Accounting,3,107900
11446,Adan Cottrell,Others,24,Bachelors,Indianapolis,2018,Procurement & Supply Chain,3,99700
11447,Hudson Richmond,Male,24,Bachelors,Austin,2015,Procurement & Supply Chain,3,105800
11448,Greta Leach,Female,24,Bachelors,Chicago,2013,Finance & Accounting,3,108800
11449,Alisha Kline,Others,28,Bachelors,Indianapolis,2013,Customer Service,2,91300
11450,Gwen Mcconnell,Female,24,Bachelors,Houston,2018,Finance & Accounting,3,114900
11451,Adan Mccarthy,Others,24,Bachelors,Fort Worth,2014,R&D,3,114600
11452,Louis Clements,Male,28,Bachelors,Indianapolis,2016,Marketing,3,119900
11453,Kaia Alexander,Others,25,Bachelors,Columbus,2014,R&D,3,102900
11454,Salem Mckenzie,Others,26,Bachelors,Denver,2014,Procurement & Supply Chain,3,106400
11455,Aleena Fowler,Female,28,Masters,Austin,2017,Operations,2,75200
11456,Leon Wolfe,Male,27,Bachelors,Boston,2012,HR,3,108000
11457,Karina Tanner,Female,27,Bachelors,Los Angeles,2016,Operations,3,99400
11458,Julia Reed,Female,28,Masters,Boston,2018,Procurement & Supply Chain,3,112700
11459,Leo Hansen,Others,24,Bachelors,Philadelphia,2017,Legal,3,117000
11460,Remy Sims,Male,24,Bachelors,Denver,2012,IT,3,108400
11461,Josie Murray,Female,28,Bachelors,Phoenix,2016,Customer Service,3,109100
11462,Annie Powell,Female,27,Bachelors,Charlotte,2012,HR,3,105300
11463,Nathan Rodgers,Male,27,Bachelors,Philadelphia,2014,R&D,3,113900
11464,James Hill,Male,24,Bachelors,Columbus,2017,Sales,3,114900
11465,Bradley Marks,Male,27,Bachelors,Philadelphia,2012,R&D,1,47200
11466,Weston North,Male,28,Bachelors,Dallas,2017,Procurement & Supply Chain,3,119100
11467,Isla Pearson,Female,25,Bachelors,Houston,2014,Customer Service,3,98800
11468,Freya Johnson,Female,25,Bachelors,Austin,2015,Sales,3,112200
11469,Cameron Chandler,Male,28,Bachelors,Charlotte,2017,R&D,2,80100
11470,Quinn Potter,Male,26,Bachelors,Boston,2015,Operations,2,83700
11471,Beatrice Rosario,Female,27,Bachelors,Columbus,2015,Sales,2,72700
11472,Scott Wiley,Male,26,Bachelors,Los Angeles,2015,Finance & Accounting,3,119000
11473,Shawn Shaw,Male,28,Bachelors,Chicago,2015,Sales,2,97800
11474,Cameron Harrington,Male,25,Bachelors,Boston,2012,R&D,3,116700
11475,Arya Webster,Others,25,Bachelors,Los Angeles,2013,IT,3,100000
11476,Sylvia Witt,Female,26,Bachelors,Phoenix,2016,Procurement & Supply Chain,3,99500
11477,Georgia Juarez,Female,24,PHD,Houston,2018,Customer Service,3,101700
11478,Beau Hickman,Male,27,Bachelors,Philadelphia,2014,Finance & Accounting,3,106700
11479,Alistair Christian,Male,26,Masters,Fort Worth,2017,Marketing,2,88000
11480,Nolan Campos,Male,27,Bachelors,San Antonio,2015,R&D,2,84800
11481,Kendall Cole,Male,24,Bachelors,Denver,2014,Marketing,3,99200
11482,Pauline Solomon,Female,25,Masters,Jacksonville,2017,Procurement & Supply Chain,2,96500
11483,Kobe Morse,Male,28,Bachelors,Columbus,2017,Sales,3,105700
11484,Kennedy Logan,Female,27,Bachelors,Los Angeles,2014,IT,3,118800
11485,Mallory Harvey,Female,24,Bachelors,Los Angeles,2012,HR,3,111000
11486,Kai Wright,Male,24,Bachelors,Phoenix,2018,Procurement & Supply Chain,3,115100
11487,Amelia Roberts,Female,27,Bachelors,Indianapolis,2015,Customer Service,3,116800
11488,Ezra Goodman,Male,28,Bachelors,San Diego,2015,IT,3,107600
11489,Emery Roth,Others,27,Bachelors,Fort Worth,2015,Sales,3,115700
11490,Quentin Marshall,Male,28,Bachelors,Chicago,2015,Legal,3,102300
11491,Dylan Gibbs,Male,27,Bachelors,Philadelphia,2015,Procurement & Supply Chain,2,76600
11492,Giselle Peck,Female,27,Bachelors,Houston,2016,Finance & Accounting,3,112900
11493,Elijah Wilkerson,Male,27,Masters,Philadelphia,2017,Marketing,3,102800
11494,Riley Lang,Male,26,Bachelors,Phoenix,2017,IT,2,77300
11495,Greta Mullins,Female,27,Bachelors,Austin,2015,Finance & Accounting,3,116500
11496,Corey Norton,Male,27,Bachelors,Seattle,2018,Procurement & Supply Chain,3,119300
11497,Maya Sullivan,Female,25,Bachelors,Indianapolis,2012,IT,3,107300
11498,Blake Quinn,Male,25,Bachelors,Los Angeles,2017,Marketing,3,104600
11499,Gerald Kane,Male,27,PHD,Phoenix,2013,HR,3,111200
11500,Simone Bentley,Female,28,Bachelors,San Antonio,2016,Finance & Accounting,3,99400
11501,Robert Cochran,Male,25,Bachelors,San Jose,2012,HR,3,114700
11502,Heidi Hopper,Female,27,Bachelors,San Antonio,2015,Marketing,3,100100
11503,Samantha Murphy,Female,24,Bachelors,Jacksonville,2016,IT,2,83500
11504,Lucian Beck,Others,26,Bachelors,"Washington, D.C.",2016,Operations,3,103100
11505,Kamila Armstrong,Others,27,Bachelors,Philadelphia,2014,IT,3,108900
11506,Bailey Ramos,Male,24,Bachelors,Charlotte,2013,IT,3,105800
11507,Bianca Ali,Female,25,Bachelors,San Diego,2017,Procurement & Supply Chain,3,112600
11508,Rachel Nielsen,Female,24,Bachelors,Austin,2017,Finance & Accounting,2,89800
11509,Juliana Mills,Female,27,Bachelors,Los Angeles,2013,Operations,3,110800
11510,Colton Ford,Others,26,Masters,Philadelphia,2013,R&D,3,101500
11511,Lyla Clarke,Others,25,Bachelors,Houston,2012,Operations,3,119400
11512,Amir Owens,Others,28,Bachelors,Los Angeles,2015,Sales,3,100300
11513,Wade Perez,Male,24,Masters,Columbus,2017,HR,2,82300
11514,Mina Mckenzie,Female,26,Masters,San Jose,2013,Sales,3,116400
11515,Riley Stafford,Male,26,Bachelors,San Diego,2014,Sales,3,105600
11516,Aditya Kelley,Others,24,PHD,New York City,2016,Operations,3,102700
11517,Grayson Vargas,Male,26,Bachelors,Fort Worth,2017,Legal,3,103500
11518,Casey Rowe,Male,26,Bachelors,Denver,2016,Operations,3,115600
11519,Orion Berger,Others,27,Bachelors,Dallas,2014,Finance & Accounting,3,107800
11520,Violet Winters,Female,28,Bachelors,Chicago,2017,Legal,3,101400
11521,Reagan Combs,Others,27,PHD,Charlotte,2016,HR,3,112100
11522,Mary Estes,Female,28,Masters,San Diego,2014,IT,3,102600
11523,Lana Gould,Female,28,Bachelors,Houston,2014,Customer Service,3,98800
11524,Paige Cortez,Female,24,Bachelors,"Washington, D.C.",2017,IT,3,99400
11525,Jordan Shannon,Male,28,Masters,Houston,2015,R&D,3,114200
11526,Bruno Trujillo,Others,25,Bachelors,Phoenix,2015,IT,2,91700
11527,Jasmine Carson,Female,27,Masters,Jacksonville,2017,IT,2,84100
11528,Morgan Wade,Female,25,Bachelors,Columbus,2014,Sales,2,87200
11529,Jonah Wagner,Male,28,Bachelors,Indianapolis,2015,Sales,2,75700
11530,Jennifer Williamson,Female,25,Bachelors,Phoenix,2013,IT,3,103900
11531,Harper Berry,Female,26,Bachelors,San Diego,2013,Marketing,1,56100
11532,Mark Best,Male,27,Bachelors,Dallas,2012,Marketing,2,71600
11533,Layla Molina,Female,28,Masters,Austin,2017,Legal,3,115500
11534,Rowan Dillard,Female,28,Bachelors,Boston,2012,Legal,3,99300
11535,Freya Mayo,Female,25,Bachelors,"Washington, D.C.",2015,Operations,2,70700
11536,Bella Barber,Female,26,Bachelors,Philadelphia,2015,Operations,3,102400
11537,Axel Holcomb,Male,24,Bachelors,New York City,2015,Operations,3,108500
11538,Isaac Prince,Male,24,Bachelors,Philadelphia,2018,R&D,3,115700
11539,Josie Odom,Female,27,Bachelors,Denver,2017,R&D,3,103100
11540,Sonia Herman,Female,27,PHD,San Jose,2012,Legal,3,105200
11541,Gerald Herman,Male,26,Bachelors,San Antonio,2012,Sales,3,104900
11542,Enzo Mccall,Male,25,Bachelors,"Washington, D.C.",2013,Customer Service,3,118200
11543,Vivian Vega,Female,24,Bachelors,Los Angeles,2015,HR,3,105900
11544,Marina Valencia,Female,24,Bachelors,Denver,2013,Finance & Accounting,3,117600
11545,Xander Christian,Others,24,Bachelors,Phoenix,2016,R&D,3,106200
11546,Marie Russell,Female,24,Bachelors,Austin,2018,HR,3,101300
11547,Griffin Patterson,Male,27,Bachelors,Austin,2015,R&D,3,106000
11548,Leon Dyer,Male,26,Bachelors,Boston,2018,IT,3,99100
11549,Samuel Dillard,Male,24,Bachelors,Los Angeles,2012,Procurement & Supply Chain,3,108800
11550,Frances Mayo,Female,27,Masters,Denver,2017,Operations,3,98600
11551,Yasmin Prince,Female,26,Bachelors,San Diego,2012,R&D,3,98800
11552,Diana Leary,Female,27,Bachelors,Columbus,2013,R&D,3,98200
11553,Amelie Bowman,Others,25,Bachelors,Jacksonville,2015,HR,3,101200
11554,Salem Park,Others,24,Bachelors,Jacksonville,2018,Finance & Accounting,3,112600
11555,Jayden Vega,Male,28,Bachelors,Phoenix,2014,Sales,3,100400
11556,Sara Lambert,Female,26,Bachelors,New York City,2013,Finance & Accounting,1,59300
11557,Xenia Gonzalez,Others,27,Bachelors,Chicago,2015,Sales,3,107700
11558,Alina Godfrey,Female,24,Bachelors,Indianapolis,2013,Customer Service,3,115300
11559,Sebastian Corbett,Male,26,Bachelors,Denver,2016,Finance & Accounting,3,112400
11560,Paisley Todd,Female,25,Bachelors,Columbus,2013,Legal,3,100700
11561,Cesar Cash,Others,27,Bachelors,New York City,2016,Procurement & Supply Chain,3,117000
11562,Clover Hodges,Others,26,Bachelors,Boston,2017,R&D,3,116800
11563,Angel Mckenzie,Female,28,Bachelors,Fort Worth,2018,HR,2,80800
11564,Savannah Smith,Female,27,Masters,Chicago,2017,Procurement & Supply Chain,2,97900
11565,Amara Banks,Female,25,Bachelors,Seattle,2013,HR,3,117600
11566,Greta Stuart,Female,24,Bachelors,Houston,2017,Operations,3,118400
11567,Finn Patrick,Male,25,Bachelors,Seattle,2017,Operations,2,76900
11568,Selena Warner,Female,27,Bachelors,Austin,2018,HR,3,112800
11569,Karl Moran,Male,27,Bachelors,Fort Worth,2016,IT,3,99500
11570,Ezra Shelton,Male,24,Bachelors,Los Angeles,2013,Finance & Accounting,1,45700
11571,Leonard Reynolds,Male,28,Bachelors,Seattle,2012,Marketing,1,47900
11572,Megan Abbott,Female,28,Bachelors,Columbus,2016,Finance & Accounting,2,74900
11573,Marina Flores,Female,24,Bachelors,Jacksonville,2016,Legal,3,117300
11574,William Griffin,Male,28,Bachelors,San Diego,2017,HR,3,105100
11575,Emmanuel Diaz,Male,28,Bachelors,Seattle,2017,Procurement & Supply Chain,2,88500
11576,Dakota Kerr,Female,25,Bachelors,Boston,2017,Legal,3,98600
11577,Josiah Baxter,Male,25,Bachelors,Indianapolis,2015,IT,3,107000
11578,Kobe Johnson,Male,25,Masters,Indianapolis,2013,Operations,3,112700
11579,Paula Riley,Female,24,Bachelors,Chicago,2017,HR,3,116900
11580,Corinne Nelson,Female,27,Bachelors,San Antonio,2013,Customer Service,3,101000
11581,Keira Phelps,Female,24,Bachelors,Charlotte,2013,Marketing,2,86700
11582,Carter Brock,Male,28,Bachelors,Seattle,2017,Procurement & Supply Chain,3,103900
11583,Robert Riley,Male,25,Bachelors,Charlotte,2012,R&D,3,110100
11584,Louis Short,Male,26,Bachelors,San Antonio,2014,Sales,3,118000
11585,George Gomez,Male,24,Bachelors,Indianapolis,2015,Procurement & Supply Chain,1,66300
11586,Luna Stewart,Female,24,Masters,Charlotte,2013,Sales,3,118100
11587,Weston Lynch,Male,25,Bachelors,Austin,2014,Marketing,3,99500
11588,Pedro Kline,Male,26,Bachelors,Los Angeles,2017,IT,2,73400
11589,Juliana Copeland,Female,25,Bachelors,Dallas,2014,Procurement & Supply Chain,3,117500
11590,Rhea Farley,Others,25,Masters,Charlotte,2013,Procurement & Supply Chain,3,104800
11591,Isaac Bennett,Male,24,Bachelors,Columbus,2014,R&D,3,109200
11592,River Rowland,Male,28,Bachelors,New York City,2014,R&D,2,81900
11593,Remy Egan,Male,28,Masters,Charlotte,2015,Marketing,3,110300
11594,Conrad Hester,Male,28,Bachelors,Columbus,2015,Marketing,3,118400
11595,Cassian Wyatt,Male,24,Bachelors,Seattle,2017,Marketing,3,108000
11596,Patricia Hernandez,Female,27,Bachelors,Columbus,2014,Procurement & Supply Chain,3,118700
11597,Angela Garcia,Female,28,Bachelors,"Washington, D.C.",2015,Sales,2,87800
11598,Dean Lester,Male,26,Masters,Houston,2017,Operations,2,87700
11599,Jennifer Hansen,Female,26,Bachelors,Boston,2016,IT,3,107800
11600,Henry Crow,Male,26,Bachelors,Austin,2016,Finance & Accounting,3,98700
11601,Atlas Head,Others,27,Bachelors,San Diego,2013,Sales,3,114900
11602,Delilah Lindsay,Female,28,Bachelors,Denver,2014,Operations,3,116700
11603,Victor Mccarthy,Male,25,Bachelors,Dallas,2017,IT,3,108500
11604,Parker Macdonald,Male,27,Bachelors,Philadelphia,2015,HR,1,68900
11605,Ida Mathis,Others,26,Bachelors,Phoenix,2013,Legal,3,113900
11606,Alexandra Brady,Female,24,Bachelors,Charlotte,2014,Legal,3,101000
11607,Sebastian Burgess,Male,26,Bachelors,Indianapolis,2014,Legal,2,96500
11608,Sean Jeffers,Male,24,Bachelors,San Jose,2013,Finance & Accounting,3,104200
11609,Sarah Puckett,Female,25,Bachelors,Austin,2012,Legal,3,115900
11610,Yasmin Arnold,Female,27,Bachelors,Dallas,2012,Procurement & Supply Chain,3,110600
11611,Ember Wolf,Female,28,Bachelors,Houston,2012,R&D,3,109000
11612,Owen Holt,Male,25,Masters,San Antonio,2017,Customer Service,2,84100
11613,Ashley Hodge,Female,25,Bachelors,Dallas,2014,Operations,3,100600
11614,Scarlett Callahan,Female,27,Bachelors,Columbus,2016,Marketing,2,76700
11615,Osiris Higgins,Others,28,Bachelors,Seattle,2017,Marketing,3,119500
11616,Sierra Hanson,Female,28,Masters,San Jose,2017,Sales,3,116500
11617,Cora Ramirez,Female,26,PHD,Chicago,2018,IT,3,110800
11618,Andrea Hawkins,Female,24,Masters,Los Angeles,2017,R&D,2,71700
11619,Tyler Spencer,Male,28,Bachelors,"Washington, D.C.",2014,Legal,3,102400
11620,Leah Payne,Female,26,Masters,"Washington, D.C.",2015,Finance & Accounting,3,118200
11621,Ivy Mckay,Female,27,Bachelors,"Washington, D.C.",2016,Finance & Accounting,3,104200
11622,Isabel Dyer,Female,28,Bachelors,Boston,2016,HR,3,119300
11623,Frances Morrison,Female,26,Bachelors,New York City,2012,Operations,3,103300
11624,Brooke Ryan,Female,27,Masters,Fort Worth,2015,Procurement & Supply Chain,2,90100
11625,Kiara Ahmed,Female,28,Masters,San Antonio,2017,Marketing,1,40600
11626,Shawn Mcpherson,Male,28,Masters,Jacksonville,2015,Marketing,3,112800
11627,Farah Robles,Others,26,Bachelors,San Antonio,2017,Operations,3,111400
11628,Vanessa Whitney,Female,28,Bachelors,Seattle,2017,Marketing,3,108300
11629,Michael Campos,Male,25,Bachelors,Jacksonville,2015,Customer Service,3,109600
11630,Addison York,Others,27,Masters,Chicago,2017,Operations,2,89100
11631,Marina Howard,Female,27,Masters,Indianapolis,2015,IT,2,72700
11632,Joanna Simmons,Female,25,Bachelors,New York City,2015,R&D,3,103400
11633,Clara Rocha,Female,28,Bachelors,Jacksonville,2013,HR,3,108100
11634,Victor Mckee,Male,25,Bachelors,Houston,2015,R&D,3,117500
11635,Carter Parker,Male,28,Bachelors,Jacksonville,2012,Marketing,3,101500
11636,Kamila Fuller,Others,27,Bachelors,"Washington, D.C.",2016,Finance & Accounting,3,118400
11637,Adam Lindsay,Male,26,Bachelors,Columbus,2016,R&D,3,115200
11638,Calvin Kidd,Male,26,PHD,Columbus,2018,IT,3,102600
11639,Stephen Norton,Male,27,Bachelors,Denver,2017,IT,3,101600
11640,Wesley Kline,Male,28,Bachelors,Phoenix,2018,Legal,3,103700
11641,Opal Hines,Female,24,Bachelors,Jacksonville,2013,IT,3,118700
11642,Ivan Herrera,Male,26,Bachelors,San Antonio,2013,Operations,3,99300
11643,Eleanor Marshall,Female,28,Bachelors,Austin,2013,Finance & Accounting,3,99000
11644,Alexis Roy,Female,28,Masters,San Jose,2017,HR,2,85000
11645,Ramon Norton,Male,24,Bachelors,Charlotte,2016,Operations,1,59400
11646,Jade Wagner,Female,27,Bachelors,Indianapolis,2017,Sales,3,119200
11647,Keira Murray,Female,27,Bachelors,Charlotte,2014,Operations,2,94600
11648,Nora Pena,Female,27,Bachelors,Indianapolis,2017,Customer Service,3,114900
11649,Steve Burch,Others,27,Bachelors,Indianapolis,2017,Customer Service,3,108800
11650,Arjun Evans,Others,24,Masters,Seattle,2018,IT,3,101800
11651,Alisha Murray,Others,26,Bachelors,Seattle,2016,IT,3,105800
11652,Giselle Paul,Female,28,Bachelors,Phoenix,2017,Customer Service,3,110400
11653,Vivian Coleman,Female,26,Bachelors,San Antonio,2017,IT,3,107700
11654,Daria Whitney,Others,28,Bachelors,Los Angeles,2016,Operations,3,103100
11655,Joanna Pennington,Female,26,Bachelors,San Jose,2015,Finance & Accounting,3,115800
11656,Lara Beasley,Others,26,Bachelors,Indianapolis,2014,Marketing,3,108900
11657,Amber Ford,Female,24,Bachelors,Indianapolis,2017,IT,2,89200
11658,Kelly Campos,Female,26,Bachelors,San Diego,2016,Legal,3,99700
11659,Ivy Berger,Female,26,PHD,Columbus,2016,Marketing,1,63700
11660,Kiera Downs,Others,24,Bachelors,San Jose,2018,Finance & Accounting,3,112700
11661,Douglas Herman,Male,28,Bachelors,Jacksonville,2017,HR,2,72100
11662,Frances Hyde,Female,24,Bachelors,Los Angeles,2013,Marketing,3,115400
11663,Aaron Riggs,Male,25,Masters,Fort Worth,2014,R&D,3,112100
11664,Walter Franco,Male,26,Bachelors,Austin,2012,IT,1,61200
11665,Knox Todd,Others,28,Bachelors,San Antonio,2014,IT,3,115800
11666,Yvette Wheeler,Female,28,Bachelors,Indianapolis,2013,Finance & Accounting,3,108000
11667,Aspen Tillman,Female,27,Masters,Columbus,2017,Procurement & Supply Chain,2,70200
11668,Alaric Tate,Others,28,Bachelors,San Jose,2016,Marketing,3,109200
11669,Holly Moss,Others,25,Bachelors,Los Angeles,2014,Customer Service,3,105200
11670,Ibrahim Vincent,Male,25,Bachelors,Philadelphia,2013,R&D,3,99800
11671,Ayla Banks,Others,24,Bachelors,Jacksonville,2017,Marketing,3,104600
11672,Matthew Hunter,Male,26,Bachelors,Indianapolis,2015,Procurement & Supply Chain,3,105500
11673,Rosa Wiley,Others,28,Bachelors,Chicago,2014,IT,3,98400
11674,Monica Porter,Female,28,Bachelors,Los Angeles,2017,Procurement & Supply Chain,2,83500
11675,Dorian Morton,Male,24,Masters,Fort Worth,2017,Procurement & Supply Chain,3,100900
11676,Helena Roth,Female,27,PHD,Los Angeles,2017,Operations,3,119200
11677,Ansel Watkins,Others,28,Bachelors,Austin,2015,R&D,3,104200
11678,Noelle Cole,Female,25,Bachelors,Dallas,2017,Sales,3,114800
11679,Javier Zamora,Male,25,Masters,Phoenix,2017,R&D,3,109700
11680,Vivian Mcconnell,Female,26,Masters,Chicago,2017,HR,1,47600
11681,Craig Chavez,Male,25,Bachelors,San Diego,2014,Finance & Accounting,3,104800
11682,Anika Manning,Female,27,Bachelors,"Washington, D.C.",2016,IT,3,116500
11683,Katie Browning,Female,24,Bachelors,Columbus,2013,R&D,3,104000
11684,Carlos Baxter,Male,25,Bachelors,Phoenix,2012,Marketing,3,99300
11685,Ophelia Wallace,Female,25,Bachelors,Houston,2014,Legal,3,99200
11686,Cleo Jacobs,Female,25,Bachelors,Jacksonville,2018,Procurement & Supply Chain,3,107600
11687,Daria Sterling,Others,26,Masters,Indianapolis,2012,Legal,3,106700
11688,Omar Hernandez,Male,25,PHD,"Washington, D.C.",2016,Legal,3,109100
11689,Eduardo Gomez,Male,25,Bachelors,New York City,2015,Finance & Accounting,3,111100
11690,Riley Velez,Male,25,Bachelors,Dallas,2017,Legal,2,92500
11691,Karina Greene,Female,27,Bachelors,Dallas,2015,HR,3,102100
11692,Kara Flynn,Female,26,Bachelors,San Diego,2017,Procurement & Supply Chain,3,98900
11693,Anaya Martin,Others,26,Bachelors,Phoenix,2016,Customer Service,3,106100
11694,Isabella Dickinson,Female,26,Bachelors,Houston,2018,Customer Service,3,116500
11695,Joseph Mcconnell,Male,25,Masters,Jacksonville,2018,Customer Service,3,119100
11696,Naomi Hays,Female,25,Masters,San Antonio,2017,Customer Service,2,86200
11697,Raphael Marlow,Male,24,Masters,San Antonio,2014,Marketing,3,101000
11698,Miranda Hammond,Female,28,Bachelors,Jacksonville,2014,Sales,3,106200
11699,Craig Farmer,Male,26,Bachelors,San Diego,2012,HR,3,111100
11700,Maria Gilliam,Female,26,Bachelors,"Washington, D.C.",2017,Sales,3,101900
11701,Lana Sargent,Female,28,Bachelors,Philadelphia,2014,Sales,2,71400
11702,Chris Terrell,Male,25,Bachelors,Austin,2017,Customer Service,3,102000
11703,Devin Barton,Male,25,Bachelors,Chicago,2014,Operations,3,117800
11704,Karen Fuller,Female,26,Bachelors,Los Angeles,2012,Customer Service,3,110600
11705,Orion Serrano,Others,26,Bachelors,San Antonio,2014,IT,3,116100
11706,Alba Skinner,Others,26,Bachelors,Charlotte,2017,HR,3,99900
11707,Dalton Robertson,Male,26,Masters,New York City,2017,Finance & Accounting,2,82500
11708,Sutton Chandler,Others,25,Bachelors,Jacksonville,2017,Procurement & Supply Chain,3,117000
11709,Weston Jensen,Male,25,Bachelors,Columbus,2018,HR,3,98600
11710,Michael Malone,Male,27,Bachelors,Los Angeles,2014,R&D,3,110500
11711,Mateo Schwartz,Male,28,Bachelors,Indianapolis,2017,IT,3,118700
11712,Nova Nielsen,Female,24,Bachelors,Austin,2015,Procurement & Supply Chain,1,68000
11713,Yara Stokes,Female,27,Bachelors,Los Angeles,2013,R&D,3,115100
11714,Frank Lindsay,Male,26,Bachelors,San Jose,2018,Marketing,3,116000
11715,Georgia Dorsey,Female,28,Masters,Indianapolis,2017,Procurement & Supply Chain,2,76000
11716,Colton Carver,Others,28,Bachelors,Columbus,2016,IT,3,111000
11717,Annie Sanford,Female,25,Bachelors,New York City,2016,Legal,3,98300
11718,Maeve Kane,Female,27,Bachelors,Boston,2015,R&D,3,111300
11719,Daria Sweeney,Others,26,Bachelors,New York City,2015,Sales,3,116300
11720,Kobe Sharpe,Male,28,Bachelors,Los Angeles,2015,Operations,3,119900
11721,Magnolia Love,Others,27,Bachelors,Phoenix,2013,Operations,3,101300
11722,Valerie Mcguire,Female,25,Masters,Dallas,2017,Procurement & Supply Chain,2,96700
11723,Elsa Townsend,Female,25,Bachelors,Charlotte,2015,Sales,2,71500
11724,Bruno Langley,Others,24,Bachelors,New York City,2015,Operations,2,79900
11725,Irene Hensley,Others,28,Masters,Houston,2017,HR,2,97300
11726,Theodore Mason,Male,24,Bachelors,San Antonio,2014,Finance & Accounting,3,99900
11727,Inaya Moon,Others,27,Bachelors,Philadelphia,2012,Operations,3,112000
11728,Angela Fisher,Female,28,Bachelors,Dallas,2015,Operations,2,83900
11729,Teagan Frazier,Female,27,Bachelors,Charlotte,2015,Legal,2,77900
11730,Genevieve Mcneal,Female,24,Bachelors,Philadelphia,2017,Operations,3,101800
11731,Albert Carver,Others,25,Masters,Indianapolis,2016,Sales,3,102400
11732,Cruz Brady,Male,24,Bachelors,Charlotte,2012,Operations,3,109800
11733,Leona Scott,Others,24,Bachelors,"Washington, D.C.",2015,Legal,3,117800
11734,Ayla Mccarthy,Others,26,Bachelors,Chicago,2015,HR,2,72400
11735,Camila Olson,Female,27,Masters,Houston,2017,Operations,2,77200
11736,Mabel Valdez,Female,24,Bachelors,"Washington, D.C.",2013,Marketing,1,41400
11737,Anton Bernard,Others,28,PHD,New York City,2017,Procurement & Supply Chain,3,118900
11738,Gwen Edwards,Female,24,Bachelors,Fort Worth,2017,Customer Service,3,109100
11739,Hailey Mcdonald,Female,24,Bachelors,Chicago,2015,Marketing,2,77700
11740,Peyton Pratt,Others,27,Bachelors,Chicago,2017,Operations,3,98500
11741,Kevin Walker,Male,28,Bachelors,New York City,2016,Operations,3,105800
11742,Barbara Collier,Female,28,Masters,Chicago,2017,Sales,2,75100
11743,Harper Sherman,Female,24,PHD,Philadelphia,2014,Marketing,3,115300
11744,Mateo Reynolds,Male,26,Bachelors,Chicago,2013,Sales,3,115300
11745,Hakeem Manning,Others,24,Masters,Boston,2014,R&D,3,118400
11746,Salem Finley,Others,24,Bachelors,Los Angeles,2013,HR,3,117900
11747,Priya Yates,Female,26,Masters,Boston,2017,IT,3,116200
11748,Sophia Knox,Female,27,Bachelors,San Diego,2014,Finance & Accounting,2,79200
11749,Ivy Hancock,Female,25,Masters,Fort Worth,2013,Sales,3,118700
11750,Mackenzie Kemp,Female,27,Masters,Indianapolis,2012,IT,3,101300
11751,Wesley Hudson,Male,25,Masters,Phoenix,2017,IT,2,91200
11752,Theodore Dunn,Male,28,Bachelors,San Antonio,2012,Customer Service,3,99200
11753,Brynn Irwin,Female,28,Bachelors,Charlotte,2014,Procurement & Supply Chain,3,119200
11754,Keira Mckenzie,Female,28,Bachelors,San Diego,2017,Procurement & Supply Chain,3,106300
11755,Alisha Walton,Others,27,Bachelors,Jacksonville,2016,Operations,3,104800
11756,Morgan Campos,Female,27,Bachelors,San Antonio,2017,Customer Service,2,97800
11757,Athena Schaefer,Female,28,PHD,Chicago,2014,Marketing,3,100400
11758,Roxanne Hughes,Others,25,Bachelors,Austin,2013,Customer Service,2,95900
11759,Farah Roberts,Others,28,Bachelors,Chicago,2017,Finance & Accounting,3,113100
11760,Giselle Moody,Female,27,Bachelors,Jacksonville,2012,Procurement & Supply Chain,3,102700
11761,Miles Kaufman,Male,24,Bachelors,Charlotte,2013,HR,2,74700
11762,Abigail Savage,Female,25,Masters,Seattle,2017,Sales,2,90100
11763,Yvette Lyons,Female,24,Bachelors,Phoenix,2014,Marketing,3,115100
11764,Josiah Perkins,Male,25,Bachelors,Denver,2013,HR,1,68300
11765,Elizabeth Rosales,Female,28,Bachelors,Denver,2015,Finance & Accounting,3,105600
11766,Anita Porter,Female,28,Masters,Dallas,2017,Sales,3,115200
11767,Raheem Bentley,Male,27,Bachelors,Jacksonville,2017,Sales,2,72300
11768,Edward Rogers,Male,24,Bachelors,San Antonio,2018,Sales,3,114200
11769,Peter Spears,Male,26,Bachelors,Phoenix,2013,IT,3,107100
11770,Craig Roach,Male,27,Bachelors,Charlotte,2017,Finance & Accounting,3,111700
11771,Lilian Matthews,Others,26,Masters,Columbus,2017,Customer Service,1,44200
11772,Kylie Waller,Female,26,Masters,Seattle,2017,Marketing,2,88400
11773,Eduardo Christensen,Male,26,Bachelors,Fort Worth,2013,R&D,3,105200
11774,Dylan Sloan,Male,25,Masters,Jacksonville,2014,Operations,1,69000
11775,Joy Terrell,Female,27,Bachelors,Houston,2014,Legal,3,110400
11776,Kaia Davidson,Others,25,Bachelors,Philadelphia,2016,Legal,3,107100
11777,Isla Keith,Female,27,Bachelors,New York City,2016,R&D,3,103900
11778,Ruby Casey,Female,28,Bachelors,Chicago,2015,HR,3,111000
11779,Remy Oconnell,Male,25,Masters,Seattle,2012,Finance & Accounting,3,114600
11780,Mia Duke,Female,28,Bachelors,San Diego,2013,Procurement & Supply Chain,3,114900
11781,Aditya Randall,Others,25,Bachelors,Charlotte,2014,R&D,1,47600
11782,Toby Holcomb,Male,26,Bachelors,Dallas,2014,Finance & Accounting,3,111700
11783,Henry Morris,Male,28,Bachelors,Boston,2013,Marketing,3,101200
11784,Gemma Matthews,Female,27,Bachelors,Houston,2015,IT,3,105100
11785,Osiris Hoover,Others,28,Bachelors,Jacksonville,2014,IT,1,40300
11786,Mark Stephenson,Male,25,Masters,"Washington, D.C.",2017,Finance & Accounting,2,75100
11787,Aria Flynn,Female,28,Masters,Chicago,2013,Operations,3,114100
11788,Samantha Farmer,Female,27,Masters,Denver,2017,Finance & Accounting,2,86700
11789,Megan Rhodes,Female,27,Bachelors,Seattle,2015,Marketing,3,102900
11790,Elijah Collins,Male,27,Bachelors,Los Angeles,2012,Finance & Accounting,3,99900
11791,Miles Barrett,Male,26,Bachelors,Indianapolis,2014,Procurement & Supply Chain,3,103400
11792,Roxanne Schwartz,Others,26,Bachelors,Fort Worth,2013,IT,3,109700
11793,Aarav Elliott,Others,27,Bachelors,Houston,2012,Legal,3,100400
11794,Roxanne Velasquez,Others,26,Bachelors,Denver,2013,Sales,3,119700
11795,Warren Marks,Male,28,Masters,Charlotte,2017,Procurement & Supply Chain,2,72000
11796,Quinn Shannon,Male,26,Bachelors,Boston,2017,Finance & Accounting,2,93100
11797,Brandon Sharpe,Male,27,Bachelors,Chicago,2013,Marketing,2,95300
11798,Reagan Haley,Others,27,Masters,San Diego,2015,Procurement & Supply Chain,3,109600
11799,Blake Carroll,Male,27,Masters,New York City,2017,Procurement & Supply Chain,3,114800
11800,Anaya Baldwin,Others,27,Bachelors,Austin,2016,Finance & Accounting,3,103600
11801,Abigail Stein,Female,27,Bachelors,San Jose,2012,Procurement & Supply Chain,3,119100
11802,Eduardo Costello,Male,25,Bachelors,Philadelphia,2014,IT,3,114200
11803,Isabella Henderson,Female,26,Bachelors,Austin,2016,R&D,3,109600
11804,Veronica Holmes,Female,26,Bachelors,Philadelphia,2016,IT,3,110700
11805,Cesar Berry,Others,26,Bachelors,Chicago,2014,Finance & Accounting,3,99800
11806,Mae Greene,Female,28,Bachelors,Denver,2014,Marketing,3,117900
11807,Kai Klein,Male,25,Bachelors,Chicago,2012,R&D,3,108100
11808,Ryan Tanner,Male,28,Masters,Dallas,2014,Legal,3,114600
11809,Bodhi Lowe,Others,26,Bachelors,Fort Worth,2016,Finance & Accounting,3,107200
11810,Preston Parks,Male,24,Bachelors,Dallas,2012,R&D,3,98900
11811,Mila Keller,Female,28,Bachelors,Boston,2015,Operations,2,90700
11812,Roxanne Davenport,Others,24,Bachelors,Charlotte,2017,Customer Service,2,95100
11813,Morgan Kirkland,Female,25,Bachelors,Phoenix,2015,HR,3,112300
11814,Devin Welch,Male,27,Bachelors,Denver,2013,Procurement & Supply Chain,3,109900
11815,Malcolm Yates,Male,27,Bachelors,Fort Worth,2015,Finance & Accounting,3,98200
11816,Kara Mccormick,Female,28,Bachelors,Phoenix,2017,Customer Service,3,115600
11817,Clayton Delaney,Male,24,Bachelors,Philadelphia,2017,Finance & Accounting,3,98600
11818,Tristan Morales,Male,26,Masters,Dallas,2017,Legal,2,81400
11819,Penelope Hawkins,Female,25,Bachelors,Phoenix,2016,Legal,3,114000
11820,Louis Ballard,Male,26,Bachelors,Houston,2016,HR,3,116800
11821,June Sawyer,Female,24,Masters,New York City,2017,Operations,2,94700
11822,Sutton Shaw,Others,27,Bachelors,Boston,2017,Legal,3,102400
11823,Eden Rowe,Female,27,Bachelors,Seattle,2014,R&D,2,76600
11824,Kian Mckinney,Others,24,Masters,Boston,2017,Marketing,1,58300
11825,India Hendrix,Others,28,Bachelors,Dallas,2014,Marketing,3,118300
11826,Rose Vega,Female,26,Bachelors,Boston,2013,Procurement & Supply Chain,3,98900
11827,Joshua Pierce,Male,28,Bachelors,Phoenix,2014,Finance & Accounting,3,103400
11828,Robert Johnston,Male,28,Masters,Houston,2013,Procurement & Supply Chain,3,102800
11829,Kaden Powell,Male,27,Masters,Los Angeles,2017,R&D,2,73600
11830,Alina Kramer,Female,28,Bachelors,New York City,2017,HR,3,118800
11831,Kelly Brock,Female,26,Bachelors,San Jose,2016,Marketing,3,107100
11832,Jasper Thomas,Male,27,PHD,Houston,2018,Legal,3,101500
11833,Opal Brooks,Female,26,Bachelors,"Washington, D.C.",2014,HR,3,108600
11834,Evelyn Mcclain,Female,25,Bachelors,Houston,2013,Sales,3,113500
11835,Jessica Witt,Female,25,Masters,Dallas,2017,Customer Service,3,103400
11836,Martin Hurst,Male,24,Bachelors,New York City,2017,Finance & Accounting,2,82500
11837,Phoebe Mayer,Female,24,Bachelors,Charlotte,2017,HR,3,116400
11838,Chloe Perkins,Female,24,PHD,Fort Worth,2014,Legal,3,100800
11839,Georgia Ochoa,Female,24,PHD,New York City,2017,Sales,3,103100
11840,Quentin Romero,Male,26,Masters,Phoenix,2017,Customer Service,2,91000
11841,Miles Shaffer,Male,24,Bachelors,Dallas,2013,Sales,2,85200
11842,Adan Lopez,Others,27,PHD,Charlotte,2016,HR,3,115300
11843,Malik Davis,Male,25,Masters,Los Angeles,2017,R&D,2,76500
11844,Celine Harrell,Female,26,Bachelors,Jacksonville,2014,Customer Service,3,117400
11845,Shane Morton,Male,25,Bachelors,Los Angeles,2017,Finance & Accounting,3,102700
11846,Blake Luna,Male,27,Bachelors,Fort Worth,2012,Finance & Accounting,3,102100
11847,Colton Mayo,Others,26,Bachelors,San Jose,2016,R&D,3,99200
11848,Felix Doyle,Male,26,Bachelors,Dallas,2016,Procurement & Supply Chain,3,107700
11849,Hudson Roach,Male,27,Bachelors,Chicago,2015,IT,2,87900
11850,Athena Hendricks,Female,28,Bachelors,Denver,2016,Operations,3,101100
11851,Ramon Russell,Male,27,Masters,Chicago,2017,HR,2,89800
11852,Rachel Elliott,Female,25,Bachelors,Philadelphia,2018,Legal,3,117300
11853,Ava Bailey,Female,27,Bachelors,San Jose,2014,IT,3,112400
11854,Dorian Floyd,Male,27,Bachelors,Houston,2014,Customer Service,3,109700
11855,Maddie Marks,Others,25,Bachelors,Los Angeles,2015,Procurement & Supply Chain,3,105400
11856,Kendall Solis,Male,26,Masters,Denver,2017,Sales,3,105100
11857,Monica Adams,Female,25,Masters,Denver,2018,Sales,3,119700
11858,Rebecca Ward,Female,25,Bachelors,Seattle,2018,Sales,3,118200
11859,Elora Sloan,Others,28,Bachelors,Dallas,2014,Legal,3,101100
11860,Amelia Miles,Female,24,Bachelors,Phoenix,2017,Procurement & Supply Chain,3,103700
11861,Remy Herman,Male,28,Bachelors,San Antonio,2013,Marketing,3,117600
11862,Karen Guerrero,Female,24,Bachelors,Dallas,2015,HR,3,118200
11863,Davina Barton,Female,26,Bachelors,Columbus,2012,Marketing,3,119600
11864,Aiden Hopkins,Others,25,Bachelors,Seattle,2014,Legal,3,114600
11865,Sonia Payne,Female,26,Masters,Los Angeles,2017,R&D,1,44300
11866,Grant Guerrero,Male,25,Bachelors,Indianapolis,2016,Legal,3,105500
11867,Aaron Beck,Male,26,Bachelors,Phoenix,2013,Finance & Accounting,2,84200
11868,Lana Harper,Female,26,Bachelors,Seattle,2018,R&D,1,42300
11869,Joshua Elliott,Male,24,Bachelors,Fort Worth,2017,R&D,3,112000
11870,Ellen Sims,Female,24,Bachelors,San Antonio,2016,HR,3,101400
11871,Nova Holt,Female,24,Bachelors,San Jose,2014,IT,3,103800
11872,Nicholas Maxwell,Male,28,PHD,Denver,2017,HR,3,110500
11873,Audrey Hale,Female,24,Bachelors,Dallas,2017,Finance & Accounting,2,88800
11874,Damian Bruce,Male,25,Bachelors,Seattle,2015,HR,3,99000
11875,June Holt,Female,26,Bachelors,Chicago,2015,Legal,3,118800
11876,Iris Stevens,Others,27,Masters,Dallas,2014,Marketing,3,109300
11877,Marina Duncan,Female,24,Bachelors,Columbus,2012,Operations,3,116800
11878,Alaric Solomon,Others,26,Bachelors,Jacksonville,2015,Procurement & Supply Chain,2,75200
11879,Jennifer Carver,Female,24,Bachelors,Indianapolis,2013,Procurement & Supply Chain,3,104800
11880,Camille Burke,Female,26,Bachelors,Chicago,2017,IT,3,109700
11881,Juliana Johnson,Female,26,Masters,Philadelphia,2017,R&D,3,107900
11882,Clarence Salinas,Others,24,Bachelors,San Antonio,2016,HR,3,104800
11883,Flora Swanson,Female,28,Bachelors,Jacksonville,2015,Sales,3,104500
11884,Osiris Hale,Others,27,Bachelors,Columbus,2013,Legal,3,106600
11885,Claudia Griffin,Female,24,Bachelors,Los Angeles,2012,Finance & Accounting,3,107200
11886,Renee Lopez,Female,28,Masters,Austin,2015,Marketing,2,74200
11887,Clayton Gibson,Male,26,Bachelors,San Jose,2017,Sales,3,99700
11888,Leonard Baker,Male,27,Bachelors,Denver,2018,R&D,3,112700
11889,Clara Pope,Female,27,Masters,Los Angeles,2017,R&D,3,110500
11890,Isabella Price,Female,27,Bachelors,San Antonio,2013,Legal,1,66200
11891,Lyla Meadows,Others,27,Bachelors,San Antonio,2016,R&D,3,105800
11892,Holly Akers,Others,28,Bachelors,Los Angeles,2013,Finance & Accounting,3,111400
11893,Norah Decker,Female,28,Bachelors,Los Angeles,2017,Marketing,3,99000
11894,Jaden Williams,Male,26,Bachelors,Boston,2013,Finance & Accounting,3,113200
11895,Cruz Weeks,Male,25,Bachelors,Charlotte,2015,Sales,3,112200
11896,Kingston Morse,Male,24,Bachelors,Phoenix,2015,Finance & Accounting,3,109100
11897,Amir Parker,Others,28,Bachelors,San Jose,2014,Marketing,3,104200
11898,Matthew Allen,Male,28,Bachelors,Dallas,2017,Procurement & Supply Chain,2,87400
11899,Camila Douglas,Female,26,Masters,Indianapolis,2015,IT,3,106900
11900,Ana Nelson,Female,25,PHD,New York City,2014,Finance & Accounting,3,111700
11901,Winnie Fischer,Female,25,Bachelors,New York City,2013,Finance & Accounting,3,106600
11902,Amber Hammond,Female,25,Bachelors,Phoenix,2017,Sales,3,103700
11903,Felix Graves,Male,24,Bachelors,"Washington, D.C.",2013,Legal,2,95100
11904,Danny Cochran,Others,25,Bachelors,Denver,2014,Operations,3,119500
11905,Patrick French,Male,25,Bachelors,Fort Worth,2017,Customer Service,3,104100
11906,Charlotte Sargent,Female,24,Masters,Houston,2017,IT,2,91700
11907,Graham Holmes,Male,28,Bachelors,Dallas,2015,Procurement & Supply Chain,3,115200
11908,Jackie Carlson,Others,27,Bachelors,Charlotte,2017,IT,3,104900
11909,Adaline Ward,Female,26,Bachelors,San Jose,2015,IT,3,108100
11910,Jennifer Pena,Female,27,Bachelors,Philadelphia,2017,Operations,2,84500
11911,Dakota Franco,Female,24,Bachelors,Indianapolis,2016,IT,3,116600
11912,Brynn Mcclain,Female,26,Bachelors,Philadelphia,2014,Marketing,2,79500
11913,Peter Floyd,Male,25,Masters,New York City,2017,IT,2,79800
11914,Nadia Mayo,Female,25,Bachelors,San Jose,2012,Legal,3,105200
11915,Gia Crawford,Female,27,Bachelors,Charlotte,2014,Customer Service,3,102500
11916,Emilia Reese,Female,27,Bachelors,Jacksonville,2017,Operations,3,108200
11917,Abigail May,Female,25,Bachelors,San Diego,2018,Marketing,3,107200
11918,Shannon Taylor,Female,27,Bachelors,San Jose,2016,IT,3,104200
11919,Elena Mathews,Female,24,Bachelors,Chicago,2017,HR,3,110600
11920,Nicholas Maynard,Male,28,Bachelors,Phoenix,2014,Operations,2,80600
11921,Lucian Lopez,Others,28,Bachelors,Indianapolis,2017,Customer Service,2,83300
11922,Amelia Malone,Female,26,Bachelors,Los Angeles,2017,Sales,2,79700
11923,Sofia Mcdonald,Female,27,Bachelors,San Antonio,2013,Sales,2,77100
11924,Derek Keller,Male,24,Bachelors,Fort Worth,2012,Customer Service,3,110100
11925,Neil Kelly,Male,27,Masters,Chicago,2017,Marketing,2,86100
11926,Logan Joyner,Male,24,Bachelors,Seattle,2015,Customer Service,3,98300
11927,Andrea Allison,Female,28,Bachelors,Chicago,2013,Operations,3,119800
11928,Beau Howell,Male,28,Bachelors,Phoenix,2016,IT,3,114700
11929,Ayla Burke,Others,26,Bachelors,Houston,2016,Marketing,3,98900
11930,Maddie Gibbs,Others,27,Bachelors,Jacksonville,2018,Customer Service,3,103100
11931,Yvette Andrews,Female,25,Bachelors,Fort Worth,2015,Customer Service,3,103800
11932,Julia Moody,Female,26,Bachelors,Los Angeles,2014,Marketing,3,98100
11933,Sophia Mckenzie,Female,24,Bachelors,Dallas,2018,Finance & Accounting,3,112000
11934,Raheem Simon,Male,26,Bachelors,Columbus,2017,Finance & Accounting,3,108000
11935,Bailey Travis,Male,26,Bachelors,Boston,2016,Operations,3,99800
11936,Walker Guy,Male,26,Bachelors,Seattle,2012,R&D,3,102100
11937,Yosef Hays,Others,27,Masters,Austin,2017,R&D,2,92800
11938,Anne Stafford,Female,25,Bachelors,Jacksonville,2016,IT,3,101200
11939,Tamara Gray,Female,25,Masters,Austin,2013,Operations,3,119400
11940,Nova Mendoza,Female,27,Masters,San Antonio,2016,HR,3,109800
11941,Jenna Schneider,Female,28,Bachelors,Columbus,2014,Procurement & Supply Chain,3,111600
11942,Adaline Hughes,Female,25,Bachelors,Seattle,2014,Sales,3,111200
11943,Thomas Hurley,Male,25,PHD,Dallas,2013,Customer Service,2,72300
11944,Dakota Simpson,Female,25,Bachelors,Boston,2017,HR,3,112400
11945,Mila Conley,Female,24,Bachelors,Jacksonville,2015,Finance & Accounting,3,107200
11946,Joy Cottrell,Female,26,Masters,Austin,2015,Sales,3,108300
11947,Annie Shannon,Female,25,Bachelors,Denver,2013,R&D,3,106800
11948,Katie Park,Female,24,Bachelors,Indianapolis,2015,IT,2,81500
11949,Claudia Mills,Female,27,Masters,San Jose,2015,R&D,2,90500
11950,Louis Fletcher,Male,26,Bachelors,Denver,2017,Legal,2,89900
11951,Bennett Jensen,Male,25,Bachelors,New York City,2013,Operations,3,115400
11952,Anton Hanna,Others,24,PHD,Indianapolis,2017,Operations,3,112000
11953,Jenna Mckee,Female,27,Masters,"Washington, D.C.",2015,Customer Service,3,110400
11954,Mabel Gilliam,Female,28,Bachelors,Indianapolis,2015,Operations,2,85600
11955,Lilian Ramsey,Others,28,Bachelors,Houston,2014,Marketing,3,106600
11956,Tristan Lucero,Male,25,Bachelors,Houston,2014,Finance & Accounting,3,105100
11957,Julia Mcclain,Female,26,Bachelors,San Jose,2013,R&D,3,101000
11958,Nicole Campos,Female,27,Masters,Houston,2017,Customer Service,1,54700
11959,Lydia Dixon,Female,27,Bachelors,Houston,2018,Legal,3,119700
11960,Philip Mckinney,Male,24,Bachelors,Dallas,2014,Procurement & Supply Chain,3,109600
11961,Farah Whitaker,Others,28,Bachelors,Charlotte,2013,Sales,3,107800
11962,Imogen Bailey,Others,24,Bachelors,New York City,2013,Sales,3,102200
11963,Jasper Koch,Male,28,Bachelors,Charlotte,2012,Procurement & Supply Chain,3,112200
11964,Carter Ritchie,Male,26,Bachelors,Columbus,2014,Sales,3,100100
11965,Alina Dennis,Female,28,Masters,Fort Worth,2017,Finance & Accounting,2,91700
11966,Simon Macdonald,Male,24,Bachelors,Columbus,2013,Sales,3,112800
11967,Alessia May,Female,24,Masters,Denver,2017,Procurement & Supply Chain,2,98000
11968,August Kidd,Male,28,Bachelors,Philadelphia,2014,Sales,3,99700
11969,Anne Kane,Female,25,Bachelors,San Jose,2018,Marketing,3,113800
11970,Everett Fischer,Male,27,Masters,Columbus,2012,HR,3,116000
11971,Imogen Shannon,Others,26,Masters,Houston,2014,Sales,3,111700
11972,Douglas Braun,Male,28,Bachelors,Jacksonville,2017,Sales,3,102400
11973,Darius Reid,Male,28,Bachelors,"Washington, D.C.",2017,Marketing,3,99500
11974,Iris Barker,Others,24,Bachelors,Denver,2016,HR,3,100600
11975,Andrea West,Female,24,Bachelors,Denver,2016,Sales,3,112000
11976,Anne Joyner,Female,28,Masters,"Washington, D.C.",2018,Legal,3,107000
11977,Rajan Fitzpatrick,Others,25,Bachelors,Austin,2014,Sales,3,110000
11978,Leila Hamilton,Female,25,Masters,Charlotte,2013,Customer Service,3,99600
11979,Victoria Gay,Female,28,Masters,Fort Worth,2017,Sales,3,102900
11980,Whitney Charles,Female,26,PHD,Columbus,2018,Customer Service,3,107400
11981,Oscar Briggs,Male,24,Bachelors,San Diego,2017,Customer Service,1,49300
11982,Alba Archer,Others,25,Bachelors,Philadelphia,2017,IT,2,75700
11983,Bailey Mcguire,Male,28,Masters,Philadelphia,2015,Sales,2,73500
11984,Mason Kirkland,Male,27,Bachelors,Indianapolis,2014,HR,2,81000
11985,Ibrahim Luna,Male,25,Bachelors,Chicago,2014,HR,3,101400
11986,Ariana Caldwell,Female,27,Bachelors,San Diego,2017,Operations,3,106800
11987,Carson Barron,Male,28,Bachelors,New York City,2017,Sales,3,104600
11988,Florence Quinn,Female,28,Bachelors,San Diego,2014,Marketing,3,120000
11989,Stella Mitchell,Female,28,Bachelors,Fort Worth,2014,Legal,3,104500
11990,Nathan Merritt,Male,29,Bachelors,Houston,2015,Procurement & Supply Chain,2,80100
11991,Catherine Griffin,Female,29,Bachelors,Boston,2012,Marketing,3,103200
11992,Oscar Patterson,Male,26,Bachelors,Denver,2017,Marketing,2,95400
11993,Beckett Baker,Male,28,Bachelors,"Washington, D.C.",2015,Procurement & Supply Chain,3,108700
11994,Gage Dejesus,Male,26,Bachelors,Chicago,2016,Operations,3,101400
11995,Rosa Doyle,Others,26,Masters,Indianapolis,2017,HR,3,104100
11996,Greta Hess,Female,26,Bachelors,Austin,2013,Finance & Accounting,3,119100
11997,Diego Shannon,Male,28,Bachelors,Indianapolis,2017,IT,3,112100
11998,Chloe Garner,Female,26,Bachelors,Boston,2013,Customer Service,3,100800
11999,Quinn Mahoney,Male,28,Bachelors,Houston,2015,R&D,3,109600
12000,Virginia Klein,Female,28,Bachelors,Charlotte,2017,Customer Service,3,114800
12001,Nathaniel Hampton,Male,27,Bachelors,Fort Worth,2016,Marketing,3,109800
12002,Arielle Bates,Others,27,Bachelors,Jacksonville,2018,Finance & Accounting,3,107100
12003,Madison Rosario,Female,29,Bachelors,San Diego,2014,Sales,3,109000
12004,Caroline Ford,Female,28,Bachelors,San Diego,2015,R&D,2,85700
12005,Valerie Kerr,Female,26,Bachelors,San Diego,2017,Customer Service,3,113400
12006,Diana Welch,Female,28,Masters,Dallas,2017,Sales,3,104900
12007,Leonard Lane,Male,26,Bachelors,Austin,2017,IT,3,109300
12008,Isabel Newton,Female,26,Bachelors,Phoenix,2017,Procurement & Supply Chain,3,111000
12009,Nova Kirkland,Female,26,Bachelors,Seattle,2018,Finance & Accounting,3,105600
12010,Scarlett Delaney,Female,30,Bachelors,Indianapolis,2014,R&D,3,108100
12011,Maria Lee,Female,29,Masters,Charlotte,2017,Operations,3,117300
12012,Aurelia Ramirez,Others,26,Masters,Columbus,2017,R&D,2,84200
12013,Bodhi Livingston,Others,28,Masters,San Antonio,2015,HR,3,108000
12014,Cleo Hancock,Female,30,Bachelors,"Washington, D.C.",2016,Finance & Accounting,3,117300
12015,Kyle Moses,Male,26,Bachelors,Chicago,2012,HR,3,117200
12016,Kian Clarke,Others,29,Bachelors,Indianapolis,2014,IT,3,104300
12017,Everett Odom,Male,26,Bachelors,Fort Worth,2012,Procurement & Supply Chain,3,115800
12018,Bianca Willis,Female,26,Bachelors,Chicago,2018,R&D,3,113700
12019,Jack Humphrey,Male,29,PHD,Charlotte,2018,Legal,2,76600
12020,Esme Sellers,Female,26,Masters,San Jose,2013,Procurement & Supply Chain,3,119200
12021,Jennifer Lowe,Female,30,Masters,Houston,2015,Legal,3,117400
12022,Steve Craig,Others,26,Bachelors,Boston,2018,HR,3,114800
12023,Eduardo Ramsey,Male,29,Masters,New York City,2013,Customer Service,2,97500
12024,Mason Mcguire,Male,29,Bachelors,Boston,2016,R&D,3,119800
12025,Mary Frank,Female,28,Bachelors,San Jose,2013,HR,3,98900
12026,Victoria Rowland,Female,26,Bachelors,Chicago,2017,Procurement & Supply Chain,2,80000
12027,Nicole Cantrell,Female,30,Masters,New York City,2017,Marketing,2,74200
12028,Josie Akers,Female,30,Bachelors,Jacksonville,2015,Customer Service,2,79800
12029,Callum Yates,Male,29,Masters,Los Angeles,2017,R&D,2,83000
12030,Karter Duffy,Male,30,Bachelors,New York City,2015,Marketing,3,100300
12031,Valentina Mckenzie,Female,27,Bachelors,Fort Worth,2015,Procurement & Supply Chain,3,106600
12032,Keira Travis,Female,27,Bachelors,Denver,2017,Finance & Accounting,3,109300
12033,Elliott Warner,Male,30,Bachelors,Philadelphia,2014,HR,3,100600
12034,Inaya Manning,Others,26,Bachelors,Philadelphia,2014,Sales,3,112000
12035,Josie Collins,Female,26,Masters,Chicago,2013,Legal,3,109100
12036,Georgia Perez,Female,29,Bachelors,Houston,2013,Marketing,3,114600
12037,Callum Bond,Male,27,Bachelors,San Diego,2018,Finance & Accounting,3,119300
12038,Daniel Myers,Male,29,Bachelors,Dallas,2014,Customer Service,3,117100
12039,Joshua Francis,Male,26,Bachelors,Fort Worth,2017,Customer Service,3,114800
12040,Kayla Oconnell,Female,27,Masters,Denver,2015,Customer Service,2,76700
12041,Kaia Hurley,Others,29,Masters,Indianapolis,2017,Legal,2,72100
12042,Tom Reese,Male,26,Masters,Philadelphia,2017,Customer Service,3,116500
12043,Pauline Brandt,Female,28,Bachelors,Boston,2015,Sales,3,108800
12044,Tom Leonard,Male,27,Bachelors,Indianapolis,2013,R&D,3,114000
12045,Ariana Ray,Female,28,Bachelors,Charlotte,2014,Operations,3,111900
12046,Eva Richardson,Female,29,Bachelors,San Antonio,2012,Finance & Accounting,3,109900
12047,Darius Howell,Male,28,Bachelors,"Washington, D.C.",2016,Procurement & Supply Chain,3,106600
12048,Wade Mcdowell,Male,26,Masters,Dallas,2012,Marketing,3,107300
12049,Tristan Morgan,Male,26,Bachelors,San Antonio,2014,Sales,3,104500
12050,Virginia Edwards,Female,28,Bachelors,San Jose,2017,Finance & Accounting,3,117200
12051,Marley Good,Others,27,Bachelors,Seattle,2012,Legal,2,73300
12052,Victoria Gilliam,Female,28,Bachelors,San Antonio,2018,Customer Service,3,99300
12053,Brady Waller,Male,26,Bachelors,Denver,2015,Procurement & Supply Chain,2,94800
12054,Daphne Jones,Female,29,PHD,Seattle,2016,Procurement & Supply Chain,3,98800
12055,Arielle Gill,Others,30,Masters,Los Angeles,2018,Marketing,3,101400
12056,Connor Estes,Male,28,Bachelors,Jacksonville,2014,Procurement & Supply Chain,3,118400
12057,Georgia Mcdonald,Female,30,Masters,Houston,2017,HR,2,90500
12058,Enzo Clayton,Male,30,Bachelors,Houston,2012,Legal,3,111200
12059,Erica Mills,Female,30,Masters,Charlotte,2017,Legal,2,88800
12060,Karina Walker,Female,26,Bachelors,San Antonio,2017,Legal,3,115200
12061,Mandy Knox,Female,28,Bachelors,New York City,2017,Marketing,3,110900
12062,Serena Peterson,Female,26,Masters,Houston,2013,Operations,3,105300
12063,Anaya Booth,Others,29,PHD,Denver,2015,Legal,1,56700
12064,Natalia Vargas,Female,27,Masters,Charlotte,2017,Procurement & Supply Chain,2,87400
12065,Robert Kim,Male,30,Bachelors,Columbus,2016,Legal,3,115600
12066,Leslie Peters,Female,26,Bachelors,Jacksonville,2012,Marketing,3,110900
12067,Elliot Stephens,Male,29,Bachelors,Indianapolis,2014,HR,2,70700
12068,Alana Swanson,Female,30,Bachelors,San Diego,2016,Marketing,3,105100
12069,Beau Hutchinson,Male,27,Bachelors,Columbus,2013,IT,3,101800
12070,Nia Thompson,Others,29,PHD,Seattle,2015,HR,2,71300
12071,Lucy Harper,Female,27,Bachelors,Philadelphia,2012,IT,3,106100
12072,Carmen Kane,Female,30,Bachelors,"Washington, D.C.",2018,Legal,3,102800
12073,John Sandoval,Male,29,Masters,Fort Worth,2017,Sales,2,94200
12074,Micah Delaney,Male,29,Masters,Boston,2016,Procurement & Supply Chain,3,108000
12075,Kamila Costello,Others,27,Bachelors,Boston,2017,Operations,3,108300
12076,Sara Page,Female,28,Bachelors,San Antonio,2017,Finance & Accounting,3,101800
12077,Julia Higgins,Female,27,Bachelors,Seattle,2017,R&D,3,113300
12078,Patrick Gibson,Male,29,Bachelors,Fort Worth,2012,HR,3,102700
12079,Paige Moody,Female,26,Bachelors,Charlotte,2017,Operations,3,107300
12080,Sasha Drake,Female,28,Bachelors,Denver,2013,Legal,3,104300
12081,Alex Stevens,Male,29,Bachelors,Austin,2013,Sales,2,71500
12082,Gia Williams,Female,27,Bachelors,Los Angeles,2015,Marketing,1,41300
12083,Teresa Rosario,Female,30,Bachelors,"Washington, D.C.",2016,Customer Service,3,102900
12084,Bianca Michael,Female,30,Bachelors,Fort Worth,2013,Marketing,3,104200
12085,Margaret Herrera,Female,27,Masters,Jacksonville,2017,Sales,2,75500
12086,Nina Evans,Female,29,Masters,Phoenix,2017,Operations,2,90400
12087,Karen Mccormick,Female,29,Bachelors,San Diego,2016,Finance & Accounting,3,100300
12088,Pedro Sherman,Male,26,Bachelors,Austin,2014,Sales,3,119500
12089,Ashley Hardy,Female,26,Bachelors,"Washington, D.C.",2014,R&D,3,104400
12090,Aria Lopez,Female,28,Bachelors,Austin,2015,Marketing,3,116400
12091,Reid Thornton,Male,28,Bachelors,Jacksonville,2013,IT,2,88700
12092,Brooke Thomas,Female,27,Bachelors,San Antonio,2016,HR,3,104700
12093,Vera Lewis,Female,26,Bachelors,San Jose,2017,Marketing,3,119200
12094,Matthew Mann,Male,30,Bachelors,Columbus,2014,Legal,3,108200
12095,Jillian Leary,Female,30,Bachelors,Chicago,2015,Finance & Accounting,2,94900
12096,Sophia Petty,Female,27,Bachelors,Seattle,2016,Marketing,3,99600
12097,Omar Holt,Male,26,Bachelors,Los Angeles,2015,Procurement & Supply Chain,3,119000
12098,Bailey Cherry,Male,30,Bachelors,Austin,2014,Marketing,3,103600
12099,Zachary Dickinson,Male,26,Masters,Charlotte,2017,Operations,2,90000
12100,Teresa Mckee,Female,27,Bachelors,Boston,2016,Sales,3,102300
12101,Gianna Young,Female,28,PHD,"Washington, D.C.",2017,Customer Service,3,118400
12102,Hadley Mathews,Female,30,Bachelors,Chicago,2015,Sales,3,118000
12103,Dylan Mccall,Male,29,Bachelors,Fort Worth,2016,HR,3,116200
12104,Micah Hull,Male,28,Bachelors,Austin,2012,Marketing,3,99000
12105,Darius Riddle,Male,30,Bachelors,New York City,2014,Procurement & Supply Chain,1,45400
12106,Ophelia Moran,Female,27,Bachelors,Seattle,2013,R&D,3,98700
12107,Yosef Roman,Others,30,Masters,Charlotte,2017,Sales,2,90700
12108,Emma Dodson,Female,30,Bachelors,Fort Worth,2012,Finance & Accounting,3,99200
12109,Alex Pierce,Male,26,Masters,Boston,2017,Finance & Accounting,2,78200
12110,Evelyn Meyer,Female,26,Bachelors,Phoenix,2014,Finance & Accounting,2,70900
12111,Bradley Dickerson,Male,29,Bachelors,Austin,2013,HR,3,105800
12112,Daisy Patterson,Female,29,Bachelors,"Washington, D.C.",2015,IT,3,107700
12113,Everett Cannon,Male,28,Bachelors,Seattle,2013,Legal,3,114800
12114,Kobe Goodman,Male,29,Masters,Phoenix,2016,Operations,3,103100
12115,Inaya Nolan,Others,26,Masters,Houston,2016,R&D,3,103500
12116,Hector Dickinson,Male,26,Bachelors,Columbus,2015,R&D,3,110600
12117,Emery Gonzales,Others,26,Bachelors,Phoenix,2016,Customer Service,3,107100
12118,Hannah Schaefer,Female,27,Masters,Jacksonville,2015,Marketing,1,49900
12119,Isabel Townsend,Female,28,Bachelors,Fort Worth,2012,Marketing,3,113900
12120,Claudia Murray,Female,27,Masters,San Diego,2017,Legal,2,84500
12121,Norah Humphrey,Female,29,Masters,Philadelphia,2015,HR,2,82000
12122,Alexander Fleming,Male,28,Bachelors,Phoenix,2012,Marketing,3,113400
12123,Jaden Morris,Male,28,Bachelors,"Washington, D.C.",2012,Operations,2,85800
12124,Amelia Mcdonald,Female,27,Bachelors,Austin,2015,IT,2,79800
12125,Kevin Zamora,Male,29,Masters,Dallas,2017,HR,2,76400
12126,Rachel Mathews,Female,28,Bachelors,San Jose,2014,Operations,2,84800
12127,Gwen Garrison,Female,29,Masters,New York City,2012,Procurement & Supply Chain,1,67000
12128,Shane Adkins,Male,30,Bachelors,Chicago,2015,Finance & Accounting,3,110500
12129,Cesar Arnold,Others,26,Masters,Dallas,2017,Finance & Accounting,2,74300
12130,Milo Graves,Male,26,Bachelors,Columbus,2012,R&D,3,118200
12131,Conrad Vincent,Male,30,Bachelors,Boston,2013,Legal,1,69100
12132,Kelly Fletcher,Female,30,Masters,Los Angeles,2017,Procurement & Supply Chain,3,108800
12133,Ana Tucker,Female,27,Bachelors,Houston,2015,IT,2,84700
12134,Marcus Reid,Male,28,Bachelors,Columbus,2016,Customer Service,3,102300
12135,Angel Livingston,Female,26,Bachelors,San Diego,2017,Legal,2,71400
12136,Emiliano Tran,Male,26,Masters,Indianapolis,2015,Legal,2,77600
12137,Dorian Wilkinson,Male,26,Bachelors,Seattle,2015,Customer Service,2,92100
12138,Amir Savage,Others,27,PHD,Los Angeles,2013,R&D,3,114800
12139,Hallie Williams,Female,27,Bachelors,Jacksonville,2014,Marketing,3,113200
12140,Desiree Ingram,Female,29,Bachelors,San Antonio,2013,IT,3,116900
12141,Nicole Meyers,Female,29,Masters,Chicago,2017,Sales,3,107600
12142,Cameron Fitzgerald,Male,28,Bachelors,San Jose,2016,Legal,3,109400
12143,Theodore Goldman,Male,26,Bachelors,Austin,2013,Procurement & Supply Chain,3,115800
12144,Rose Welch,Female,29,Bachelors,Austin,2013,Legal,3,104900
12145,Hakeem Tucker,Others,29,Bachelors,Los Angeles,2016,Customer Service,3,100300
12146,Beatrice Parsons,Female,26,Masters,Indianapolis,2016,Sales,3,100000
12147,Raheem Craft,Male,30,Bachelors,Dallas,2015,Customer Service,3,115700
12148,Tara Bentley,Female,26,Bachelors,San Antonio,2014,Customer Service,3,116800
12149,Drew Woods,Male,27,Bachelors,Boston,2013,Customer Service,3,115800
12150,Troy Emerson,Male,29,Bachelors,Charlotte,2016,Marketing,3,107200
12151,Paisley Kaufman,Female,29,Bachelors,Austin,2016,IT,3,104700
12152,Magnolia Fleming,Others,29,Masters,San Diego,2014,Procurement & Supply Chain,3,117300
12153,Leon Mcconnell,Male,27,Bachelors,Dallas,2014,HR,3,116700
12154,Hudson Houston,Male,27,Bachelors,San Antonio,2012,Sales,1,47400
12155,Elora Russell,Others,26,Bachelors,Chicago,2015,Procurement & Supply Chain,3,111400
12156,Camille Frederick,Female,28,Bachelors,Indianapolis,2015,Procurement & Supply Chain,1,55600
12157,Patrick Osborne,Male,28,Bachelors,New York City,2015,Sales,2,74300
12158,Quinn Griffith,Male,28,Bachelors,San Antonio,2018,HR,2,71300
12159,Delilah Hess,Female,28,Bachelors,Indianapolis,2015,Marketing,3,105100
12160,Andrea Jensen,Female,29,Bachelors,Philadelphia,2015,Finance & Accounting,3,108200
12161,Lara Wiley,Others,27,Bachelors,Indianapolis,2013,Customer Service,3,99300
12162,Aleena Riley,Female,27,Bachelors,Seattle,2014,R&D,2,80100
12163,Grace Hubbard,Female,27,Bachelors,Charlotte,2014,Operations,3,116200
12164,Aurelia Harvey,Others,30,Bachelors,Fort Worth,2016,Customer Service,3,117600
12165,Faith Baxter,Female,28,PHD,Dallas,2015,HR,3,109200
12166,Mia Fisher,Female,29,Bachelors,Houston,2014,Operations,3,106400
12167,Elliott Winters,Male,29,Bachelors,San Diego,2015,Marketing,3,116700
12168,Mila Banks,Female,30,Bachelors,New York City,2013,Marketing,3,108300
12169,Beatrice Costello,Female,28,Bachelors,Seattle,2013,IT,3,109100
12170,Andrea Peck,Female,29,Bachelors,Indianapolis,2015,IT,2,85300
12171,Clara Barron,Female,30,Bachelors,Chicago,2017,Procurement & Supply Chain,3,116300
12172,Mia Keller,Female,27,Bachelors,Philadelphia,2012,R&D,3,100200
12173,Osiris Odom,Others,27,Masters,San Jose,2017,Marketing,2,87700
12174,Quinn Evans,Male,29,Bachelors,Jacksonville,2018,Legal,3,100600
12175,Alexander Gibbs,Male,30,Masters,"Washington, D.C.",2012,Customer Service,1,52400
12176,Ember Talley,Female,28,Masters,Jacksonville,2016,Finance & Accounting,3,111400
12177,Owen Dean,Male,26,Bachelors,Seattle,2016,Procurement & Supply Chain,3,105300
12178,Sophia Stevenson,Female,28,Bachelors,Denver,2012,Procurement & Supply Chain,3,113700
12179,Karl Dunn,Male,27,Bachelors,Boston,2018,Legal,3,105900
12180,Amelia Wade,Female,29,Bachelors,Fort Worth,2014,Finance & Accounting,3,104400
12181,Osiris Stephens,Others,27,PHD,San Antonio,2017,Finance & Accounting,3,111900
12182,Peter Goldman,Male,29,Bachelors,Indianapolis,2017,Sales,3,116700
12183,Irene Lee,Others,28,Bachelors,Houston,2014,Operations,3,105300
12184,Morgan Buchanan,Female,26,Bachelors,Los Angeles,2014,Operations,3,118700
12185,Amir Moody,Others,28,Bachelors,Philadelphia,2012,Sales,3,115600
12186,Daria Mueller,Others,28,Masters,Houston,2018,Operations,3,108100
12187,Nora Mckenzie,Female,28,Bachelors,San Diego,2017,IT,3,112900
12188,Amira Torres,Female,28,Bachelors,Boston,2015,R&D,3,109900
12189,Alexis Copeland,Female,29,Bachelors,San Jose,2014,Customer Service,3,105700
12190,Jayden Bruce,Male,28,Masters,San Diego,2017,HR,3,101100
12191,Peyton Morgan,Others,29,Masters,San Antonio,2017,Legal,3,104200
12192,Mackenzie Koch,Female,29,Bachelors,Houston,2014,Procurement & Supply Chain,2,73600
12193,Lauren Meyer,Female,26,Masters,Philadelphia,2013,IT,3,110400
12194,Daisy Chandler,Female,30,Bachelors,Seattle,2014,Marketing,3,104500
12195,Gwen Mann,Female,26,Bachelors,"Washington, D.C.",2013,Legal,3,109600
12196,Sam Hardy,Male,29,Bachelors,Charlotte,2014,HR,1,52300
12197,Mia Spears,Female,29,Masters,Austin,2016,Procurement & Supply Chain,3,103200
12198,Morgan Beasley,Female,28,PHD,Columbus,2016,Customer Service,1,46900
12199,Tom Casey,Male,29,PHD,Denver,2015,HR,3,113700
12200,Mandy Gonzales,Female,28,Bachelors,Indianapolis,2014,HR,3,104700
12201,Danny Rivera,Others,26,Bachelors,Columbus,2015,Finance & Accounting,2,84600
12202,Nia Frazier,Others,28,Bachelors,Austin,2015,Finance & Accounting,3,108900
12203,Georgia Ellison,Female,28,Bachelors,New York City,2015,HR,3,98300
12204,Craig Pearson,Male,26,Bachelors,Austin,2016,Operations,3,117100
12205,Gideon Stafford,Male,29,Bachelors,Boston,2014,Procurement & Supply Chain,3,108100
12206,Ember Mcbride,Female,30,Bachelors,San Antonio,2013,IT,2,88400
12207,Georgia Cook,Female,29,Bachelors,New York City,2015,Marketing,3,106500
12208,Alanzo Rice,Others,26,Bachelors,Fort Worth,2012,Finance & Accounting,3,107700
12209,Ella Ramirez,Female,29,PHD,"Washington, D.C.",2017,HR,3,115400
12210,Kayla Cordova,Female,29,Masters,San Antonio,2017,HR,3,114300
12211,Chloe Tillman,Female,30,Bachelors,Los Angeles,2015,Marketing,2,76400
12212,Adaline Joseph,Female,26,Bachelors,Jacksonville,2012,HR,3,115400
12213,Kiera Gordon,Others,30,Bachelors,Columbus,2013,IT,3,100500
12214,Robert Mann,Male,30,Bachelors,Houston,2012,Marketing,3,115200
12215,Dalton Gilbert,Male,26,Bachelors,Fort Worth,2015,Customer Service,3,116000
12216,Walter Shaffer,Male,28,Bachelors,Jacksonville,2015,Finance & Accounting,3,107100
12217,Joseph Hanson,Male,29,Bachelors,Philadelphia,2014,Finance & Accounting,3,109900
12218,Flora Tillman,Female,28,Bachelors,Los Angeles,2013,R&D,2,97800
12219,Kelsey Flores,Female,28,Bachelors,Boston,2016,HR,3,101700
12220,Jade Myers,Female,30,Masters,"Washington, D.C.",2018,Finance & Accounting,3,118300
12221,George Schultz,Male,29,Bachelors,Phoenix,2018,HR,3,110100
12222,Nia Pearson,Others,30,Bachelors,"Washington, D.C.",2016,HR,3,108300
12223,Edward Moody,Male,26,Bachelors,San Diego,2015,HR,3,108700
12224,Giselle Maynard,Female,27,Masters,Dallas,2017,Legal,2,75400
12225,Virginia Craft,Female,26,Masters,San Antonio,2017,HR,2,87500
12226,Elora Reid,Others,26,Masters,San Jose,2017,IT,3,117100
12227,Elora Solomon,Others,30,Bachelors,Houston,2017,Finance & Accounting,2,70400
12228,Daniel Duncan,Male,28,Bachelors,San Diego,2012,IT,3,120000
12229,Neha Singleton,Female,28,Bachelors,Seattle,2014,IT,3,101900
12230,Toby Watkins,Male,29,PHD,Chicago,2015,Procurement & Supply Chain,3,109900
12231,Kaleb Lee,Male,26,Masters,Jacksonville,2015,Legal,3,117900
12232,Gwen Riley,Female,30,Bachelors,Indianapolis,2017,R&D,3,110400
12233,Mina Newman,Female,28,Bachelors,New York City,2014,IT,3,112400
12234,Victoria Morrow,Female,30,Bachelors,Seattle,2013,Marketing,1,40400
12235,Theo Gregory,Male,27,Bachelors,San Jose,2016,IT,3,111400
12236,Omar Mathis,Male,28,Bachelors,Columbus,2014,R&D,1,40500
12237,Jayden Shaffer,Male,30,Bachelors,New York City,2015,Customer Service,3,99500
12238,Martin Stephens,Male,27,Bachelors,Charlotte,2013,Operations,3,110700
12239,Erin Collier,Female,27,Bachelors,Phoenix,2017,Marketing,2,86700
12240,Bodhi Booth,Others,28,Masters,Seattle,2017,Operations,2,73400
12241,Gael Greene,Others,27,Masters,Houston,2017,Operations,2,93900
12242,Gabriela Mahoney,Female,27,Masters,Columbus,2014,Operations,3,103300
12243,Daisy Lucero,Female,27,PHD,"Washington, D.C.",2014,Finance & Accounting,2,80300
12244,Juliana Allen,Female,29,Bachelors,Indianapolis,2015,Legal,3,103500
12245,Conrad Bullock,Male,27,Bachelors,Indianapolis,2012,Legal,3,112200
12246,Axel Schneider,Male,30,Bachelors,Houston,2017,R&D,3,102600
12247,Dylan Hanna,Male,27,Bachelors,San Diego,2014,IT,1,54000
12248,Kiera Carlson,Others,26,Bachelors,"Washington, D.C.",2014,IT,1,40700
12249,Callum Griffith,Male,29,Bachelors,Columbus,2012,Operations,3,109400
12250,Dean Griffith,Male,30,Bachelors,Columbus,2012,Procurement & Supply Chain,3,117400
12251,Ariana Berg,Female,27,Bachelors,Austin,2015,IT,3,99100
12252,Juliet Oconnell,Female,30,Masters,Columbus,2017,Procurement & Supply Chain,2,86900
12253,Caleb Chase,Male,29,Masters,Dallas,2018,Finance & Accounting,3,115600
12254,Yasmin Burch,Female,28,Bachelors,Columbus,2015,R&D,3,110600
12255,Daisy Preston,Female,26,Bachelors,Seattle,2013,Sales,3,114500
12256,Parker Leach,Male,27,Masters,Seattle,2016,R&D,3,99300
12257,Nova Pope,Female,26,Bachelors,Fort Worth,2014,Operations,1,55500
12258,Teagan Stevenson,Female,27,Bachelors,Columbus,2017,IT,3,119600
12259,Victoria Bryan,Female,30,PHD,Los Angeles,2013,Operations,3,104600
12260,Clarence Willis,Others,26,Masters,Denver,2018,Legal,3,114100
12261,Amelia Tyler,Female,26,Bachelors,Seattle,2012,Legal,3,119900
12262,Harrison Hayes,Male,26,Bachelors,Seattle,2013,IT,3,104500
12263,Nicholas Edwards,Male,26,Bachelors,Columbus,2015,Finance & Accounting,3,114600
12264,Seth Stevens,Male,29,Bachelors,"Washington, D.C.",2016,Sales,3,101700
12265,Lena Cantrell,Female,29,Bachelors,Charlotte,2018,Marketing,3,113600
12266,Elizabeth Oconnell,Female,28,Bachelors,Seattle,2016,Legal,3,108200
12267,Lorenzo Baxter,Male,30,Masters,"Washington, D.C.",2012,IT,3,111100
12268,Rebecca Gibson,Female,30,Bachelors,Phoenix,2014,Operations,3,103700
12269,Frankie Gillespie,Others,27,Bachelors,Phoenix,2013,Legal,3,117300
12270,Sabrina Hudson,Female,29,Bachelors,San Jose,2014,IT,3,109200
12271,Daniela Winters,Others,28,Bachelors,Seattle,2013,HR,3,112400
12272,Miranda Hernandez,Female,29,Bachelors,Houston,2014,Procurement & Supply Chain,3,115400
12273,Albert Akers,Others,30,Bachelors,Phoenix,2012,Customer Service,1,69600
12274,Kaleb Doyle,Male,28,Bachelors,Dallas,2018,Procurement & Supply Chain,3,103100
12275,Neil Sullivan,Male,30,Bachelors,New York City,2012,Legal,3,105400
12276,Lyla Combs,Others,30,Masters,Boston,2017,Finance & Accounting,2,81200
12277,Mabel Bell,Female,27,Bachelors,Philadelphia,2014,Finance & Accounting,3,109100
12278,Kobe Hampton,Male,29,Masters,Dallas,2014,Finance & Accounting,3,114000
12279,Theo Copeland,Male,29,Bachelors,Indianapolis,2016,Customer Service,3,102500
12280,Sonia Bradley,Female,28,Bachelors,Los Angeles,2014,Finance & Accounting,2,90500
12281,Callum Singleton,Male,26,Bachelors,New York City,2017,Finance & Accounting,3,107500
12282,Cecilia Humphrey,Female,28,Bachelors,New York City,2018,IT,3,113700
12283,Cassian Harris,Male,29,Bachelors,San Jose,2016,Finance & Accounting,3,99500
12284,Sean Stone,Male,26,Bachelors,Seattle,2015,Procurement & Supply Chain,3,98500
12285,Yasmine Brandt,Female,27,Masters,Dallas,2017,Operations,3,104100
12286,Elliot Raymond,Male,26,Masters,"Washington, D.C.",2017,Customer Service,2,88100
12287,Reid Dillard,Male,26,Masters,Columbus,2013,R&D,3,110700
12288,Ellen Dyer,Female,29,Bachelors,Seattle,2017,Marketing,3,104700
12289,Riley Greene,Male,27,Masters,Columbus,2013,R&D,3,117200
12290,Annabelle Marlow,Female,30,Bachelors,Chicago,2012,IT,2,74400
12291,Kate Lynch,Others,26,Bachelors,Dallas,2013,Sales,3,98600
12292,Savannah Roman,Female,28,Bachelors,Seattle,2015,Marketing,2,91900
12293,Jackson Sinclair,Male,27,Bachelors,Seattle,2013,Finance & Accounting,3,107500
12294,Anne Smith,Female,29,Bachelors,San Jose,2015,Finance & Accounting,2,94400
12295,Alanzo Dorsey,Others,27,Bachelors,Denver,2012,HR,1,49800
12296,Genevieve Marks,Female,28,Bachelors,Chicago,2012,Procurement & Supply Chain,3,103500
12297,Paula Clarke,Female,26,Bachelors,New York City,2015,R&D,3,111900
12298,Sarah Harvey,Female,28,Bachelors,Jacksonville,2017,Customer Service,3,114300
12299,Kingston Roberts,Male,27,Bachelors,Los Angeles,2013,Marketing,3,103300
12300,Inaya Terrell,Others,28,Masters,New York City,2014,Operations,3,116100
12301,Farah Stevenson,Others,29,Bachelors,Boston,2015,Procurement & Supply Chain,3,105900
12302,Renee Malone,Female,27,Bachelors,Dallas,2017,R&D,3,118200
12303,Lilian Pruitt,Others,27,Bachelors,Phoenix,2012,Procurement & Supply Chain,3,107400
12304,Walker Richardson,Male,30,Masters,San Antonio,2017,Marketing,2,85300
12305,Madison Davis,Female,28,Bachelors,Austin,2015,Sales,3,115000
12306,Daria Holt,Others,27,Masters,Phoenix,2017,Legal,1,62200
12307,Jennifer Lloyd,Female,27,Bachelors,Dallas,2015,Finance & Accounting,3,117000
12308,Amara Romero,Female,27,Bachelors,"Washington, D.C.",2018,Operations,3,101800
12309,Anaya Garcia,Others,30,Masters,New York City,2017,R&D,2,76800
12310,Vanessa Sanford,Female,29,Bachelors,San Jose,2013,IT,3,103400
12311,Simone Lyons,Female,29,Bachelors,New York City,2013,R&D,3,106800
12312,Josie Rhodes,Female,27,Bachelors,Boston,2012,Legal,3,118900
12313,Arjun Mccormick,Others,30,Bachelors,Fort Worth,2015,Customer Service,3,98200
12314,Malik Baxter,Male,29,Bachelors,Phoenix,2015,IT,2,93400
12315,Drew Robles,Male,26,Masters,Houston,2018,Legal,3,119000
12316,Devin Short,Male,29,Masters,Phoenix,2013,Legal,2,75500
12317,Nolan Gray,Male,28,Bachelors,Los Angeles,2014,Legal,1,52300
12318,Alistair Jacobs,Male,30,Bachelors,New York City,2015,Legal,3,108600
12319,Irene Garcia,Others,27,Bachelors,Jacksonville,2015,Marketing,2,84400
12320,Piper Nolan,Female,28,Bachelors,Boston,2014,Marketing,3,117800
12321,George Fry,Male,27,Masters,Boston,2015,IT,3,110500
12322,Taylor Colon,Male,26,Masters,Philadelphia,2017,R&D,2,93600
12323,Victoria Dillon,Female,28,Bachelors,Dallas,2018,Marketing,3,102400
12324,Shane Solis,Male,28,Bachelors,Denver,2015,IT,3,108300
12325,Joseph Vaughn,Male,27,Bachelors,"Washington, D.C.",2013,IT,3,111300
12326,Frank Reid,Male,26,Bachelors,Phoenix,2013,Customer Service,1,50400
12327,Miles Potter,Male,30,Masters,Charlotte,2017,Marketing,2,82500
12328,Alisha Dillard,Others,28,Bachelors,Los Angeles,2015,Sales,3,119100
12329,Raina Aguilar,Female,27,Bachelors,Chicago,2013,Operations,3,99500
12330,Kyle Strong,Male,26,Bachelors,"Washington, D.C.",2012,IT,3,100900
12331,Douglas Pierce,Male,28,Bachelors,Charlotte,2018,IT,3,108200
12332,Sophia Stuart,Female,28,Masters,Charlotte,2017,Operations,2,79600
12333,Maddie Clayton,Others,29,Bachelors,Dallas,2015,Sales,3,114100
12334,Morgan Franco,Female,30,Bachelors,Philadelphia,2012,R&D,3,114400
12335,Bridget Curtis,Female,30,Masters,"Washington, D.C.",2016,R&D,3,100700
12336,Alison Baker,Female,30,Bachelors,Seattle,2014,Customer Service,3,115700
12337,James Tate,Male,26,Bachelors,San Antonio,2018,HR,3,100300
12338,Noah Mendoza,Male,26,Masters,Philadelphia,2017,HR,3,112900
12339,Lena Shepherd,Female,27,Bachelors,Chicago,2012,Customer Service,3,114800
12340,Frank Everett,Male,26,Bachelors,Fort Worth,2018,Operations,3,119400
12341,Scott Albert,Male,27,PHD,Boston,2014,Legal,3,104600
12342,Leo Johns,Others,26,Masters,Charlotte,2017,R&D,2,84800
12343,Patrick Dunn,Male,30,Bachelors,Columbus,2013,Legal,3,107400
12344,Hope Thompson,Female,30,Bachelors,Los Angeles,2012,Sales,3,100400
12345,Ruby Moon,Female,26,Masters,San Diego,2018,Customer Service,3,101900
12346,Neha Phillips,Female,28,Bachelors,New York City,2013,HR,1,56900
12347,Dorothy Aguilar,Female,30,Bachelors,Denver,2017,HR,3,101200
12348,Yosef Carter,Others,30,Masters,Houston,2017,HR,2,77000
12349,Theo Corbett,Male,27,PHD,Los Angeles,2016,Sales,3,108500
12350,Orion Pearson,Others,28,Bachelors,Philadelphia,2016,Finance & Accounting,3,100900
12351,Cassandra Roth,Female,29,Bachelors,Indianapolis,2015,Marketing,2,78400
12352,Quinn Livingston,Male,27,Bachelors,Chicago,2013,Marketing,3,111300
12353,Paisley Dixon,Female,27,Masters,Seattle,2014,R&D,3,118200
12354,Theodore Finley,Male,26,Masters,Los Angeles,2017,Customer Service,2,87700
12355,Vivian Hendricks,Female,30,Masters,Austin,2017,R&D,2,89200
12356,Patrick Rodgers,Male,27,Masters,Philadelphia,2018,HR,3,105000
12357,Daniela Meadows,Others,29,Bachelors,Los Angeles,2017,IT,2,95600
12358,Eliza Wilson,Female,29,Masters,"Washington, D.C.",2014,Legal,1,54400
12359,Nova Berger,Female,30,Bachelors,Los Angeles,2015,Customer Service,2,91700
12360,Addison Buckley,Others,30,Bachelors,San Diego,2014,Finance & Accounting,3,119000
12361,Marlon Lynch,Male,30,Masters,Chicago,2018,Legal,1,64800
12362,Owen Elliott,Male,29,Bachelors,San Jose,2017,Sales,3,108600
12363,Margaret Monroe,Female,28,Bachelors,San Jose,2016,Finance & Accounting,3,117700
12364,Lily Snyder,Female,26,Bachelors,Indianapolis,2018,Legal,3,115000
12365,Eva Anderson,Female,28,Bachelors,Fort Worth,2014,Finance & Accounting,1,43000
12366,Summer Chen,Female,29,Masters,Los Angeles,2017,Sales,2,81500
12367,Lorenzo Sharpe,Male,26,Masters,San Diego,2013,Customer Service,3,108800
12368,Robin Sweet,Male,28,Bachelors,Jacksonville,2017,Legal,2,74300
12369,Pedro Romero,Male,30,Bachelors,Austin,2016,Procurement & Supply Chain,3,106900
12370,Devin Rivers,Male,27,PHD,Philadelphia,2015,Legal,3,103400
12371,Lila French,Female,29,Bachelors,Fort Worth,2016,Legal,3,100400
12372,Hector Ahmed,Male,28,Bachelors,Houston,2014,Procurement & Supply Chain,2,71200
12373,Daisy Figueroa,Female,26,Bachelors,Seattle,2016,Sales,3,115600
12374,Peyton Huff,Others,30,Masters,New York City,2017,Procurement & Supply Chain,2,84600
12375,Pauline Coleman,Female,30,PHD,San Diego,2013,IT,3,119900
12376,Danny Mckinney,Others,29,Bachelors,Columbus,2015,Legal,3,108200
12377,Adam Robertson,Male,28,Bachelors,San Jose,2017,R&D,3,110000
12378,Grace Lester,Female,29,Bachelors,San Diego,2015,IT,3,104700
12379,Amir Gonzales,Others,26,Bachelors,Dallas,2015,Finance & Accounting,1,59100
12380,Paul Clements,Male,28,Bachelors,Phoenix,2013,R&D,3,112300
12381,Orion Charles,Others,29,Bachelors,Denver,2015,Legal,2,87100
12382,Jean Hunt,Female,26,Bachelors,Philadelphia,2013,Finance & Accounting,3,98600
12383,Amaya Rosario,Female,30,Masters,Fort Worth,2014,R&D,3,115700
12384,Brielle Mathews,Female,30,Masters,San Jose,2017,Customer Service,2,80600
12385,Elijah Griffin,Male,27,Bachelors,Charlotte,2017,Sales,3,104100
12386,Aarav Ross,Others,28,Bachelors,Fort Worth,2014,Customer Service,3,113500
12387,Lorenzo Kim,Male,27,Bachelors,Denver,2014,Customer Service,3,110600
12388,Colton Henderson,Others,29,Bachelors,Austin,2015,Legal,2,80900
12389,Tyler Saunders,Male,26,Bachelors,Indianapolis,2013,Sales,3,107600
12390,Eliseo Sparks,Others,30,Bachelors,Indianapolis,2014,R&D,3,117700
12391,Kian Chase,Others,26,Bachelors,Phoenix,2013,R&D,2,92300
12392,Jasmine Browning,Female,26,Bachelors,Phoenix,2016,Operations,3,101400
12393,Philip Kelly,Male,28,Masters,Indianapolis,2017,Operations,2,87900
12394,Carmen Guy,Female,27,Masters,Denver,2017,Customer Service,2,94500
12395,Genevieve Gibbs,Female,29,Bachelors,Seattle,2017,Operations,2,93700
12396,Beatrice Foley,Female,28,Masters,San Diego,2017,Operations,2,86800
12397,Shannon Sweeney,Female,26,Bachelors,Fort Worth,2017,Operations,2,94600
12398,Sabrina Melendez,Female,29,Bachelors,San Antonio,2014,Procurement & Supply Chain,3,113200
12399,Megan Morris,Female,28,Bachelors,Jacksonville,2012,Customer Service,3,117100
12400,Georgia Langley,Female,27,Bachelors,Chicago,2016,Procurement & Supply Chain,3,106100
12401,Logan Harrell,Male,28,Bachelors,Philadelphia,2012,Legal,3,113500
12402,Yvette Carr,Female,30,Masters,Columbus,2015,Finance & Accounting,2,97300
12403,Walker Alvarez,Male,28,Masters,Philadelphia,2017,IT,2,74500
12404,Kobe Mcdowell,Male,29,Masters,Boston,2015,Operations,2,85400
12405,Eva Corbett,Female,26,Masters,Charlotte,2015,Legal,3,112100
12406,Sean Moody,Male,26,Bachelors,Charlotte,2013,Legal,3,98400
12407,Ivan Ashley,Male,29,Bachelors,Fort Worth,2017,Legal,3,102400
12408,Dorothy Foster,Female,27,Bachelors,Indianapolis,2017,Procurement & Supply Chain,3,115500
12409,Milo Reilly,Male,29,Bachelors,Columbus,2014,Operations,3,119300
12410,Leah Atkinson,Female,27,Bachelors,San Diego,2017,Legal,3,107600
12411,Shawn Woodard,Male,28,Masters,Charlotte,2017,Legal,2,87000
12412,Madeline Fox,Female,27,Masters,Indianapolis,2013,IT,3,113400
12413,Amara Price,Female,27,Masters,Philadelphia,2017,Legal,3,103900
12414,Cassian Moses,Male,30,Bachelors,Austin,2013,R&D,3,104700
12415,Ibrahim Skinner,Male,27,Bachelors,Houston,2015,Finance & Accounting,2,97100
12416,Cassandra Harrington,Female,26,Bachelors,Phoenix,2014,Marketing,3,105900
12417,Melody Maddox,Female,27,Bachelors,Indianapolis,2015,R&D,2,85700
12418,Knox Gomez,Others,30,Bachelors,Charlotte,2015,Marketing,3,114100
12419,Evan Kirkland,Male,27,Masters,Dallas,2017,R&D,2,86500
12420,Adriana Lester,Female,30,Bachelors,"Washington, D.C.",2017,Procurement & Supply Chain,3,102200
12421,Coraline Tran,Others,30,Bachelors,Jacksonville,2016,Finance & Accounting,2,70800
12422,Sofia Lindsey,Female,27,Masters,Chicago,2016,Legal,1,58900
12423,Kelly Gilbert,Female,26,Bachelors,San Antonio,2012,Sales,3,108200
12424,Angel Mcguire,Female,27,Bachelors,Houston,2014,Procurement & Supply Chain,3,110400
12425,Kiara Keith,Female,29,Bachelors,"Washington, D.C.",2015,Sales,3,114200
12426,Serena Klein,Female,26,Bachelors,San Jose,2013,IT,3,98800
12427,Calvin Avery,Male,29,Bachelors,"Washington, D.C.",2015,R&D,2,91200
12428,Alina Haley,Female,28,Bachelors,Philadelphia,2013,Sales,3,104600
12429,Francis Ortiz,Male,27,Bachelors,Jacksonville,2013,Operations,2,89400
12430,Talia Rios,Female,28,Masters,New York City,2014,HR,3,106800
12431,Erin Sellers,Female,27,Bachelors,Austin,2016,Marketing,3,99000
12432,Quinn Morales,Male,29,Bachelors,Seattle,2016,Sales,3,114300
12433,India Herman,Others,26,Masters,"Washington, D.C.",2018,Sales,1,63800
12434,Amir Anderson,Others,27,Bachelors,San Jose,2015,Finance & Accounting,3,111800
12435,Edith Zimmerman,Female,27,Bachelors,San Antonio,2013,Finance & Accounting,2,86200
12436,Maya Bentley,Female,28,Bachelors,Charlotte,2014,IT,3,111500
12437,Wyatt Juarez,Male,27,Bachelors,Denver,2014,IT,3,114800
12438,Georgia Stevenson,Female,29,Bachelors,"Washington, D.C.",2016,Marketing,3,108200
12439,Luna Dunlap,Female,29,Bachelors,Charlotte,2012,IT,3,111800
12440,Cecilia Chapman,Female,29,Bachelors,San Antonio,2018,Operations,3,118500
12441,Nathaniel Roman,Male,30,Bachelors,San Diego,2012,Legal,3,116600
12442,Atlas Vines,Others,30,Bachelors,Indianapolis,2013,Marketing,3,116600
12443,Elliott Erickson,Male,27,Bachelors,Seattle,2014,HR,3,117800
12444,Dominic Dunn,Male,29,Bachelors,Austin,2015,R&D,3,106200
12445,Elliot Kidd,Male,30,Bachelors,San Antonio,2014,Customer Service,3,108700
12446,Owen Kent,Male,28,Bachelors,Houston,2014,Legal,1,57000
12447,Raphael Maxwell,Male,27,Bachelors,"Washington, D.C.",2015,Finance & Accounting,3,100400
12448,Whitney Evans,Female,30,Bachelors,Boston,2016,Marketing,3,100400
12449,Joy Whitaker,Female,26,Bachelors,Philadelphia,2016,Customer Service,3,117100
12450,Anthony Barnes,Male,27,Bachelors,Columbus,2018,R&D,3,106600
12451,Caleb Ellis,Male,26,Bachelors,"Washington, D.C.",2015,IT,3,102100
12452,Gabriela Finley,Female,27,Masters,Fort Worth,2017,Marketing,2,77200
12453,Alina Page,Female,26,Bachelors,Indianapolis,2015,Operations,3,98100
12454,Abigail Cooper,Female,26,Bachelors,Fort Worth,2017,HR,3,101700
12455,Jenna Mills,Female,27,Bachelors,Columbus,2012,Operations,1,45800
12456,Aleena Perez,Female,26,Bachelors,San Diego,2016,Legal,3,114500
12457,Arjun Parks,Others,28,PHD,San Antonio,2017,Procurement & Supply Chain,3,116900
12458,Mae Richards,Female,29,Bachelors,Los Angeles,2015,Sales,3,119400
12459,Luis Zimmerman,Male,30,Masters,Los Angeles,2014,Sales,3,118600
12460,Amir Riggs,Others,26,Bachelors,Denver,2013,Marketing,3,115000
12461,Scott Petty,Male,27,Bachelors,Columbus,2012,Operations,3,103000
12462,Caleb Graham,Male,28,Bachelors,Houston,2015,IT,3,118800
12463,Chase Crosby,Male,26,Bachelors,San Jose,2013,Legal,3,106000
12464,Ansel Morris,Others,26,Bachelors,Los Angeles,2013,Customer Service,3,103100
12465,Keegan Brandt,Others,30,Masters,Jacksonville,2012,Legal,3,109000
12466,Fiona Armstrong,Female,27,PHD,Indianapolis,2013,Finance & Accounting,3,100300
12467,Sage Oneal,Male,27,Bachelors,Dallas,2012,IT,3,102000
12468,Alina Bullock,Female,30,Bachelors,Boston,2018,IT,3,112700
12469,Philip Reid,Male,26,Bachelors,Charlotte,2012,Finance & Accounting,3,111200
12470,Edith Mcclure,Female,29,Masters,Los Angeles,2017,Customer Service,3,106900
12471,Mallory Owens,Female,29,Bachelors,Dallas,2014,Procurement & Supply Chain,3,102800
12472,Alessia Chase,Female,28,Bachelors,New York City,2017,R&D,3,110200
12473,Delia Craig,Female,26,Bachelors,Jacksonville,2015,Marketing,2,87000
12474,Russell Clayton,Male,27,Bachelors,Indianapolis,2018,Marketing,3,117400
12475,Yvette Key,Female,28,Bachelors,Fort Worth,2014,IT,1,46800
12476,Kayla Bernard,Female,28,Bachelors,Philadelphia,2016,Finance & Accounting,3,114800
12477,Elizabeth Walker,Female,26,Bachelors,Columbus,2014,Finance & Accounting,3,114300
12478,Sterling Novak,Male,26,Bachelors,Phoenix,2012,HR,3,104100
12479,Amaya Goodman,Female,28,Bachelors,San Diego,2015,Procurement & Supply Chain,3,112500
12480,Catherine Joyner,Female,28,Bachelors,San Jose,2014,Procurement & Supply Chain,3,116000
12481,Frankie Carver,Others,27,Bachelors,San Jose,2016,IT,3,100100
12482,Piper Nichols,Female,29,PHD,Phoenix,2012,Legal,1,52200
12483,Naomi Crow,Female,30,Bachelors,Dallas,2013,Sales,3,101900
12484,Siena Robertson,Others,26,Bachelors,San Jose,2016,Finance & Accounting,3,115600
12485,Ashley Wade,Female,28,Bachelors,Fort Worth,2014,R&D,3,104900
12486,Arjun Jackson,Others,26,Masters,Columbus,2013,Customer Service,2,70200
12487,Diana Howell,Female,27,Bachelors,Charlotte,2017,HR,3,116500
12488,Savannah Floyd,Female,27,Bachelors,San Diego,2013,Legal,3,100600
12489,Elizabeth Stone,Female,28,PHD,Charlotte,2015,Legal,3,106100
12490,Beatrice Rios,Female,28,Masters,San Antonio,2017,Sales,2,88400
12491,Simone Graves,Female,28,Bachelors,Houston,2014,Customer Service,3,117900
12492,Damian Hayden,Male,29,Bachelors,Seattle,2016,Legal,3,102100
12493,Kamila Olson,Others,26,Bachelors,Denver,2017,HR,3,107400
12494,Daniel Sweeney,Male,30,Bachelors,New York City,2015,HR,3,118800
12495,Isla Johnson,Female,30,Masters,Chicago,2012,Procurement & Supply Chain,3,105900
12496,Matilda Kendall,Female,30,Bachelors,Boston,2012,Customer Service,1,68200
12497,Jacob Sanford,Male,27,Bachelors,Indianapolis,2014,Sales,3,116300
12498,Hugo Finley,Male,28,Bachelors,New York City,2017,Legal,2,89400
12499,Raina Cole,Female,26,Bachelors,San Jose,2012,Operations,3,104800
12500,Renee Brewer,Female,29,Bachelors,Chicago,2015,R&D,3,108700
12501,Amy Johnston,Female,30,Masters,Philadelphia,2017,Sales,2,73400
12502,Diana Fisher,Female,26,Bachelors,Boston,2013,Sales,3,113600
12503,Dean Boyd,Male,30,Masters,Columbus,2014,R&D,3,109100
12504,Edward Salazar,Male,29,Bachelors,Houston,2013,Marketing,3,103100
12505,Vivian Raymond,Female,28,Bachelors,Philadelphia,2017,Finance & Accounting,3,116600
12506,Karen Mullins,Female,27,Masters,"Washington, D.C.",2018,Finance & Accounting,3,113400
12507,Cassandra Sandoval,Female,26,Masters,Fort Worth,2017,Legal,2,88200
12508,Katie Mcclain,Female,30,Bachelors,San Diego,2012,R&D,3,113900
12509,Isabel King,Female,29,Bachelors,Indianapolis,2012,R&D,3,103300
12510,Ruby Macdonald,Female,29,Bachelors,Indianapolis,2014,Operations,3,100600
12511,Jamie Hickman,Male,27,Bachelors,Austin,2016,Customer Service,3,103800
12512,Andre Garrett,Male,28,Bachelors,Boston,2015,Operations,3,116000
12513,Troy Allison,Male,26,Bachelors,San Diego,2014,Procurement & Supply Chain,3,119400
12514,Daniela Robbins,Others,29,Bachelors,San Antonio,2016,Finance & Accounting,3,116500
12515,Craig Warren,Male,29,Bachelors,"Washington, D.C.",2014,Marketing,3,107500
12516,Kate Shaw,Others,30,Masters,Austin,2013,Sales,3,105900
12517,Amira Reeves,Female,30,Bachelors,Dallas,2017,Operations,3,110000
12518,Flynn Head,Others,27,Bachelors,Denver,2014,Operations,3,99100
12519,Carter Hurst,Male,30,PHD,San Diego,2015,Finance & Accounting,2,74700
12520,Chris Wyatt,Male,30,Masters,Fort Worth,2014,R&D,3,107400
12521,Jacob Hernandez,Male,27,Masters,Indianapolis,2017,Legal,2,88500
12522,Florence Ingram,Female,30,Bachelors,"Washington, D.C.",2013,Marketing,3,102800
12523,Maeve Diaz,Female,30,Masters,Boston,2017,Customer Service,2,95500
12524,Louis Glenn,Male,29,Masters,Seattle,2017,Procurement & Supply Chain,2,71300
12525,Lucy Barnes,Female,29,Masters,Philadelphia,2017,Legal,2,84900
12526,Emery Matthews,Others,27,Bachelors,Dallas,2014,Operations,1,69800
12527,Jake Koch,Male,27,Bachelors,Boston,2012,Sales,3,104600
12528,Jack Bates,Male,27,Bachelors,Houston,2017,Sales,3,98700
12529,Bruno Eaton,Others,30,Masters,Phoenix,2018,R&D,3,101100
12530,Daniel Norris,Male,29,Bachelors,Seattle,2015,IT,3,104500
12531,Cassandra Pearson,Female,26,Bachelors,Austin,2014,HR,3,112800
12532,Ramon Marlow,Male,28,Masters,Columbus,2016,IT,3,102500
12533,Jessica Steele,Female,28,Bachelors,San Antonio,2015,Customer Service,3,102300
12534,Samuel Stokes,Male,30,Bachelors,Chicago,2015,Sales,3,107800
12535,Frances Archer,Female,28,Bachelors,Seattle,2014,Operations,3,112200
12536,Kevin Lucas,Male,28,Bachelors,Philadelphia,2017,Operations,3,102600
12537,Aditya Schultz,Others,26,Bachelors,Charlotte,2013,Operations,3,115400
12538,Lara Rosales,Others,28,Bachelors,Fort Worth,2015,Marketing,3,102100
12539,Isaac Ashley,Male,28,Bachelors,Phoenix,2015,Legal,2,84000
12540,Callum Puckett,Male,27,Masters,"Washington, D.C.",2013,Customer Service,3,117700
12541,Peter Brady,Male,27,Bachelors,Columbus,2016,Customer Service,3,110500
12542,Robin Gonzales,Male,29,Bachelors,Boston,2012,Legal,3,116000
12543,Ansel Pittman,Others,28,Bachelors,Los Angeles,2015,R&D,2,75700
12544,Bailey Goddard,Male,30,Bachelors,Boston,2018,Legal,3,102200
12545,Georgia Roth,Female,29,Bachelors,Columbus,2016,Procurement & Supply Chain,3,106200
12546,Aurelia Connolly,Others,27,Masters,Charlotte,2013,HR,2,92100
12547,Charlotte Good,Female,30,Masters,Los Angeles,2017,Operations,2,70300
12548,Davina Burch,Female,26,Bachelors,Denver,2012,Legal,3,103900
12549,Alexandra Rice,Female,30,Bachelors,Boston,2016,Procurement & Supply Chain,3,104300
12550,Clark Blanchard,Male,29,Bachelors,Houston,2017,IT,2,70200
12551,Callum Hays,Male,28,Bachelors,Charlotte,2017,Customer Service,2,80300
12552,Reagan Harrington,Others,27,Bachelors,"Washington, D.C.",2013,HR,3,109000
12553,Bailey Aguilar,Male,29,Bachelors,Chicago,2013,Sales,3,101700
12554,Dakota Whitaker,Female,30,Bachelors,Charlotte,2013,Procurement & Supply Chain,3,117200
12555,Lincoln Guy,Male,26,Bachelors,Los Angeles,2015,Customer Service,3,119300
12556,Leah Reed,Female,26,Bachelors,Los Angeles,2015,Customer Service,2,88800
12557,Arjun Stuart,Others,29,Bachelors,Boston,2012,Finance & Accounting,3,105900
12558,Walker Carter,Male,28,Masters,Los Angeles,2015,Finance & Accounting,3,111100
12559,Mia Craft,Female,29,Bachelors,Phoenix,2014,Finance & Accounting,3,116500
12560,Dalton Moody,Male,29,Masters,San Diego,2015,Finance & Accounting,3,102000
12561,Miriam Yates,Female,27,Bachelors,Fort Worth,2013,Finance & Accounting,3,109200
12562,Diego Lambert,Male,27,Bachelors,San Antonio,2013,Operations,3,99600
12563,Catalina Murray,Female,30,Bachelors,Chicago,2017,Operations,3,114100
12564,Erica Fry,Female,30,Masters,San Diego,2014,Customer Service,3,99400
12565,Bodhi Watson,Others,28,Bachelors,Fort Worth,2015,Legal,3,119900
12566,Sutton Browning,Others,26,Bachelors,Chicago,2013,Legal,3,99700
12567,Dorothy Lane,Female,28,Bachelors,Boston,2014,Sales,3,100900
12568,Tom Grimes,Male,28,Bachelors,"Washington, D.C.",2017,HR,1,65700
12569,Yosef Frederick,Others,27,Bachelors,Boston,2016,R&D,3,106700
12570,Sierra Wagner,Female,28,Bachelors,Chicago,2013,Legal,3,104700
12571,Ramon Zane,Male,30,Masters,San Diego,2013,HR,3,99200
12572,Grayson Green,Male,29,Masters,Los Angeles,2013,Marketing,1,59500
12573,Dorian Bentley,Male,26,Bachelors,Columbus,2017,Customer Service,3,99000
12574,Juliana Brown,Female,28,Bachelors,San Jose,2015,Legal,3,110700
12575,Ramon Blankenship,Male,29,Bachelors,"Washington, D.C.",2013,Legal,3,101800
12576,Alisha Nunez,Others,28,Masters,Indianapolis,2017,Customer Service,2,86300
12577,Celine Browning,Female,30,Masters,Los Angeles,2017,Sales,2,93800
12578,Phoebe Armstrong,Female,27,PHD,"Washington, D.C.",2013,R&D,3,111600
12579,Phoebe Acosta,Female,26,Bachelors,Charlotte,2016,Customer Service,3,111300
12580,Nova Hoover,Female,26,Bachelors,Austin,2017,Customer Service,2,90400
12581,Shane Savage,Male,28,Bachelors,San Diego,2016,Legal,3,105500
12582,Molly Tran,Female,27,Bachelors,Phoenix,2017,Procurement & Supply Chain,2,84900
12583,Yara Mitchell,Female,27,Bachelors,Phoenix,2012,Finance & Accounting,3,117800
12584,Sabrina Shannon,Female,26,Bachelors,New York City,2014,R&D,3,101100
12585,Elora Nelson,Others,27,Bachelors,San Jose,2016,IT,3,105800
12586,Karl Marks,Male,27,Bachelors,Jacksonville,2015,Marketing,3,106600
12587,Renee Frost,Female,29,Bachelors,San Jose,2015,R&D,3,100200
12588,Gage Sexton,Male,26,Bachelors,Boston,2018,Operations,3,118200
12589,Miranda Odom,Female,26,Bachelors,Denver,2012,Sales,3,108100
12590,Nicholas Sawyer,Male,27,Bachelors,Fort Worth,2017,Procurement & Supply Chain,3,103300
12591,Edith Vega,Female,30,Bachelors,San Jose,2015,R&D,3,111400
12592,Joy Holcomb,Female,30,Bachelors,Phoenix,2017,Customer Service,3,116800
12593,Mia Wagner,Female,29,PHD,Phoenix,2012,Sales,3,104800
12594,Josie Archer,Female,29,Bachelors,Chicago,2016,IT,3,108300
12595,Abigail Lynch,Female,26,Bachelors,Chicago,2014,R&D,3,112900
12596,Clara Pennington,Female,28,PHD,Chicago,2014,Finance & Accounting,3,108400
12597,Helena Hensley,Female,28,Bachelors,Houston,2018,IT,3,101600
12598,Eric Rowe,Male,27,Bachelors,San Antonio,2013,Procurement & Supply Chain,3,104200
12599,Corinne Gillespie,Female,28,Bachelors,Denver,2013,Sales,3,104000
12600,Anaya Irwin,Others,29,Bachelors,Seattle,2018,Procurement & Supply Chain,3,115500
12601,Josie Preston,Female,29,Bachelors,New York City,2016,IT,3,117500
12602,Bridget Harper,Female,30,Bachelors,San Diego,2018,Procurement & Supply Chain,3,114500
12603,Christian Johnston,Male,26,Bachelors,Dallas,2013,R&D,3,106300
12604,Amelie Carr,Others,29,Bachelors,"Washington, D.C.",2014,IT,3,105000
12605,Alfie Ray,Others,30,Bachelors,Boston,2013,Marketing,3,108600
12606,Kaleb Buckley,Male,29,Masters,Austin,2015,Operations,3,98800
12607,Atlas Waller,Others,27,Bachelors,Denver,2018,Sales,3,101300
12608,Aaliyah Jacobs,Female,28,Bachelors,"Washington, D.C.",2016,Operations,3,105200
12609,Mark Snyder,Male,29,Bachelors,Indianapolis,2015,Legal,3,117400
12610,Cassian Thomas,Male,30,Bachelors,Charlotte,2016,Legal,3,109500
12611,Warren Albert,Male,28,Bachelors,Chicago,2016,R&D,3,116700
12612,Lucian Weaver,Others,26,Bachelors,Austin,2017,Legal,3,104300
12613,Jaden Mcbride,Male,29,Bachelors,Denver,2014,Finance & Accounting,2,92300
12614,Louis Combs,Male,30,PHD,Houston,2013,IT,3,117300
12615,Ava Galloway,Female,28,Bachelors,Dallas,2016,Marketing,3,118600
12616,Dorian Wilson,Male,28,Bachelors,Austin,2015,R&D,3,115800
12617,Gael Gilbert,Others,28,Bachelors,Fort Worth,2016,Customer Service,3,111900
12618,Daisy Maxwell,Female,28,Bachelors,Seattle,2017,Procurement & Supply Chain,2,85200
12619,Cesar Russell,Others,30,Bachelors,Fort Worth,2015,Marketing,3,117500
12620,Elise Forbes,Female,27,Masters,Philadelphia,2012,HR,3,103600
12621,Desiree Woods,Female,29,Masters,"Washington, D.C.",2017,Customer Service,3,116500
12622,Kamila Freeman,Others,29,Bachelors,Jacksonville,2018,Operations,3,101900
12623,Neha Nelson,Female,29,Bachelors,New York City,2018,Finance & Accounting,3,100000
12624,Piper Mcclain,Female,28,Bachelors,Los Angeles,2012,Legal,3,100000
12625,Orion Archer,Others,28,Bachelors,San Antonio,2015,HR,2,85800
12626,Rowan Larson,Female,27,Masters,New York City,2017,IT,2,94500
12627,Beau Emerson,Male,28,Bachelors,"Washington, D.C.",2018,IT,3,114700
12628,Jeremy Melton,Male,28,Bachelors,Los Angeles,2016,IT,3,99900
12629,Talia Vincent,Female,26,Bachelors,New York City,2014,Marketing,1,56900
12630,Gerald Wise,Male,29,Bachelors,Chicago,2014,Procurement & Supply Chain,2,88900
12631,Warren Baxter,Male,26,Masters,San Diego,2014,R&D,3,100300
12632,Elliot Vaughn,Male,27,Bachelors,San Antonio,2017,Operations,3,114000
12633,Casey Davies,Male,30,Bachelors,Houston,2013,Legal,3,100700
12634,Ella Hodges,Female,30,Bachelors,Columbus,2015,Legal,3,100600
12635,Nia Gregory,Others,29,Bachelors,San Jose,2012,HR,3,107900
12636,Bianca Denton,Female,26,Bachelors,Los Angeles,2014,Legal,3,119900
12637,Kamila Medina,Others,26,Bachelors,Indianapolis,2013,Finance & Accounting,3,118000
12638,Albert Branch,Others,30,Masters,Jacksonville,2017,Sales,2,84600
12639,Cameron Benson,Male,29,Bachelors,Charlotte,2012,IT,3,101500
12640,Victor Holmes,Male,30,Bachelors,Columbus,2015,Finance & Accounting,1,69100
12641,Steve Drake,Others,28,Bachelors,Austin,2017,Customer Service,3,102000
12642,Elise Rocha,Female,28,Bachelors,Charlotte,2013,IT,3,114500
12643,Leslie Ortiz,Female,30,Bachelors,San Jose,2017,Operations,2,84300
12644,Lilian Townsend,Others,28,Bachelors,"Washington, D.C.",2017,Finance & Accounting,2,95000
12645,Elizabeth Duncan,Female,27,Bachelors,Charlotte,2014,Legal,3,111100
12646,Cameron Curtis,Male,28,Bachelors,Columbus,2012,Operations,3,119600
12647,Gael Gomez,Others,29,Bachelors,Jacksonville,2013,Marketing,3,110200
12648,Lorenzo Love,Male,27,Bachelors,New York City,2012,Operations,3,107300
12649,Susan Mckee,Female,28,Bachelors,Fort Worth,2017,Customer Service,2,88800
12650,Simon Crane,Male,29,Bachelors,San Jose,2015,R&D,1,57500
12651,Christian Knox,Male,30,Bachelors,Los Angeles,2013,HR,2,90700
12652,Cleo Stein,Female,28,PHD,New York City,2018,Finance & Accounting,3,101700
12653,Isaac Cochran,Male,28,Bachelors,Seattle,2015,IT,3,104100
12654,Cesar Butler,Others,27,Bachelors,Phoenix,2015,Procurement & Supply Chain,3,106100
12655,Angel Sweet,Female,30,Bachelors,Columbus,2015,HR,3,114600
12656,Teagan Douglas,Female,29,Bachelors,Dallas,2012,Legal,3,108400
12657,Jasper Hopper,Male,27,Bachelors,San Antonio,2012,IT,3,108800
12658,Katie Russo,Female,26,Bachelors,Dallas,2015,Finance & Accounting,3,108000
12659,Aurelia Norton,Others,27,Bachelors,Los Angeles,2016,Legal,3,103500
12660,India Tyson,Others,27,Bachelors,Los Angeles,2013,Marketing,3,115400
12661,Aria Moss,Female,28,Bachelors,Austin,2013,Legal,3,101200
12662,Eli Vargas,Male,29,Bachelors,Dallas,2014,Legal,3,105900
12663,Andrea Schaefer,Female,27,Bachelors,Seattle,2017,Finance & Accounting,2,95000
12664,Helena Glenn,Female,27,Bachelors,Charlotte,2013,Procurement & Supply Chain,3,113700
12665,Rajan Wilson,Others,30,Bachelors,Austin,2017,IT,3,112000
12666,Donna Page,Female,27,Bachelors,Houston,2013,Customer Service,3,98500
12667,Charlie Maddox,Male,30,Bachelors,Houston,2012,HR,3,101000
12668,Angel Gonzalez,Female,30,Bachelors,New York City,2013,HR,2,86200
12669,Rachel Sloan,Female,27,PHD,San Jose,2015,Sales,3,98600
12670,Ava Beasley,Female,26,Bachelors,Austin,2014,IT,3,105200
12671,Derek Hester,Male,27,Bachelors,Denver,2015,Legal,2,91600
12672,Kaia Shannon,Others,29,Masters,Charlotte,2017,Finance & Accounting,2,79500
12673,Aurelia Ingram,Others,28,Bachelors,Charlotte,2013,Marketing,3,116800
12674,Rajan Downs,Others,29,Masters,Phoenix,2012,Sales,3,108800
12675,Anita Mcclure,Female,28,Bachelors,Columbus,2014,Customer Service,3,109600
12676,Owen Roach,Male,27,Bachelors,Seattle,2018,HR,3,119400
12677,Donna Joseph,Female,29,Bachelors,Columbus,2012,Customer Service,3,107300
12678,Marley Reid,Others,26,Bachelors,Fort Worth,2017,Operations,2,83100
12679,Kelsey Drake,Female,30,Bachelors,Jacksonville,2014,R&D,3,114500
12680,Anita Moss,Female,29,Bachelors,Fort Worth,2014,Sales,3,100500
12681,Brynn Odom,Female,26,Bachelors,Jacksonville,2015,Finance & Accounting,2,72100
12682,Zachary Craig,Male,27,Bachelors,San Antonio,2014,Sales,3,117000
12683,Bruno Sanford,Others,26,Masters,San Diego,2013,Customer Service,2,71100
12684,Ava Abrams,Female,29,Bachelors,Houston,2013,Legal,3,109500
12685,Wesley Crane,Male,30,Bachelors,Fort Worth,2016,Finance & Accounting,2,72400
12686,Elizabeth Savage,Female,29,Bachelors,San Jose,2017,Marketing,3,112000
12687,Ava Gibbs,Female,28,Bachelors,Columbus,2018,Legal,3,110100
12688,Peter Bond,Male,29,Bachelors,Houston,2014,Procurement & Supply Chain,3,110400
12689,Whitney Silva,Female,30,Masters,Indianapolis,2017,Customer Service,2,73900
12690,Farah Young,Others,29,Bachelors,Los Angeles,2018,Sales,3,107400
12691,Violet Potter,Female,28,Bachelors,San Diego,2017,HR,2,88200
12692,Peter Patel,Male,27,Bachelors,Boston,2013,IT,2,74000
12693,Julian Flynn,Male,30,Bachelors,Boston,2015,Sales,3,109400
12694,Pauline Peters,Female,26,Bachelors,Boston,2012,Procurement & Supply Chain,3,117300
12695,Xenia Hawkins,Others,26,Bachelors,Fort Worth,2016,R&D,3,102900
12696,Eric Connolly,Male,30,Masters,Dallas,2017,IT,2,77500
12697,Michael Carlson,Male,29,Masters,San Diego,2017,Marketing,2,70300
12698,River Hale,Male,28,Bachelors,San Diego,2014,IT,3,108200
12699,Kaia Ortega,Others,27,Masters,Los Angeles,2017,Customer Service,3,103200
12700,Christian Ingram,Male,27,Bachelors,"Washington, D.C.",2014,Operations,3,115300
12701,Mary Cordova,Female,27,Bachelors,Indianapolis,2017,Sales,3,101100
12702,Margaret Dennis,Female,30,Bachelors,Denver,2016,Sales,3,118100
12703,Brianna Leary,Female,29,Bachelors,Charlotte,2015,Operations,3,116600
12704,Annabelle Atkinson,Female,27,Bachelors,Columbus,2015,HR,2,96700
12705,Irene Vega,Others,26,Bachelors,Denver,2013,R&D,3,98700
12706,Harrison Langley,Male,29,Bachelors,Phoenix,2015,Legal,3,102200
12707,Raina Salazar,Female,30,Bachelors,Chicago,2017,Procurement & Supply Chain,3,109700
12708,Aurora Saunders,Female,27,PHD,Denver,2017,Operations,3,102400
12709,Heidi Short,Female,27,PHD,Dallas,2013,Customer Service,3,114700
12710,Penelope Ramirez,Female,28,Bachelors,Austin,2018,Operations,3,104100
12711,Leila Barker,Female,29,Bachelors,San Diego,2013,Sales,3,116700
12712,Albert Kidd,Others,29,Masters,Denver,2017,Customer Service,2,72900
12713,Leona Day,Others,27,Bachelors,Columbus,2015,Customer Service,3,106800
12714,Theo Patrick,Male,27,Bachelors,Chicago,2012,Legal,3,109800
12715,Kara Spencer,Female,26,Masters,Dallas,2018,Procurement & Supply Chain,3,105000
12716,Steve Garrett,Others,27,Bachelors,New York City,2012,Legal,1,43300
12717,Virginia Cook,Female,27,Masters,Seattle,2017,Operations,2,91100
12718,Raheem Decker,Male,28,Bachelors,Denver,2015,R&D,1,53700
12719,Craig Zamora,Male,29,Bachelors,San Antonio,2014,Marketing,3,99600
12720,Joseph Fleming,Male,29,Bachelors,Dallas,2017,Finance & Accounting,3,119500
12721,Amelia Kirkland,Female,26,PHD,Columbus,2015,HR,2,84400
12722,Aditya Mann,Others,30,Bachelors,Charlotte,2017,HR,3,106900
12723,Felix Gibson,Male,26,Bachelors,Chicago,2016,IT,3,113000
12724,Helena Rowe,Female,26,Masters,San Antonio,2013,Legal,3,106000
12725,Kimberly Blackburn,Female,29,Bachelors,Philadelphia,2012,Finance & Accounting,2,83100
12726,Remy Shields,Male,30,Bachelors,Los Angeles,2018,R&D,3,101000
12727,Bradley Owens,Male,27,Bachelors,Phoenix,2016,Legal,3,106800
12728,Wesley Crow,Male,26,Bachelors,Fort Worth,2015,Marketing,3,100500
12729,Emma Ford,Female,28,Bachelors,Fort Worth,2018,Finance & Accounting,2,91500
12730,Daphne Nelson,Female,28,Bachelors,Seattle,2012,Operations,3,117000
12731,Iris Stewart,Others,27,Bachelors,San Diego,2014,HR,3,98500
12732,Fiona Burgess,Female,28,Bachelors,San Antonio,2012,Procurement & Supply Chain,3,103400
12733,Joshua Skinner,Male,28,Masters,Indianapolis,2014,Marketing,3,119000
12734,Ember Washington,Female,26,Bachelors,Chicago,2012,R&D,3,99000
12735,Simone Carlson,Female,27,Bachelors,Columbus,2015,R&D,3,99200
12736,Cecilia Stafford,Female,28,Bachelors,Phoenix,2016,Operations,3,119900
12737,Teresa Riddle,Female,29,Bachelors,"Washington, D.C.",2018,Operations,3,109400
12738,Nicole Gordon,Female,29,Bachelors,Chicago,2014,Customer Service,3,109200
12739,Aaron Mayo,Male,29,Bachelors,Fort Worth,2015,Finance & Accounting,3,117900
12740,Nathan Mckay,Male,27,Masters,San Diego,2018,R&D,3,100100
12741,Marley Blanchard,Others,28,Bachelors,Charlotte,2014,Sales,3,115500
12742,Sophia Nicholson,Female,27,Masters,San Antonio,2017,HR,2,97000
12743,Lena Dickinson,Female,27,Bachelors,Chicago,2017,IT,2,86100
12744,Nadia Robinson,Female,28,Bachelors,San Jose,2014,Customer Service,3,105300
12745,Bella Franklin,Female,26,Bachelors,Indianapolis,2017,Operations,2,90500
12746,Liam Garcia,Male,29,Bachelors,Jacksonville,2017,Marketing,3,104700
12747,Ellen Horn,Female,26,Bachelors,Houston,2012,Marketing,3,98800
12748,Kian Barton,Others,26,Bachelors,Fort Worth,2017,Operations,2,89400
12749,Lana Haley,Female,26,Bachelors,Phoenix,2017,IT,2,72500
12750,Jackson Whitney,Male,30,Bachelors,Boston,2014,R&D,3,100000
12751,Morgan Cherry,Female,29,Bachelors,Denver,2018,Procurement & Supply Chain,3,116300
12752,Callum Perez,Male,30,Masters,Dallas,2013,Marketing,3,119800
12753,Blake Newton,Male,27,Bachelors,Boston,2016,Marketing,3,104900
12754,Aaron Sterling,Male,26,Bachelors,Columbus,2016,Operations,3,109600
12755,Andrea Donovan,Female,30,Bachelors,Seattle,2017,HR,1,51200
12756,Daniel Kramer,Male,30,Bachelors,San Diego,2015,Customer Service,3,118300
12757,Bailey Calhoun,Male,30,Bachelors,San Antonio,2013,Marketing,3,104000
12758,Philip Witt,Male,27,Bachelors,Denver,2015,Legal,3,99900
12759,Marina Ali,Female,30,Bachelors,"Washington, D.C.",2017,Sales,3,111400
12760,Erica Robbins,Female,30,PHD,Los Angeles,2018,Marketing,3,107800
12761,Elsa Flores,Female,29,Bachelors,Houston,2018,HR,3,102900
12762,Michael Pollard,Male,30,Bachelors,Fort Worth,2013,Marketing,3,109000
12763,Mila Kirkland,Female,27,Bachelors,Philadelphia,2017,R&D,3,101700
12764,Kara Davies,Female,29,Bachelors,Phoenix,2016,Finance & Accounting,3,116700
12765,Drew Cash,Male,28,Bachelors,Jacksonville,2013,Legal,3,101100
12766,Addison Hays,Others,26,Bachelors,San Jose,2014,IT,3,98800
12767,Anne Harper,Female,30,Bachelors,Austin,2015,R&D,2,89800
12768,Rajan Morgan,Others,26,Masters,Seattle,2013,Procurement & Supply Chain,2,81600
12769,Piper Reed,Female,26,Bachelors,Charlotte,2016,Marketing,3,118300
12770,Reid Chavez,Male,27,Masters,Boston,2012,IT,3,103100
12771,Kendall Acosta,Male,27,Bachelors,Charlotte,2017,IT,3,117100
12772,Jake West,Male,30,Bachelors,Philadelphia,2013,Operations,3,100900
12773,Alba Livingston,Others,27,Bachelors,Los Angeles,2014,R&D,3,114200
12774,Zachary House,Male,30,Masters,New York City,2013,Finance & Accounting,3,110700
12775,Jessica Scott,Female,29,Bachelors,Philadelphia,2016,Procurement & Supply Chain,3,106900
12776,Aria Roth,Female,28,Bachelors,Los Angeles,2016,Operations,3,101300
12777,Ellen Holcomb,Female,29,Masters,San Jose,2017,Marketing,3,105800
12778,Alison Meadows,Female,26,Bachelors,San Antonio,2014,Operations,3,112600
12779,Jeremy Osborn,Male,30,Masters,Columbus,2018,Customer Service,3,119800
12780,Yara Leary,Female,27,Masters,Chicago,2014,IT,3,118600
12781,Isabel Lloyd,Female,29,Bachelors,Denver,2017,R&D,3,116400
12782,David Tyson,Male,30,Masters,Denver,2016,Procurement & Supply Chain,3,98200
12783,Jean Bernard,Female,30,Masters,Fort Worth,2017,IT,3,100000
12784,Alfie Rosario,Others,30,Bachelors,Fort Worth,2013,Marketing,2,75100
12785,Adam Rhodes,Male,28,Masters,Phoenix,2014,Operations,3,117400
12786,Katie Abrams,Female,26,Bachelors,Seattle,2013,Sales,3,111200
12787,Elise Vines,Female,30,Bachelors,Columbus,2017,Legal,1,49300
12788,Milo Reynolds,Male,28,Bachelors,Jacksonville,2016,Procurement & Supply Chain,3,107100
12789,Barbara Koch,Female,30,Bachelors,Phoenix,2013,Legal,1,52700
12790,Percy Stephens,Male,30,Bachelors,Denver,2013,HR,3,109400
12791,Naomi Patel,Female,27,Bachelors,Houston,2016,Marketing,3,109500
12792,Tobias May,Male,27,Bachelors,Dallas,2015,Procurement & Supply Chain,3,112600
12793,Aspen Goldman,Female,26,Masters,San Jose,2012,Legal,3,117800
12794,George Burch,Male,26,Bachelors,Philadelphia,2013,IT,2,87100
12795,Flora Torres,Female,27,Bachelors,New York City,2018,Customer Service,3,103300
12796,Edith Underwood,Female,30,PHD,Philadelphia,2018,Operations,2,76100
12797,Amelie Marlow,Others,29,Bachelors,Houston,2017,HR,3,119900
12798,Celine North,Female,28,Bachelors,San Jose,2013,R&D,3,111600
12799,Gerald Rodriguez,Male,28,Bachelors,Jacksonville,2012,HR,3,106100
12800,Louis Petty,Male,30,Masters,Austin,2017,R&D,1,54000
12801,Marlon Shaw,Male,26,Bachelors,Austin,2017,Customer Service,2,76300
12802,Nora Mcpherson,Female,29,Masters,Columbus,2013,Sales,1,69900
12803,Dora Petty,Female,29,Bachelors,Charlotte,2012,Customer Service,3,113500
12804,Colin Kaufman,Male,27,Bachelors,Dallas,2014,Finance & Accounting,3,100800
12805,Harrison Gould,Male,29,Bachelors,San Diego,2015,Operations,3,113700
12806,Ellie Burnett,Female,29,Bachelors,San Diego,2014,R&D,3,99200
12807,Hannah Allison,Female,28,Bachelors,Chicago,2018,HR,3,114300
12808,Grace Rivers,Female,27,Bachelors,San Jose,2012,Finance & Accounting,3,101600
12809,Nora Blackburn,Female,26,Bachelors,Jacksonville,2017,IT,2,94300
12810,Phoebe Sutton,Female,29,Bachelors,Boston,2014,IT,2,87300
12811,Sofia Sweet,Female,29,Bachelors,Indianapolis,2017,R&D,3,112500
12812,Zachary Evans,Male,28,Bachelors,Chicago,2015,Marketing,2,88400
12813,Kayla Hess,Female,28,Bachelors,Boston,2017,Legal,3,104800
12814,Brady Fuller,Male,29,Bachelors,Austin,2017,R&D,3,99300
12815,Mabel Black,Female,30,Bachelors,Fort Worth,2017,HR,3,101900
12816,Marie Keller,Female,26,Bachelors,Jacksonville,2017,Customer Service,2,94900
12817,Yvette Rodriguez,Female,30,Masters,Charlotte,2017,Sales,2,81900
12818,Luis Brockman,Male,29,Bachelors,Indianapolis,2015,Procurement & Supply Chain,2,93700
12819,Theodore Hines,Male,29,Bachelors,Chicago,2014,Procurement & Supply Chain,3,103100
12820,Nadia Hall,Female,28,Bachelors,San Jose,2012,Sales,3,99900
12821,Kingston Meadows,Male,28,Bachelors,Denver,2012,Legal,3,101900
12822,Chloe Morris,Female,29,Bachelors,Indianapolis,2017,Legal,3,114700
12823,Cruz Berry,Male,30,Bachelors,Chicago,2015,Customer Service,3,119900
12824,Audrey Blanchard,Female,26,Masters,Seattle,2012,R&D,3,109800
12825,Flynn Avery,Others,28,Bachelors,Fort Worth,2018,Operations,3,109800
12826,Colton Frederick,Others,30,Bachelors,Philadelphia,2017,Operations,3,104600
12827,Molly Horn,Female,27,Bachelors,Chicago,2012,HR,3,109400
12828,Chase Lucero,Male,26,Bachelors,New York City,2017,IT,3,106300
12829,Greta Oconnell,Female,27,Bachelors,Austin,2014,Legal,3,116700
12830,Helena Wheeler,Female,30,Bachelors,Houston,2014,Marketing,3,104700
12831,Benjamin Perry,Male,30,Bachelors,Phoenix,2014,R&D,3,111700
12832,Aditya Russo,Others,29,Bachelors,Boston,2012,Legal,3,110300
12833,Rebecca Bond,Female,26,Bachelors,San Diego,2014,Procurement & Supply Chain,3,102200
12834,Kimberly Rice,Female,27,Bachelors,Houston,2015,HR,3,104900
12835,Daniela Clarke,Others,29,Bachelors,Indianapolis,2017,Marketing,2,82100
12836,Theodore Leach,Male,29,Masters,Fort Worth,2016,Procurement & Supply Chain,3,101100
12837,Tania Small,Female,26,Bachelors,Philadelphia,2017,Procurement & Supply Chain,3,116400
12838,Katherine Norris,Female,26,Masters,Los Angeles,2017,Finance & Accounting,3,118300
12839,William Wheeler,Male,29,Masters,Houston,2012,Sales,3,109500
12840,Audrey Akers,Female,27,Bachelors,Seattle,2013,Finance & Accounting,3,103100
12841,Miranda Maxwell,Female,26,Bachelors,"Washington, D.C.",2012,Marketing,3,110700
12842,Jacob Hines,Male,28,Bachelors,Denver,2017,Customer Service,3,101300
12843,Kayla Rhodes,Female,30,Bachelors,Boston,2013,HR,3,101100
12844,Michael Wilson,Male,26,Masters,Columbus,2017,R&D,2,91900
12845,Axel Copeland,Male,26,Bachelors,Seattle,2013,Marketing,3,110600
12846,Victor Murray,Male,28,Masters,Chicago,2017,IT,2,84200
12847,Maya Sawyer,Female,27,Bachelors,Jacksonville,2017,Sales,2,95000
12848,Kingston Graham,Male,27,PHD,New York City,2018,IT,3,116800
12849,Jaden Tillman,Male,30,Bachelors,Houston,2013,Sales,3,102100
12850,Kobe Shepard,Male,30,Masters,"Washington, D.C.",2013,Customer Service,3,114000
12851,Gianna Singleton,Female,26,Masters,Indianapolis,2018,Sales,3,113500
12852,Osiris Dawson,Others,30,Masters,Charlotte,2015,Sales,3,108300
12853,Enzo Smith,Male,29,Bachelors,San Jose,2012,Customer Service,3,115700
12854,Elizabeth Dunn,Female,27,Bachelors,San Antonio,2018,Customer Service,3,103600
12855,Lily Clarke,Female,28,Masters,"Washington, D.C.",2017,HR,2,74000
12856,Cassian Cantrell,Male,29,Bachelors,Dallas,2016,Customer Service,2,97000
12857,Maeve Kaufman,Female,27,Bachelors,Austin,2015,HR,2,72800
12858,Alice Higgins,Female,29,Bachelors,Los Angeles,2014,IT,3,101300
12859,Aurelia Scott,Others,27,Bachelors,Fort Worth,2014,Operations,3,104900
12860,Tyler Atwood,Male,28,Bachelors,Charlotte,2018,Customer Service,3,118800
12861,Emery Mayer,Others,28,Bachelors,Chicago,2012,R&D,3,117800
12862,Aaliyah Christian,Female,28,Masters,Seattle,2017,Sales,2,77600
12863,Katie Schneider,Female,27,Masters,Seattle,2015,Legal,2,83000
12864,Kingston Schwartz,Male,26,Bachelors,San Diego,2013,Procurement & Supply Chain,3,113600
12865,Josiah Mathis,Male,29,Bachelors,San Diego,2014,IT,3,101000
12866,Oscar Ray,Male,30,Masters,San Jose,2016,HR,3,114400
12867,Jeremy Braun,Male,26,Bachelors,Phoenix,2014,Operations,1,60400
12868,Grant Holloway,Male,27,Bachelors,Houston,2012,Procurement & Supply Chain,2,73900
12869,Bella Walton,Female,30,Bachelors,"Washington, D.C.",2017,Marketing,3,98200
12870,Colton Buckley,Others,27,Bachelors,Boston,2013,Finance & Accounting,3,112900
12871,Mariana Collins,Female,30,Bachelors,Los Angeles,2017,Legal,2,71900
12872,Delilah Harrell,Female,28,Bachelors,Chicago,2017,Finance & Accounting,2,85400
12873,Carson Nicholson,Male,30,PHD,Austin,2016,Customer Service,3,116300
12874,Lauren Bolton,Female,28,Bachelors,"Washington, D.C.",2018,Customer Service,3,98200
12875,Mackenzie Gilliam,Female,29,Bachelors,"Washington, D.C.",2017,Customer Service,2,72700
12876,Serena Merritt,Female,30,Bachelors,Fort Worth,2017,Legal,2,73200
12877,Lara Ramsey,Others,27,Bachelors,Charlotte,2015,Legal,3,112900
12878,Clark Fitzgerald,Male,30,Bachelors,Houston,2013,HR,3,99900
12879,Miles Robles,Male,26,Bachelors,Columbus,2018,Marketing,3,104200
12880,Beatrice Ryan,Female,28,Bachelors,Boston,2015,Operations,3,110200
12881,Siena Sutton,Others,26,Masters,Austin,2017,Marketing,2,93200
12882,Edward Martin,Male,30,Bachelors,Dallas,2016,IT,2,77900
12883,Lauren Hebert,Female,28,Masters,Phoenix,2014,HR,3,113800
12884,Karl Stanton,Male,28,Bachelors,"Washington, D.C.",2015,Finance & Accounting,3,102700
12885,Dorothy Snyder,Female,30,Masters,San Jose,2015,Legal,2,84900
12886,Percy Howell,Male,27,Masters,Columbus,2017,R&D,2,88900
12887,Annie Diaz,Female,26,Bachelors,Austin,2014,HR,3,102100
12888,Gael Waller,Others,27,Bachelors,Los Angeles,2013,Operations,3,110600
12889,Alicia Egan,Female,30,Bachelors,San Antonio,2016,Finance & Accounting,3,118200
12890,Riley Byrd,Male,29,Masters,Fort Worth,2017,HR,3,98800
12891,Sophia Diaz,Female,30,Bachelors,San Diego,2012,Operations,3,118100
12892,Anita Hammond,Female,29,Bachelors,San Diego,2018,Marketing,3,116700
12893,Jackie Morton,Others,29,Masters,New York City,2018,IT,3,102900
12894,Ida Rodriguez,Others,27,Bachelors,"Washington, D.C.",2016,Operations,3,113800
12895,Neil Foster,Male,28,Bachelors,Los Angeles,2017,Operations,2,87100
12896,Elliot Ali,Male,29,Bachelors,San Jose,2016,Customer Service,3,116600
12897,Jennifer Kidd,Female,29,Bachelors,Denver,2016,Customer Service,1,61500
12898,Douglas Mcdowell,Male,28,Bachelors,Philadelphia,2015,Operations,2,71000
12899,Jayden Ingram,Male,29,Bachelors,Dallas,2012,Legal,3,117500
12900,Leila Goodman,Female,27,PHD,San Diego,2014,Sales,3,104300
12901,Elliott Sears,Male,27,Bachelors,San Antonio,2013,Customer Service,3,117600
12902,Enzo Pratt,Male,29,Bachelors,Jacksonville,2018,Finance & Accounting,3,114900
12903,Maria Wright,Female,30,Masters,"Washington, D.C.",2017,Sales,2,91400
12904,Elliot Hammond,Male,29,Masters,Philadelphia,2016,HR,3,110000
12905,Athena Buckley,Female,26,Bachelors,Denver,2012,Legal,3,115800
12906,Gemma Olsen,Female,28,Bachelors,San Antonio,2015,Operations,3,117300
12907,Norah Edwards,Female,29,Bachelors,Columbus,2017,R&D,2,74400
12908,Camille Greene,Female,30,Bachelors,Boston,2014,Operations,3,110500
12909,Emery Rodriguez,Others,30,Bachelors,Dallas,2017,Customer Service,3,105700
12910,Adaline Glenn,Female,28,Bachelors,Chicago,2014,R&D,3,113600
12911,Talia Shepherd,Female,28,Bachelors,San Antonio,2013,Sales,3,110300
12912,Gianna Diaz,Female,26,Bachelors,Indianapolis,2016,R&D,3,105500
12913,Elora Copeland,Others,28,Bachelors,San Antonio,2012,R&D,3,118500
12914,Bella Woods,Female,29,Bachelors,Indianapolis,2017,HR,3,108300
12915,Elise Rosales,Female,27,Bachelors,Indianapolis,2018,R&D,3,105800
12916,Valentina Bond,Female,26,Masters,Chicago,2017,Sales,2,71700
12917,Tristan Thornton,Male,26,Bachelors,Houston,2017,Procurement & Supply Chain,3,103000
12918,Eden Hardy,Female,27,Bachelors,Chicago,2013,Operations,3,103600
12919,Eden Stein,Female,26,Bachelors,Phoenix,2014,Procurement & Supply Chain,3,104900
12920,Lucian Morton,Others,29,Bachelors,Fort Worth,2013,IT,2,97400
12921,Xenia Travis,Others,28,Bachelors,Austin,2013,Customer Service,2,83900
12922,Lana Estes,Female,26,Bachelors,San Diego,2017,Sales,3,114200
12923,Sam Doyle,Male,28,Bachelors,Phoenix,2015,Procurement & Supply Chain,2,94800
12924,Jackson Diaz,Male,29,Bachelors,Columbus,2017,IT,3,110100
12925,Neha Wells,Female,29,Bachelors,Jacksonville,2013,Sales,3,105700
12926,Andrew Meyer,Male,29,Bachelors,Philadelphia,2015,Procurement & Supply Chain,3,107700
12927,Leon Fitzpatrick,Male,30,Bachelors,"Washington, D.C.",2017,Legal,3,117400
12928,Seth Spencer,Male,29,Bachelors,Indianapolis,2015,R&D,3,100100
12929,Evan Hurley,Male,27,Bachelors,Columbus,2013,R&D,3,115300
12930,Winnie Hoover,Female,26,Bachelors,Jacksonville,2016,Procurement & Supply Chain,3,105000
12931,Carlos Tate,Male,27,Bachelors,Houston,2014,HR,3,109000
12932,Joel Irwin,Male,28,Bachelors,Boston,2012,Customer Service,3,117000
12933,Rajan Barrett,Others,27,Bachelors,Philadelphia,2017,Marketing,3,101400
12934,Julian Duke,Male,29,Bachelors,New York City,2018,Customer Service,3,107400
12935,Martin Garner,Male,29,Bachelors,Indianapolis,2017,R&D,1,51400
12936,Siena Cash,Others,27,Bachelors,San Jose,2017,R&D,3,107400
12937,Aurelia Pollard,Others,27,Masters,Chicago,2017,R&D,2,94700
12938,Elena Crawford,Female,28,Masters,Dallas,2014,HR,3,115400
12939,Jenna Peck,Female,27,Bachelors,San Diego,2012,Legal,3,118300
12940,Teresa Shepard,Female,28,Bachelors,San Jose,2012,Marketing,3,99300
12941,Parker Hopkins,Male,27,Masters,Phoenix,2017,Sales,2,80800
12942,Grayson Zane,Male,26,Bachelors,Columbus,2013,Customer Service,3,105100
12943,Mae Cherry,Female,27,Bachelors,Boston,2013,Legal,3,100500
12944,Frank Lamb,Male,26,Bachelors,Seattle,2013,Sales,2,70100
12945,Lucia Stanley,Female,27,Bachelors,Dallas,2012,Operations,2,79900
12946,Celine Cooke,Female,26,Bachelors,Dallas,2016,Procurement & Supply Chain,3,105400
12947,Arya Owens,Others,27,Bachelors,Dallas,2017,Marketing,2,96300
12948,Walter Tyler,Male,28,Bachelors,Charlotte,2012,R&D,3,118200
12949,India Martin,Others,26,Bachelors,Columbus,2015,Finance & Accounting,3,110600
12950,Iris Howard,Others,27,Masters,Indianapolis,2017,Sales,3,104900
12951,Scott Gillespie,Male,30,Bachelors,Houston,2013,Marketing,2,95300
12952,Erica Hayes,Female,28,Bachelors,Columbus,2013,Procurement & Supply Chain,3,103700
12953,Emiliano Price,Male,26,Bachelors,Indianapolis,2012,HR,3,115500
12954,Shawn Barber,Male,28,Bachelors,Houston,2016,Operations,3,113100
12955,Elias Townsend,Male,26,Masters,Chicago,2015,Sales,3,118000
12956,Isla Casey,Female,26,Bachelors,New York City,2017,Procurement & Supply Chain,2,87500
12957,Matthew Allison,Male,26,Masters,Dallas,2017,Legal,2,94700
12958,Corinne Bailey,Female,30,Bachelors,San Jose,2014,Operations,3,107900
12959,Scarlett Wyatt,Female,29,Bachelors,New York City,2014,Legal,3,117000
12960,Megan Dickerson,Female,26,Bachelors,Chicago,2017,Finance & Accounting,3,101600
12961,Isaac Buchanan,Male,28,Bachelors,Boston,2013,R&D,3,116900
12962,Ayla Hart,Others,29,Bachelors,Los Angeles,2018,HR,3,113000
12963,Samantha Mcconnell,Female,30,Bachelors,San Diego,2016,Legal,3,109600
12964,Karter Gomez,Male,30,Bachelors,Denver,2017,HR,3,107900
12965,Delia Townsend,Female,29,PHD,Charlotte,2015,R&D,3,99000
12966,Opal Sweet,Female,26,Bachelors,New York City,2017,R&D,2,87100
12967,Hope Robbins,Female,26,Bachelors,Austin,2013,R&D,3,120000
12968,Karl Little,Male,28,Bachelors,Columbus,2014,Customer Service,1,64800
12969,River Weaver,Male,30,Bachelors,Columbus,2014,Procurement & Supply Chain,3,102800
12970,Anaya Garrison,Others,26,Masters,Jacksonville,2012,Customer Service,3,113400
12971,Kaden Davidson,Male,26,Bachelors,Denver,2013,R&D,2,94000
12972,Samuel Hines,Male,26,Bachelors,"Washington, D.C.",2015,Sales,3,110200
12973,Annie Armstrong,Female,29,Bachelors,San Antonio,2016,Finance & Accounting,3,113400
12974,Simon Mccall,Male,27,Bachelors,Columbus,2015,Sales,3,117200
12975,Eli Payne,Male,28,Masters,Houston,2018,Marketing,3,113000
12976,Aaron Hull,Male,27,PHD,Fort Worth,2015,Finance & Accounting,2,80000
12977,Eleanor Bruce,Female,30,Masters,Indianapolis,2013,Sales,1,59600
12978,Madison Wells,Female,26,Bachelors,Boston,2012,Customer Service,3,113600
12979,Roxanne Haley,Others,26,Bachelors,New York City,2015,Finance & Accounting,2,84800
12980,Leo Payne,Others,30,Bachelors,Fort Worth,2018,Sales,3,106100
12981,Marina Jensen,Female,30,PHD,Los Angeles,2013,Customer Service,3,117200
12982,Kimberly Stephenson,Female,28,Bachelors,San Jose,2013,R&D,3,104700
12983,Malik Shaw,Male,26,Masters,Austin,2014,HR,3,101200
12984,Angela Montgomery,Female,29,Bachelors,San Jose,2017,Customer Service,3,119600
12985,Eduardo Francis,Male,26,Bachelors,Dallas,2013,R&D,3,101800
12986,Susan Howard,Female,26,Bachelors,Indianapolis,2012,Customer Service,3,117500
12987,Renee Velez,Female,26,Bachelors,Charlotte,2014,Sales,3,102800
12988,Sadie Price,Female,29,Bachelors,Charlotte,2015,Marketing,3,103200
12989,Stella Harvey,Female,26,Bachelors,Denver,2014,Marketing,1,66100
12990,Clark Herring,Male,36,Bachelors,Denver,2018,Finance & Accounting,3,100500
12991,Erin Sears,Female,37,Bachelors,"Washington, D.C.",2018,Procurement & Supply Chain,3,110000
12992,Ivy Lucero,Female,35,Bachelors,San Antonio,2015,Sales,3,109200
12993,Orion Crawford,Others,32,Bachelors,Boston,2013,Marketing,2,79600
12994,Lana Glover,Female,39,Bachelors,Indianapolis,2013,Finance & Accounting,1,63300
12995,Spencer Griffith,Male,32,Bachelors,Columbus,2018,HR,3,100200
12996,Eli Merritt,Male,37,PHD,Denver,2012,R&D,3,103200
12997,Robin Stanton,Male,31,Bachelors,Houston,2012,Procurement & Supply Chain,3,116100
12998,Brielle Cole,Female,31,Bachelors,New York City,2018,Finance & Accounting,3,116200
12999,Atlas Brennan,Others,33,Bachelors,Seattle,2017,Sales,3,102100
13000,Emma Pope,Female,37,Masters,Phoenix,2017,Customer Service,2,81000
13001,David Velasquez,Male,31,Bachelors,Charlotte,2014,Customer Service,3,114800
13002,Alina Davies,Female,40,Masters,Indianapolis,2017,Procurement & Supply Chain,3,118900
13003,Theodore Vega,Male,32,Bachelors,San Antonio,2017,Marketing,2,79400
13004,Kelly Leach,Female,41,Bachelors,Dallas,2016,HR,3,109100
13005,Andre Frederick,Male,35,Bachelors,Denver,2018,Legal,3,99500
13006,August Elliott,Male,34,Bachelors,Houston,2014,Legal,3,102000
13007,Malcolm Pierce,Male,31,Bachelors,Philadelphia,2017,Procurement & Supply Chain,3,105200
13008,Madeline Mathis,Female,41,Masters,Boston,2017,Procurement & Supply Chain,3,108100
13009,Noah Long,Male,41,Bachelors,San Diego,2015,IT,3,107000
13010,Hannah Cherry,Female,37,Bachelors,Chicago,2016,Operations,3,105000
13011,Neha Hoffman,Female,32,Bachelors,Jacksonville,2018,Operations,3,109300
13012,Xander Mullins,Others,37,Bachelors,Phoenix,2015,Operations,3,113900
13013,Ruby Williams,Female,32,Bachelors,San Antonio,2016,Operations,3,109500
13014,Maya Leach,Female,36,Masters,Philadelphia,2017,Marketing,3,117200
13015,Alexander Goddard,Male,36,Bachelors,New York City,2014,Finance & Accounting,3,116700
13016,Leslie Mathews,Female,36,Bachelors,Philadelphia,2015,IT,3,98800
13017,Miranda Waters,Female,41,Bachelors,Fort Worth,2017,IT,3,114200
13018,Sutton Peterson,Others,39,Bachelors,San Diego,2015,Operations,3,116100
13019,Lyla Guerrero,Others,37,Bachelors,Seattle,2013,HR,3,116800
13020,Luna Hendrix,Female,32,Bachelors,San Jose,2013,Legal,3,107200
13021,Hannah Berry,Female,36,Bachelors,San Diego,2012,Marketing,3,116600
13022,Savannah Morgan,Female,36,Bachelors,Seattle,2013,R&D,3,99400
13023,Mark Webster,Male,36,Bachelors,Columbus,2014,Legal,3,117000
13024,Jocelyn Ochoa,Female,32,Bachelors,San Jose,2018,Finance & Accounting,3,101800
13025,Alba Santiago,Others,34,Bachelors,"Washington, D.C.",2018,R&D,3,112000
13026,Dorothy Savage,Female,37,Bachelors,San Antonio,2018,Sales,3,104000
13027,Irene Cooper,Others,40,Bachelors,Chicago,2018,Finance & Accounting,3,100800
13028,Kaleb Shepherd,Male,36,Bachelors,New York City,2014,IT,2,72100
13029,Daniel Keller,Male,38,Bachelors,Houston,2017,HR,2,94700
13030,Flora Prince,Female,31,Masters,Denver,2017,Sales,2,74900
13031,Mabel Cherry,Female,41,Bachelors,Charlotte,2013,Legal,3,106200
13032,Siena Huff,Others,32,Masters,Boston,2012,Customer Service,2,82800
13033,Maeve Emerson,Female,41,Bachelors,Jacksonville,2017,Legal,2,88100
13034,Alanzo Schultz,Others,40,Bachelors,Fort Worth,2013,Operations,3,109400
13035,Peter Maynard,Male,38,Bachelors,San Diego,2014,Customer Service,3,118800
13036,Hector Calhoun,Male,36,Masters,San Diego,2017,HR,2,75200
13037,Blake Ingram,Male,33,Bachelors,Columbus,2013,Marketing,3,101900
13038,Kiara Romero,Female,39,Bachelors,Denver,2014,Procurement & Supply Chain,3,115400
13039,Thomas Wilcox,Male,39,Bachelors,Philadelphia,2013,Finance & Accounting,3,113100
13040,Marie Grimes,Female,33,Bachelors,Philadelphia,2014,R&D,3,98400
13041,Delia Lane,Female,32,Bachelors,Austin,2017,Procurement & Supply Chain,3,112100
13042,Audrey Mcmahon,Female,35,Bachelors,Phoenix,2014,Legal,3,119300
13043,Gerald Clark,Male,36,Bachelors,Phoenix,2014,Procurement & Supply Chain,3,111600
13044,Emiliano Hale,Male,39,Bachelors,Houston,2018,Legal,2,92600
13045,Sadie Roy,Female,37,Bachelors,San Diego,2013,Finance & Accounting,3,112200
13046,Naomi Mcdowell,Female,35,Masters,Phoenix,2017,R&D,2,83400
13047,Matthew Cordova,Male,36,Bachelors,Chicago,2017,Operations,3,115900
13048,Callum Glass,Male,41,Masters,Seattle,2013,R&D,3,111800
13049,Brielle Reeves,Female,33,Bachelors,Boston,2017,Procurement & Supply Chain,3,100800
13050,Adaline Reilly,Female,38,Bachelors,Austin,2018,Legal,3,109700
13051,Damian Miles,Male,34,Bachelors,Houston,2015,Operations,3,114500
13052,Connor Flores,Male,34,Bachelors,Charlotte,2012,Procurement & Supply Chain,3,107000
13053,Kimberly Gray,Female,35,Bachelors,Fort Worth,2015,Legal,3,119000
13054,Donna Raymond,Female,39,Bachelors,Phoenix,2012,Marketing,3,102700
13055,Penelope Hubbard,Female,41,Bachelors,Philadelphia,2012,Customer Service,3,102000
13056,Camila Ludwig,Female,34,Bachelors,"Washington, D.C.",2018,Sales,3,101300
13057,Lara Davis,Others,35,Masters,Chicago,2015,Marketing,2,78800
13058,Matthew Acosta,Male,33,Bachelors,"Washington, D.C.",2012,R&D,3,116900
13059,Derek Barker,Male,39,Bachelors,Dallas,2015,IT,3,102000
13060,Molly Holloway,Female,35,Masters,Indianapolis,2017,R&D,2,78500
13061,Maya Abbott,Female,31,Bachelors,Columbus,2017,Procurement & Supply Chain,2,71000
13062,Corey Stewart,Male,34,Bachelors,Boston,2016,R&D,3,118800
13063,Simone Larson,Female,40,Bachelors,Charlotte,2013,Legal,3,116300
13064,Mae Salinas,Female,31,Bachelors,Phoenix,2016,IT,3,104100
13065,Albert Gibbs,Others,33,Bachelors,San Jose,2016,Customer Service,3,116900
13066,Anne Noble,Female,32,Bachelors,Los Angeles,2013,Customer Service,3,119000
13067,Jillian Donaldson,Female,31,Masters,San Jose,2017,Operations,2,74300
13068,Wesley Adams,Male,39,Bachelors,Chicago,2014,Legal,3,107400
13069,Drew Sweet,Male,33,Bachelors,Indianapolis,2016,IT,3,112000
13070,Amber Schneider,Female,40,Bachelors,Phoenix,2014,Customer Service,3,100800
13071,Flora Pratt,Female,39,Bachelors,Indianapolis,2016,Finance & Accounting,3,116900
13072,Juliet Keith,Female,35,Bachelors,San Antonio,2017,Finance & Accounting,3,113900
13073,Jasmine Abbott,Female,32,Bachelors,Houston,2017,Operations,3,101800
13074,Ariana Gibson,Female,34,Bachelors,Chicago,2015,Customer Service,2,86000
13075,Adam Webster,Male,40,Bachelors,Philadelphia,2017,Customer Service,3,101600
13076,Veronica Hardy,Female,33,Masters,Charlotte,2017,Procurement & Supply Chain,3,113500
13077,Gabriel Torres,Male,36,Bachelors,San Antonio,2015,Finance & Accounting,2,80600
13078,Mary Petty,Female,39,Masters,Seattle,2018,Legal,3,111700
13079,Gabriel Young,Male,37,Bachelors,Houston,2012,Finance & Accounting,3,115400
13080,Victoria Briggs,Female,36,Bachelors,Boston,2018,Sales,3,116900
13081,Leonard Graves,Male,39,Bachelors,Charlotte,2017,Legal,2,74100
13082,Shannon Atwood,Female,35,Bachelors,New York City,2015,Sales,2,93000
13083,Beau Hanson,Male,41,Masters,San Jose,2018,Customer Service,3,103700
13084,Harrison Holt,Male,31,Bachelors,Seattle,2012,R&D,3,119800
13085,Nathan Craig,Male,36,Bachelors,Houston,2015,IT,2,77200
13086,Walter Mueller,Male,32,Bachelors,San Diego,2016,Customer Service,3,116700
13087,Layla Foster,Female,37,Bachelors,Boston,2017,Customer Service,3,100900
13088,Conrad Robbins,Male,39,Bachelors,San Jose,2015,Customer Service,2,93000
13089,Lydia Shaw,Female,34,Bachelors,New York City,2012,IT,3,112400
13090,Yvette Chase,Female,35,Bachelors,Fort Worth,2012,IT,3,115800
13091,Asher Hunter,Male,40,Bachelors,Fort Worth,2015,Legal,3,113000
13092,Mina Holden,Female,39,Bachelors,Houston,2016,Legal,3,101300
13093,Priya Smith,Female,39,Bachelors,Indianapolis,2017,Operations,3,116300
13094,Harper Shepherd,Female,41,Bachelors,Phoenix,2015,Legal,3,106200
13095,Brady Hawkins,Male,40,Bachelors,"Washington, D.C.",2012,Customer Service,3,119100
13096,Ember Sinclair,Female,36,Bachelors,San Antonio,2012,Marketing,1,54900
13097,Kevin Peck,Male,33,Bachelors,Phoenix,2017,Customer Service,2,93300
13098,Rowan Kendall,Female,33,Masters,Fort Worth,2014,HR,3,115900
13099,Patricia Kelley,Female,40,Masters,New York City,2018,R&D,3,101500
13100,Keegan Moran,Others,34,Bachelors,Dallas,2015,Finance & Accounting,2,74000
13101,Lyla Watkins,Others,33,Bachelors,Jacksonville,2014,Sales,3,113200
13102,Athena Bradley,Female,34,Masters,Charlotte,2015,Procurement & Supply Chain,1,57400
13103,Gia Cohen,Female,40,Masters,Los Angeles,2017,Operations,1,68000
13104,Roman Mckee,Male,32,Bachelors,New York City,2014,Marketing,3,117500
13105,Lucia Beasley,Female,38,Bachelors,Phoenix,2017,Customer Service,3,113700
13106,Lyla Gill,Others,38,Bachelors,Dallas,2015,IT,3,103700
13107,Tara Egan,Female,32,Bachelors,"Washington, D.C.",2015,Finance & Accounting,3,101400
13108,Paige Stevenson,Female,31,Bachelors,New York City,2013,Legal,3,104800
13109,Dora Gray,Female,39,Bachelors,Charlotte,2015,Operations,3,113000
13110,Teagan Martinez,Female,41,Masters,Boston,2017,IT,2,78500
13111,Emily Brady,Female,35,Bachelors,Seattle,2015,IT,2,81500
13112,Rosa Blake,Others,39,Bachelors,Phoenix,2016,Operations,3,104000
13113,Valerie Herrera,Female,40,Bachelors,San Diego,2014,Finance & Accounting,3,118400
13114,Matilda White,Female,41,Bachelors,"Washington, D.C.",2016,Marketing,3,112400
13115,Sage Chavez,Male,34,Masters,Austin,2015,Customer Service,2,85900
13116,Kody Shaffer,Male,37,Bachelors,Fort Worth,2016,Operations,2,81600
13117,Jessica Barker,Female,36,Bachelors,Jacksonville,2017,IT,2,80700
13118,Daphne Flynn,Female,37,Bachelors,Los Angeles,2015,Customer Service,3,106000
13119,Colin Wilson,Male,40,Masters,Houston,2015,Legal,1,54200
13120,Andrea Molina,Female,39,Bachelors,Denver,2018,IT,3,106600
13121,Sam Bolton,Male,36,Bachelors,Jacksonville,2017,Legal,2,70100
13122,Mallory Graves,Female,32,Bachelors,"Washington, D.C.",2015,IT,2,88800
13123,Kevin Bernard,Male,31,PHD,Charlotte,2015,HR,3,98400
13124,Wade Bernard,Male,31,Bachelors,Denver,2012,Operations,3,105900
13125,Talia Singleton,Female,36,Bachelors,Houston,2013,IT,3,118500
13126,Erin Mcpherson,Female,35,Bachelors,Houston,2014,Finance & Accounting,3,105100
13127,Neha Sexton,Female,33,Masters,San Diego,2013,Procurement & Supply Chain,2,96200
13128,Paige Farmer,Female,39,Bachelors,Fort Worth,2014,Customer Service,3,105300
13129,Alana Dickerson,Female,35,Bachelors,Charlotte,2015,IT,3,111000
13130,Austin Black,Others,38,Bachelors,Austin,2013,R&D,3,117300
13131,Nadia Preston,Female,39,Masters,Indianapolis,2017,R&D,3,116300
13132,Bodhi Pope,Others,41,Bachelors,Jacksonville,2012,HR,3,99600
13133,Gabriela Strickland,Female,35,Bachelors,"Washington, D.C.",2014,HR,2,74600
13134,Avery Sherman,Male,31,Bachelors,Houston,2016,IT,3,98100
13135,Gabriel Reeves,Male,32,Bachelors,"Washington, D.C.",2017,Customer Service,2,93600
13136,Ellie Charles,Female,34,Bachelors,"Washington, D.C.",2016,R&D,3,103200
13137,Arielle Francis,Others,34,Bachelors,Philadelphia,2014,Procurement & Supply Chain,3,98200
13138,Asher Lambert,Male,36,Masters,Denver,2014,Legal,3,100900
13139,Sadie Sterling,Female,41,Masters,Seattle,2017,IT,2,77600
13140,Siena Dejesus,Others,39,Masters,Chicago,2017,Customer Service,2,97400
13141,Emery Aguilar,Others,38,Masters,San Antonio,2017,IT,2,71900
13142,Kaia Lucas,Others,37,Bachelors,Seattle,2012,HR,3,102700
13143,Jasmine Spencer,Female,38,Bachelors,San Jose,2015,Procurement & Supply Chain,3,108500
13144,Nicholas Kelly,Male,37,Bachelors,Houston,2014,R&D,3,100500
13145,Hugo Preston,Male,34,Bachelors,San Diego,2017,Marketing,3,98900
13146,Camille Sweet,Female,39,Bachelors,"Washington, D.C.",2014,HR,1,44300
13147,Grayson Torres,Male,38,Masters,Houston,2017,Customer Service,2,79000
13148,Hannah Baldwin,Female,33,Masters,Jacksonville,2017,IT,3,102200
13149,Magnolia Hawkins,Others,33,Bachelors,San Jose,2012,Procurement & Supply Chain,3,112200
13150,Maeve Vines,Female,34,Bachelors,Denver,2012,Marketing,3,102900
13151,Gerald Figueroa,Male,32,Bachelors,Austin,2016,Customer Service,2,81300
13152,Sutton Rice,Others,33,Bachelors,San Jose,2012,Sales,3,105000
13153,Inaya Salas,Others,37,Masters,Dallas,2013,Marketing,3,109500
13154,Walker Hardy,Male,37,Masters,New York City,2015,HR,3,118400
13155,Elliott Hardy,Male,37,Bachelors,San Jose,2013,Procurement & Supply Chain,3,111100
13156,Henry Coleman,Male,40,Bachelors,Houston,2017,Legal,3,104000
13157,Paige Berger,Female,32,Masters,Boston,2016,Customer Service,3,98400
13158,Miranda Stevenson,Female,36,Bachelors,Dallas,2016,Marketing,3,111700
13159,Whitney Kendall,Female,36,Bachelors,Los Angeles,2014,Marketing,3,116400
13160,Derek Weeks,Male,36,Bachelors,Chicago,2014,IT,3,115500
13161,Arjun Hampton,Others,31,Masters,Denver,2017,Operations,3,101400
13162,Steve Mullins,Others,38,Bachelors,Chicago,2015,HR,3,112000
13163,Cassandra Bright,Female,38,Masters,Austin,2017,Customer Service,3,110700
13164,Athena Fuller,Female,39,Bachelors,Boston,2012,HR,3,104300
13165,Coraline Vega,Others,37,Bachelors,"Washington, D.C.",2014,HR,1,68200
13166,Jake Callahan,Male,36,Bachelors,Philadelphia,2015,Marketing,2,95400
13167,Chris Sargent,Male,35,Bachelors,San Jose,2013,Customer Service,3,99100
13168,Mia Coleman,Female,40,Bachelors,Indianapolis,2013,R&D,3,115200
13169,Jeremy Barron,Male,40,Bachelors,Chicago,2014,Finance & Accounting,3,105200
13170,Mariana Sweet,Female,35,Bachelors,Fort Worth,2017,Procurement & Supply Chain,3,112900
13171,Miles Meadows,Male,41,Bachelors,Indianapolis,2012,HR,3,104600
13172,Alicia Gilbert,Female,32,Bachelors,Indianapolis,2015,Finance & Accounting,3,102200
13173,Louis Archer,Male,41,Bachelors,Charlotte,2013,HR,3,106000
13174,Dorian Foster,Male,40,Bachelors,San Jose,2016,Finance & Accounting,3,105600
13175,Elias Barrett,Male,40,Bachelors,Boston,2017,HR,3,115700
13176,Eric Gould,Male,34,Bachelors,Boston,2017,Sales,3,117500
13177,Clark Livingston,Male,36,Masters,Philadelphia,2017,Customer Service,2,74200
13178,William Kirk,Male,33,Bachelors,Jacksonville,2017,Finance & Accounting,3,103200
13179,Conrad Kelly,Male,41,Bachelors,Chicago,2014,Procurement & Supply Chain,3,113400
13180,Amelie Bennett,Others,40,Bachelors,Los Angeles,2014,Finance & Accounting,3,103600
13181,Emily Tyson,Female,31,Bachelors,Los Angeles,2016,Marketing,3,118100
13182,Jack Harvey,Male,32,Masters,Boston,2015,Operations,3,105000
13183,Juliana Henderson,Female,34,Bachelors,Dallas,2017,Sales,3,117800
13184,Brady Osborn,Male,32,Bachelors,Dallas,2016,Procurement & Supply Chain,3,119800
13185,Mila Gonzales,Female,32,Bachelors,Chicago,2013,R&D,3,104800
13186,Blair May,Male,38,Bachelors,Phoenix,2014,IT,3,106700
13187,Kennedy Vincent,Female,32,Masters,New York City,2017,Customer Service,3,116700
13188,Atlas Collier,Others,40,Bachelors,New York City,2015,Finance & Accounting,3,110400
13189,Wade Richardson,Male,38,Bachelors,Denver,2017,Customer Service,1,62000
13190,Erin Pope,Female,37,Bachelors,San Antonio,2017,Operations,3,107300
13191,Miles Morgan,Male,31,PHD,Denver,2014,Customer Service,3,106800
13192,Casey Glenn,Male,34,Bachelors,Charlotte,2014,IT,3,110200
13193,Gia Little,Female,34,Masters,Seattle,2017,Procurement & Supply Chain,2,81700
13194,Kevin Levy,Male,37,Bachelors,New York City,2013,R&D,2,79800
13195,Peter Colon,Male,31,Masters,New York City,2017,IT,2,87000
13196,Peyton Solis,Others,35,Bachelors,Indianapolis,2017,IT,3,115500
13197,Zachary Norton,Male,34,PHD,Austin,2015,Operations,3,113700
13198,Holly Hebert,Others,32,Bachelors,San Antonio,2012,Operations,1,63200
13199,Osiris Grimes,Others,31,Bachelors,San Jose,2017,R&D,3,115000
13200,Raphael Cohen,Male,36,Bachelors,Denver,2015,Finance & Accounting,3,99300
13201,Miriam Love,Female,38,Masters,Columbus,2017,Customer Service,3,110900
13202,Louis Schultz,Male,34,Bachelors,San Antonio,2015,IT,3,103700
13203,Aditya Cohen,Others,39,Bachelors,San Antonio,2013,R&D,1,61600
13204,Mae Holmes,Female,35,PHD,"Washington, D.C.",2013,R&D,3,103900
13205,Dakota Shepherd,Female,33,Masters,Dallas,2015,Legal,2,75700
13206,Logan Norton,Male,35,Masters,Dallas,2014,Operations,3,113400
13207,Kamila Hays,Others,40,Masters,Columbus,2015,HR,3,102100
13208,Joy Hanson,Female,32,Bachelors,Denver,2015,Finance & Accounting,2,73500
13209,Alanzo Becker,Others,38,Bachelors,New York City,2013,Customer Service,3,109400
13210,Melissa Vaughan,Female,32,Bachelors,New York City,2012,Legal,3,117300
13211,Nathaniel Waters,Male,36,Bachelors,Phoenix,2018,Sales,3,114100
13212,Caleb Koch,Male,35,Bachelors,Boston,2012,Sales,3,104000
13213,Jake Acosta,Male,37,Bachelors,Austin,2013,HR,3,114500
13214,Bradley Crane,Male,35,Bachelors,Seattle,2015,Sales,2,94700
13215,Adaline Carson,Female,37,Masters,Dallas,2017,IT,2,92400
13216,Cassandra Hutchinson,Female,39,Masters,Dallas,2017,Operations,2,72700
13217,Samantha Mccoy,Female,40,Masters,Chicago,2014,R&D,3,112600
13218,Alanzo Irwin,Others,41,Bachelors,Seattle,2012,Finance & Accounting,2,76900
13219,Yasmine Humphrey,Female,41,Bachelors,Denver,2018,HR,3,106900
13220,Julia Lang,Female,39,Masters,Charlotte,2017,Legal,2,82000
13221,Layla Shaffer,Female,38,Bachelors,Dallas,2012,R&D,3,120000
13222,Alice Bond,Female,33,Bachelors,San Jose,2013,R&D,3,103100
13223,Winnie Hart,Female,36,Bachelors,Fort Worth,2014,Sales,3,116300
13224,Ava Bentley,Female,41,Bachelors,Seattle,2017,Procurement & Supply Chain,3,119700
13225,Atlas Leonard,Others,40,PHD,Los Angeles,2012,HR,3,111500
13226,Hope Harris,Female,31,Bachelors,Dallas,2013,Legal,3,118300
13227,Douglas Tyler,Male,33,Bachelors,San Diego,2012,R&D,3,119600
13228,Nina House,Female,39,Bachelors,Houston,2015,Customer Service,3,114500
13229,Gideon Brock,Male,33,Masters,Chicago,2014,Customer Service,2,77600
13230,Elise Santiago,Female,35,Bachelors,Boston,2015,Finance & Accounting,3,110100
13231,Conrad Durham,Male,38,Masters,Fort Worth,2012,Marketing,3,99700
13232,Mila Zimmerman,Female,36,Bachelors,Dallas,2016,Legal,3,111800
13233,Joseph Walker,Male,36,Bachelors,Los Angeles,2014,Operations,2,94800
13234,Paige Summers,Female,35,Bachelors,New York City,2015,Finance & Accounting,1,58500
13235,Dorothy Campbell,Female,34,Bachelors,Charlotte,2017,Procurement & Supply Chain,2,97500
13236,Camille Velasquez,Female,41,Bachelors,Los Angeles,2015,R&D,2,79800
13237,Louis Wilkinson,Male,32,Bachelors,Houston,2016,Procurement & Supply Chain,3,100500
13238,Xander Hanna,Others,41,Bachelors,Denver,2017,HR,2,86000
13239,Evelyn Lamb,Female,36,Bachelors,Boston,2016,HR,3,107500
13240,Phoebe Walker,Female,39,Bachelors,New York City,2017,Marketing,2,70900
13241,Jeremy Copeland,Male,38,Bachelors,Boston,2015,Finance & Accounting,3,114600
13242,Molly Ali,Female,34,Bachelors,Chicago,2014,R&D,3,102100
13243,Sasha Cantrell,Female,39,Bachelors,San Antonio,2012,Finance & Accounting,3,101400
13244,Cara Farrell,Others,36,Bachelors,New York City,2017,HR,3,103000
13245,Simone Vaughn,Female,35,Bachelors,Phoenix,2014,Marketing,3,106700
13246,Miles Kendall,Male,31,Masters,Houston,2018,Procurement & Supply Chain,3,104700
13247,Owen Mcconnell,Male,41,Bachelors,Houston,2012,Operations,3,101700
13248,Lauren Carroll,Female,35,Bachelors,Denver,2017,Sales,3,114300
13249,Knox Joyner,Others,40,Bachelors,Charlotte,2015,Legal,1,55900
13250,Adriana Hale,Female,33,Bachelors,Philadelphia,2018,IT,3,100000
13251,Lyla Hendrix,Others,37,Bachelors,Phoenix,2016,Customer Service,3,103100
13252,Veronica Atkinson,Female,36,PHD,San Antonio,2018,IT,3,100400
13253,Paisley Wyatt,Female,40,Bachelors,Dallas,2012,R&D,3,109100
13254,Maria Watts,Female,36,Bachelors,Philadelphia,2017,Finance & Accounting,2,97900
13255,Alba Chase,Others,38,Masters,New York City,2015,Marketing,3,112000
13256,Jenna Denton,Female,31,Bachelors,Seattle,2014,Marketing,2,72400
13257,Gabriel Clark,Male,40,Bachelors,Philadelphia,2016,IT,3,113100
13258,Bodhi Pollard,Others,37,Bachelors,Jacksonville,2017,HR,3,100100
13259,Paul Madden,Male,38,Bachelors,Los Angeles,2015,HR,3,114400
13260,Alina Madden,Female,35,Masters,Dallas,2017,Marketing,2,89600
13261,Ezra Wolf,Male,35,PHD,Boston,2018,R&D,3,119900
13262,Grant Macdonald,Male,38,Bachelors,San Diego,2012,Procurement & Supply Chain,3,106200
13263,Josie Rivera,Female,31,Bachelors,Columbus,2012,Sales,3,119800
13264,Nina Everett,Female,33,Masters,Dallas,2016,R&D,3,101100
13265,Donna Pena,Female,32,Bachelors,Fort Worth,2013,R&D,2,95100
13266,Jessica Hubbard,Female,39,Bachelors,Philadelphia,2017,R&D,1,48800
13267,Toby Snider,Male,35,Bachelors,Philadelphia,2018,IT,3,109600
13268,Nathaniel Rodgers,Male,38,Bachelors,Fort Worth,2014,Marketing,3,100100
13269,Aurora Travis,Female,32,Bachelors,Philadelphia,2015,HR,3,110900
13270,Faith Floyd,Female,34,Bachelors,Dallas,2017,IT,3,101500
13271,Whitney Fisher,Female,41,Bachelors,"Washington, D.C.",2017,Operations,3,119300
13272,Sarah Gonzalez,Female,40,Masters,Jacksonville,2012,Procurement & Supply Chain,3,119400
13273,Mark Brennan,Male,32,Bachelors,Chicago,2012,Finance & Accounting,2,89500
13274,Genevieve Schaefer,Female,35,Bachelors,Denver,2013,IT,3,110600
13275,Grace Hunter,Female,36,PHD,New York City,2013,Marketing,1,49100
13276,Maddie Gay,Others,40,Bachelors,Austin,2013,Procurement & Supply Chain,3,98200
13277,Kaden Wilcox,Male,35,Bachelors,Jacksonville,2018,R&D,2,95700
13278,Edith Moses,Female,37,Masters,San Antonio,2017,HR,2,90500
13279,Teresa Mendoza,Female,34,Bachelors,Los Angeles,2017,R&D,3,107500
13280,Dorothy Young,Female,36,Bachelors,Houston,2012,Operations,3,105900
13281,Kylie Wolfe,Female,37,Bachelors,San Diego,2015,R&D,3,112400
13282,Yosef Kemp,Others,39,Bachelors,Phoenix,2014,Customer Service,3,118600
13283,Priya Chandler,Female,39,Bachelors,Charlotte,2017,R&D,2,93600
13284,Chloe Fletcher,Female,38,Masters,San Antonio,2018,HR,3,100500
13285,Susan Mercer,Female,37,Bachelors,Houston,2013,Operations,3,103100
13286,Leila Ryan,Female,33,Bachelors,Los Angeles,2012,Legal,2,91000
13287,Henry Bernard,Male,38,PHD,Columbus,2014,Sales,3,115200
13288,Grant Norton,Male,40,Masters,Los Angeles,2017,Sales,2,83900
13289,Camila Trujillo,Female,41,Bachelors,Los Angeles,2012,IT,3,110200
13290,Rachel Byrd,Female,38,Bachelors,Chicago,2013,IT,2,90900
13291,Bruno Hill,Others,37,Bachelors,"Washington, D.C.",2012,Operations,3,104200
13292,Frankie Lucero,Others,39,Bachelors,New York City,2014,Finance & Accounting,3,111000
13293,Piper Bowman,Female,35,Bachelors,Columbus,2018,Finance & Accounting,3,111100
13294,Ellen Hamilton,Female,39,Masters,Philadelphia,2017,Sales,3,118000
13295,Lincoln Townsend,Male,31,Bachelors,Houston,2015,R&D,2,78200
13296,Scott Evans,Male,33,Bachelors,Seattle,2012,Operations,3,113600
13297,Greta Turner,Female,33,Bachelors,San Jose,2017,R&D,3,115700
13298,Ariana Walton,Female,32,Bachelors,Chicago,2013,Customer Service,3,101500
13299,Cameron Mills,Male,40,Bachelors,Dallas,2015,Legal,2,87600
13300,Alfie Compton,Others,38,Bachelors,Indianapolis,2013,Procurement & Supply Chain,3,107600
13301,Amaya Copeland,Female,34,Bachelors,Denver,2016,Sales,3,100900
13302,Miranda Holland,Female,39,Bachelors,Jacksonville,2016,Sales,1,50900
13303,Susan Shepard,Female,38,Bachelors,New York City,2012,Customer Service,3,105300
13304,Jenna Sawyer,Female,31,Masters,Jacksonville,2017,R&D,2,79100
13305,Phoebe Ortiz,Female,35,Bachelors,San Antonio,2017,IT,3,98200
13306,Theodore Decker,Male,31,Bachelors,Dallas,2013,Finance & Accounting,3,117300
13307,Ana Hughes,Female,33,Bachelors,New York City,2012,Legal,3,110900
13308,Nia Olsen,Others,37,Bachelors,Seattle,2015,Customer Service,2,94400
13309,Melody Underwood,Female,40,Masters,Indianapolis,2018,HR,3,110400
13310,Charlie Bentley,Male,38,Bachelors,Jacksonville,2014,Marketing,3,105100
13311,Karen Stephenson,Female,31,Bachelors,Dallas,2012,Legal,3,101500
13312,Tobias Brown,Male,39,PHD,Philadelphia,2014,Customer Service,3,107000
13313,Gwen Underwood,Female,40,Bachelors,Boston,2016,Customer Service,3,116900
13314,Aaron Merritt,Male,36,Bachelors,Fort Worth,2017,Customer Service,3,117800
13315,Hector Warren,Male,39,Bachelors,San Diego,2015,Operations,3,107800
13316,Annabelle Warren,Female,39,Bachelors,Charlotte,2012,Finance & Accounting,3,115100
13317,Katie Pena,Female,35,Bachelors,Fort Worth,2013,HR,3,100400
13318,Cara Zimmerman,Others,35,Masters,San Diego,2013,Operations,3,112900
13319,Joanna Garner,Female,35,Bachelors,Austin,2013,Marketing,3,115800
13320,Serena Roth,Female,34,Masters,Charlotte,2017,Operations,3,105200
13321,Lincoln Matthews,Male,41,Bachelors,Columbus,2014,Customer Service,3,118600
13322,Kingston Barron,Male,35,Bachelors,"Washington, D.C.",2017,IT,3,112900
13323,Drake Singleton,Male,40,Bachelors,Dallas,2013,HR,3,116500
13324,Marie Kane,Female,31,Masters,Philadelphia,2017,Procurement & Supply Chain,3,113500
13325,Eliseo Newman,Others,33,Masters,Fort Worth,2014,Procurement & Supply Chain,3,107100
13326,Mia Lindsey,Female,33,Bachelors,Chicago,2017,HR,2,71900
13327,August Ramirez,Male,39,Bachelors,San Diego,2016,HR,3,114400
13328,Roxanne Dorsey,Others,41,Bachelors,Charlotte,2016,R&D,3,105100
13329,Aiden Lopez,Others,32,Bachelors,Los Angeles,2017,Marketing,3,113300
13330,Douglas Barron,Male,39,Bachelors,Austin,2014,Procurement & Supply Chain,2,73700
13331,Lucy Browning,Female,31,Bachelors,New York City,2014,Finance & Accounting,3,104400
13332,Alexis Carroll,Female,40,Bachelors,San Jose,2012,Legal,3,112300
13333,Elliot Lambert,Male,34,Masters,Denver,2018,Operations,3,100400
13334,Kaia Wood,Others,37,Bachelors,Phoenix,2018,Sales,3,115900
13335,Aiden Rush,Others,37,Bachelors,Phoenix,2016,Operations,3,104900
13336,Ella Gomez,Female,36,Bachelors,San Antonio,2014,Legal,3,113100
13337,Dora Waters,Female,39,Bachelors,Boston,2015,Legal,2,75400
13338,Ellie Vaughn,Female,37,Bachelors,Los Angeles,2014,IT,3,103700
13339,Tiana Stanley,Others,37,Masters,Fort Worth,2014,Customer Service,3,114200
13340,Ryan Lucero,Male,32,Masters,Denver,2017,Finance & Accounting,3,118900
13341,Gianna Hardy,Female,37,Bachelors,Jacksonville,2014,Operations,3,111100
13342,Milo Duffy,Male,36,Bachelors,Los Angeles,2017,Customer Service,3,119400
13343,Hudson Dyer,Male,40,Bachelors,New York City,2015,Customer Service,2,82500
13344,Mason Armstrong,Male,40,Bachelors,Boston,2014,Procurement & Supply Chain,3,102600
13345,Katie Ochoa,Female,32,Bachelors,Dallas,2012,IT,3,107700
13346,Freya Phillips,Female,37,Bachelors,Phoenix,2012,Customer Service,3,105300
13347,Laura Summers,Female,40,Bachelors,Houston,2017,Operations,3,111700
13348,Weston Stephens,Male,40,Bachelors,Chicago,2014,Marketing,3,116500
13349,Sam Barrett,Male,34,Bachelors,Columbus,2017,Sales,3,99200
13350,Albert Gill,Others,37,Bachelors,Denver,2012,R&D,3,108400
13351,Kiara Jones,Female,35,Bachelors,San Diego,2017,HR,3,112500
13352,Melody Ryan,Female,37,Bachelors,Philadelphia,2017,Procurement & Supply Chain,3,112300
13353,Felix Kendall,Male,35,Bachelors,Charlotte,2012,Operations,3,107800
13354,Selena Berg,Female,31,Bachelors,Jacksonville,2014,Finance & Accounting,3,110400
13355,Patrick Lamb,Male,41,Bachelors,Boston,2016,R&D,3,104600
13356,Devin Cooper,Male,37,Masters,Fort Worth,2017,Customer Service,3,103600
13357,Sonia Bruce,Female,40,Bachelors,San Antonio,2018,Sales,3,110100
13358,Ellie Acosta,Female,36,Bachelors,San Antonio,2018,Operations,1,66100
13359,Bridget Gill,Female,37,PHD,Phoenix,2018,IT,3,107000
13360,Amaya Fleming,Female,40,Bachelors,Los Angeles,2014,Marketing,3,110500
13361,Sadie Phillips,Female,34,Bachelors,San Jose,2017,IT,3,114900
13362,Rowan Ritchie,Female,37,Bachelors,Charlotte,2018,Procurement & Supply Chain,3,112900
13363,Bonnie Carr,Female,38,Bachelors,San Antonio,2016,Procurement & Supply Chain,3,99800
13364,Frankie Hale,Others,37,Bachelors,Austin,2017,Finance & Accounting,2,95400
13365,Emma Vargas,Female,32,Bachelors,Philadelphia,2016,HR,3,98800
13366,Omar Hanna,Male,31,Bachelors,Jacksonville,2016,Customer Service,3,109700
13367,Lana Kirkland,Female,40,Bachelors,Columbus,2013,Legal,1,65200
13368,Hugo Blankenship,Male,40,Bachelors,Seattle,2017,Finance & Accounting,3,116900
13369,Rhea Payne,Others,31,Bachelors,Austin,2015,IT,3,108200
13370,Jack Leonard,Male,36,Masters,San Antonio,2017,Procurement & Supply Chain,2,80600
13371,Elise Lloyd,Female,38,Bachelors,Dallas,2017,Procurement & Supply Chain,3,117000
13372,Inaya Cline,Others,37,Bachelors,Columbus,2014,Customer Service,3,106900
13373,Delilah Horn,Female,34,Bachelors,Austin,2014,IT,3,99300
13374,Jackie Mclaughlin,Others,41,Bachelors,Jacksonville,2013,Sales,3,118500
13375,Lilian Fisher,Others,32,Bachelors,Austin,2015,Procurement & Supply Chain,2,87100
13376,Shane Mason,Male,34,Bachelors,Los Angeles,2015,Operations,3,119400
13377,Knox Griffin,Others,39,PHD,Chicago,2013,Marketing,3,98500
13378,Riley Mason,Male,32,Masters,Dallas,2013,Procurement & Supply Chain,2,94800
13379,Lucy Gonzales,Female,31,Bachelors,San Diego,2012,Marketing,3,100600
13380,Anders Hunt,Male,40,PHD,Jacksonville,2016,Sales,3,104200
13381,Joy Moody,Female,37,Bachelors,Chicago,2015,Marketing,3,113300
13382,Gael Leary,Others,40,Masters,Fort Worth,2017,IT,3,107800
13383,Karina Mcdowell,Female,31,Bachelors,Austin,2013,Finance & Accounting,3,113900
13384,Grayson Freeman,Male,32,Bachelors,San Jose,2017,Procurement & Supply Chain,3,98400
13385,Melissa Higgins,Female,34,Bachelors,Philadelphia,2017,IT,3,114100
13386,Edward Barron,Male,41,Masters,New York City,2013,Finance & Accounting,2,82600
13387,Charlotte Mills,Female,37,Masters,"Washington, D.C.",2015,HR,3,111200
13388,Josie Egan,Female,40,Bachelors,Houston,2015,HR,3,99400
13389,Iris Summers,Others,35,Masters,San Antonio,2017,Legal,2,88300
13390,Jacob Keith,Male,39,Bachelors,Charlotte,2012,HR,3,110200
13391,Ramon Paul,Male,41,Bachelors,Austin,2017,IT,3,108800
13392,Philip Porter,Male,36,Bachelors,Austin,2015,Customer Service,3,102100
13393,Jake Carson,Male,32,Bachelors,Jacksonville,2014,Finance & Accounting,3,116100
13394,Parker Craft,Male,41,Bachelors,Philadelphia,2013,IT,3,118100
13395,Jamie Gillespie,Male,32,Bachelors,Philadelphia,2013,Legal,3,105000
13396,Tristan Mcdowell,Male,36,Bachelors,San Diego,2017,Customer Service,3,108400
13397,Irene Weeks,Others,40,Bachelors,Chicago,2013,Operations,3,105800
13398,Andre Holden,Male,32,Bachelors,San Jose,2018,HR,3,113100
13399,June Forbes,Female,38,Bachelors,Los Angeles,2016,Procurement & Supply Chain,3,109900
13400,Juliana Snyder,Female,41,Bachelors,New York City,2018,Marketing,3,99500
13401,Derek Kelley,Male,35,Masters,New York City,2017,HR,2,94800
13402,Ruby Schultz,Female,36,Bachelors,Seattle,2016,Marketing,3,100300
13403,Erin Gallagher,Female,35,Bachelors,Boston,2014,Customer Service,3,110200
13404,Jasmine Hickman,Female,31,Bachelors,Fort Worth,2016,HR,3,109100
13405,Brady Sargent,Male,37,PHD,San Diego,2015,Marketing,3,118700
13406,Claudia Joseph,Female,41,Bachelors,Austin,2013,Finance & Accounting,3,112800
13407,Grace Shields,Female,31,Bachelors,Jacksonville,2013,R&D,3,117900
13408,Alex Wheeler,Male,36,Bachelors,Jacksonville,2017,Procurement & Supply Chain,2,82500
13409,Roger Haley,Male,32,Bachelors,Boston,2015,Marketing,3,100000
13410,Marie Harrington,Female,34,Bachelors,Charlotte,2017,Legal,3,111400
13411,Marcus Hoffman,Male,39,Bachelors,Jacksonville,2015,HR,3,107800
13412,Austin Tucker,Others,33,Bachelors,Los Angeles,2014,Customer Service,3,112100
13413,Sutton Ellis,Others,36,Bachelors,New York City,2017,Marketing,2,78300
13414,Samantha Wolf,Female,34,Bachelors,Seattle,2016,HR,1,64300
13415,Karla Downs,Female,33,Bachelors,Chicago,2017,Operations,2,90700
13416,Robert Adkins,Male,38,Bachelors,Charlotte,2012,Sales,3,115700
13417,Dean Cash,Male,35,Bachelors,New York City,2013,HR,3,99700
13418,Neil Farley,Male,31,Bachelors,Chicago,2017,Procurement & Supply Chain,3,100600
13419,Robert Baker,Male,37,Bachelors,Indianapolis,2013,HR,3,114100
13420,William Hanson,Male,32,Bachelors,Philadelphia,2012,Legal,3,119100
13421,Weston Wagner,Male,34,Bachelors,New York City,2013,IT,3,106700
13422,Shannon Hoover,Female,41,PHD,Denver,2013,Procurement & Supply Chain,2,93200
13423,Leona Ochoa,Others,32,Masters,San Antonio,2015,IT,3,102200
13424,Lorenzo Patel,Male,39,Bachelors,Houston,2013,HR,3,117900
13425,Valentina Jeffers,Female,31,Bachelors,Philadelphia,2012,HR,3,107800
13426,Bradley Carson,Male,41,Bachelors,"Washington, D.C.",2017,Legal,2,74300
13427,Sutton Dorsey,Others,36,Bachelors,Jacksonville,2016,Operations,3,113400
13428,Maria Walton,Female,38,Bachelors,Boston,2017,Procurement & Supply Chain,2,79800
13429,Ella Matthews,Female,32,Bachelors,Boston,2012,Finance & Accounting,3,108800
13430,Shawn English,Male,35,Bachelors,New York City,2018,R&D,3,98900
13431,Jaden Gregory,Male,39,Bachelors,Philadelphia,2017,R&D,3,113300
13432,Rachel Floyd,Female,36,Masters,San Antonio,2017,Customer Service,2,70100
13433,Walker Leonard,Male,33,Bachelors,Indianapolis,2013,Operations,3,100500
13434,Eliseo Carver,Others,32,Bachelors,Jacksonville,2013,Operations,3,111700
13435,Irene Mckay,Others,35,Bachelors,Jacksonville,2017,Sales,3,109100
13436,Derek Neal,Male,36,Bachelors,Seattle,2015,Sales,3,116000
13437,Aaron Anderson,Male,39,Masters,Chicago,2014,Finance & Accounting,3,111400
13438,Oscar Ellison,Male,40,Bachelors,San Diego,2016,Sales,3,115700
13439,Paige Parks,Female,37,Bachelors,San Jose,2012,Marketing,3,108200
13440,Aarav Corbett,Others,38,Masters,New York City,2015,Operations,1,68700
13441,Sam Woodward,Male,40,Bachelors,Seattle,2017,Marketing,3,114500
13442,Brooke Lee,Female,34,Bachelors,Denver,2013,Marketing,3,117300
13443,Sam Dickinson,Male,31,Bachelors,San Jose,2013,Customer Service,3,113800
13444,Clarence Boyd,Others,40,Bachelors,Jacksonville,2014,Customer Service,3,109700
13445,Kennedy Richmond,Female,37,Bachelors,Houston,2013,Sales,3,110800
13446,Kody Holt,Male,33,Bachelors,Philadelphia,2012,Customer Service,3,98200
13447,Daria Sloan,Others,36,Bachelors,Seattle,2015,IT,3,110800
13448,Kingston Cline,Male,35,Bachelors,Denver,2014,Legal,3,115600
13449,Jade Price,Female,34,Bachelors,Phoenix,2014,Procurement & Supply Chain,3,108400
13450,Caroline Cabrera,Female,35,Bachelors,Indianapolis,2013,Finance & Accounting,3,113900
13451,Dean Heath,Male,39,Masters,Seattle,2014,Marketing,3,115000
13452,Catalina Cobb,Female,35,Bachelors,Columbus,2015,Procurement & Supply Chain,3,113900
13453,Zachary Trujillo,Male,34,Masters,Philadelphia,2014,Procurement & Supply Chain,3,114800
13454,Peter Compton,Male,32,Bachelors,Phoenix,2017,Sales,2,90700
13455,Nina Gill,Female,32,Bachelors,"Washington, D.C.",2015,Procurement & Supply Chain,3,118600
13456,Rafael Wiley,Male,33,Bachelors,Jacksonville,2014,Marketing,3,119400
13457,Hadley Burch,Female,34,Masters,San Antonio,2017,R&D,2,75300
13458,Tiana Rush,Others,35,Masters,Indianapolis,2016,Procurement & Supply Chain,3,108900
13459,Katherine Moyer,Female,35,Masters,San Diego,2017,HR,3,114400
13460,Hector Bush,Male,38,Bachelors,Charlotte,2014,Marketing,2,85900
13461,Mateo Mckenzie,Male,37,Bachelors,Fort Worth,2016,Customer Service,3,117900
13462,Laura Booth,Female,38,Bachelors,Phoenix,2013,Sales,3,104500
13463,Philip Branch,Male,41,Bachelors,San Jose,2015,Operations,3,119200
13464,Edward Stanton,Male,40,Masters,San Jose,2017,Operations,3,116700
13465,Bailey English,Male,39,Bachelors,Denver,2017,R&D,3,100100
13466,Celine Cortez,Female,32,Bachelors,Indianapolis,2017,Procurement & Supply Chain,2,80100
13467,Margaret Jensen,Female,40,Bachelors,Houston,2018,Customer Service,3,118700
13468,Mandy Webster,Female,40,Bachelors,San Antonio,2016,Procurement & Supply Chain,3,103200
13469,Orion Bond,Others,41,Bachelors,San Diego,2016,Procurement & Supply Chain,3,109100
13470,Cassian Dodson,Male,38,Bachelors,Houston,2015,Sales,3,100800
13471,Greta Key,Female,38,Masters,Columbus,2017,Sales,1,65100
13472,Adam Kennedy,Male,41,Bachelors,Seattle,2018,Procurement & Supply Chain,3,108500
13473,Raphael Knox,Male,33,Bachelors,San Jose,2015,Finance & Accounting,2,76000
13474,Asher King,Male,41,Bachelors,San Diego,2012,Customer Service,3,114100
13475,Brielle Riley,Female,35,Bachelors,Austin,2017,Marketing,2,91900
13476,Cameron Galloway,Male,36,Bachelors,Houston,2013,Marketing,3,110300
13477,Lena Olsen,Female,37,Bachelors,Denver,2013,Marketing,3,102800
13478,Brynn Nielsen,Female,37,Bachelors,"Washington, D.C.",2013,R&D,1,65900
13479,Amira Moon,Female,39,Bachelors,"Washington, D.C.",2014,Marketing,3,100600
13480,Gianna Bennett,Female,38,Bachelors,Seattle,2017,IT,3,114300
13481,Eliseo Patel,Others,34,Bachelors,Chicago,2013,Finance & Accounting,2,74400
13482,Madison West,Female,33,Bachelors,Austin,2017,R&D,2,89900
13483,Kaleb Fitzpatrick,Male,32,Bachelors,Houston,2013,Legal,3,114000
13484,Eli Delaney,Male,38,Masters,Columbus,2014,Customer Service,3,109400
13485,Brynn Bell,Female,32,Bachelors,"Washington, D.C.",2017,Marketing,3,99400
13486,Amira Ellis,Female,41,Masters,San Jose,2016,Legal,3,104800
13487,Ethan Moon,Male,36,Masters,Austin,2014,Customer Service,3,115900
13488,Felix Koch,Male,34,Bachelors,San Jose,2017,Procurement & Supply Chain,3,117100
13489,Jenna Burton,Female,34,Bachelors,Chicago,2017,Finance & Accounting,3,108000
13490,Bailey Dillon,Male,35,Bachelors,San Antonio,2016,Sales,3,117600
13491,Celeste Howard,Female,38,Masters,Indianapolis,2015,IT,3,106500
13492,Alaric Berger,Others,32,Bachelors,San Jose,2016,Operations,3,110400
13493,Savannah Flynn,Female,37,Bachelors,Boston,2015,HR,3,116900
13494,Ashley Jensen,Female,32,Bachelors,San Antonio,2017,Operations,2,77200
13495,Jacob Faulkner,Male,36,Masters,Boston,2017,IT,2,88600
13496,Francis Burgess,Male,41,Bachelors,"Washington, D.C.",2012,Operations,3,109200
13497,Thomas Reeves,Male,37,Bachelors,Seattle,2017,Finance & Accounting,3,112700
13498,Beatrice Steele,Female,34,Bachelors,Chicago,2018,Sales,3,114800
13499,Douglas Singleton,Male,31,Bachelors,Boston,2016,R&D,3,110500
13500,Adam Leonard,Male,41,Bachelors,San Jose,2017,R&D,3,110600
13501,Talia Stafford,Female,35,Bachelors,San Diego,2015,Sales,3,110100
13502,Gerald Horn,Male,37,Bachelors,Los Angeles,2015,R&D,3,109800
13503,Esme Fleming,Female,34,Bachelors,Chicago,2016,Sales,3,113900
13504,Selena Conley,Female,40,Masters,Chicago,2017,HR,2,97300
13505,Matthew Robles,Male,39,Bachelors,"Washington, D.C.",2015,IT,3,108200
13506,Marcus Leonard,Male,37,Bachelors,Houston,2013,Procurement & Supply Chain,3,116800
13507,Elena Luna,Female,36,Bachelors,San Diego,2015,Procurement & Supply Chain,2,93400
13508,Rafael Keller,Male,35,Bachelors,Phoenix,2014,R&D,3,105400
13509,Leila Weeks,Female,37,Masters,Dallas,2013,Procurement & Supply Chain,3,99500
13510,Raheem Carver,Male,41,Bachelors,Houston,2013,Legal,3,98900
13511,Drew Barton,Male,40,Masters,Indianapolis,2017,R&D,2,86800
13512,Noelle Zamora,Female,37,Bachelors,Philadelphia,2016,IT,3,113300
13513,Mason Estes,Male,40,Masters,San Jose,2013,Sales,3,115100
13514,Molly Stephenson,Female,39,Bachelors,Columbus,2015,Marketing,3,103000
13515,Brielle Sandoval,Female,33,Masters,Fort Worth,2015,Operations,2,92200
13516,Juliet Talley,Female,36,Bachelors,Indianapolis,2012,Procurement & Supply Chain,3,107000
13517,Seth Connolly,Male,36,Bachelors,Seattle,2012,R&D,3,120000
13518,Ember Gilliam,Female,38,Bachelors,San Jose,2015,Finance & Accounting,3,103800
13519,Isla Craft,Female,37,Bachelors,New York City,2017,Finance & Accounting,2,97600
13520,Patrick Cobb,Male,34,Masters,San Jose,2017,Finance & Accounting,3,106800
13521,Delia Hughes,Female,31,Bachelors,Seattle,2013,R&D,3,104600
13522,Anthony Bowen,Male,38,Bachelors,Fort Worth,2013,Customer Service,3,108000
13523,Evan Duffy,Male,36,Bachelors,Seattle,2017,IT,3,106000
13524,Bennett Witt,Male,40,Bachelors,San Diego,2012,Sales,3,113600
13525,Kyle Farrell,Male,41,Bachelors,San Antonio,2017,Finance & Accounting,3,115400
13526,Rosa Velez,Others,31,Bachelors,Fort Worth,2015,HR,3,112100
13527,Karla Jordan,Female,41,Bachelors,"Washington, D.C.",2017,HR,3,101700
13528,Bridget Goodman,Female,31,Bachelors,San Diego,2015,Marketing,3,108100
13529,Phoebe Martin,Female,31,Bachelors,Denver,2017,Procurement & Supply Chain,3,115500
13530,Margaret Pope,Female,37,Bachelors,Austin,2017,Customer Service,2,91400
13531,Peter Matthews,Male,39,Bachelors,Fort Worth,2012,IT,3,101700
13532,Bianca Ludwig,Female,38,Bachelors,Philadelphia,2014,Marketing,3,103300
13533,Douglas Chandler,Male,40,Bachelors,Denver,2013,R&D,3,102600
13534,Caleb Stephens,Male,36,Bachelors,Philadelphia,2013,Operations,3,106100
13535,Hailey Dawson,Female,41,Bachelors,San Jose,2016,Finance & Accounting,3,118800
13536,Mason North,Male,32,Bachelors,San Jose,2018,IT,3,99000
13537,Angel Hoover,Female,40,Masters,Denver,2018,IT,3,104500
13538,Amelia Allen,Female,39,Bachelors,Charlotte,2012,IT,3,112800
13539,Karla Nolan,Female,33,Bachelors,San Antonio,2014,IT,3,112300
13540,Beckett Glenn,Male,32,Bachelors,Dallas,2012,HR,3,118500
13541,Avery Hutchinson,Male,41,Bachelors,San Diego,2018,Finance & Accounting,3,105100
13542,Alice Harrison,Female,36,Bachelors,Austin,2016,Sales,3,112000
13543,Zachary Moon,Male,31,Bachelors,"Washington, D.C.",2016,Sales,3,113200
13544,Kennedy Kline,Female,37,Bachelors,Seattle,2014,Customer Service,3,104700
13545,Bruno Walker,Others,33,Bachelors,Los Angeles,2014,Sales,3,99000
13546,Leo Anderson,Others,31,Masters,Houston,2018,Finance & Accounting,3,105400
13547,Enzo Brock,Male,35,Bachelors,Fort Worth,2017,IT,3,110400
13548,Troy Richards,Male,32,Bachelors,Dallas,2015,Marketing,1,53400
13549,Alex Hayes,Male,41,Masters,Jacksonville,2017,Finance & Accounting,3,106100
13550,Hannah Wood,Female,36,Masters,Charlotte,2017,HR,2,85500
13551,Tiana Greene,Others,35,Masters,Charlotte,2017,IT,3,109700
13552,Felix Watts,Male,35,Masters,Denver,2017,IT,3,111500
13553,Hakeem Leach,Others,33,Bachelors,San Jose,2015,Legal,3,100800
13554,Isaac Carson,Male,38,Bachelors,New York City,2014,HR,3,111300
13555,Louis Braun,Male,33,Bachelors,San Jose,2015,Operations,2,90600
13556,Arjun Robinson,Others,31,Masters,Dallas,2018,HR,3,114600
13557,Angel Berry,Female,31,PHD,San Antonio,2015,R&D,3,103800
13558,Mandy Woods,Female,37,Bachelors,Phoenix,2013,R&D,3,100600
13559,Mina Dunn,Female,32,Bachelors,Jacksonville,2014,Operations,3,107200
13560,Ellie Lambert,Female,33,Bachelors,Boston,2017,R&D,3,109900
13561,Bailey Neal,Male,37,Bachelors,Boston,2014,R&D,3,104700
13562,Taylor Beck,Male,32,Bachelors,Los Angeles,2012,HR,3,101800
13563,Kyle Shaw,Male,40,Bachelors,Columbus,2015,IT,3,113800
13564,Jordan Hull,Male,40,Bachelors,Los Angeles,2014,HR,1,59000
13565,Dorian King,Male,32,Masters,Houston,2013,Finance & Accounting,2,88800
13566,Kian Shaw,Others,39,Masters,Los Angeles,2017,Sales,2,87900
13567,Magnolia Pratt,Others,41,PHD,Dallas,2016,HR,3,99800
13568,Mark Olsen,Male,32,PHD,Fort Worth,2014,Customer Service,3,108700
13569,Warren Delaney,Male,38,Bachelors,Charlotte,2017,R&D,3,111500
13570,Claudia Mckay,Female,31,Masters,Jacksonville,2017,Marketing,2,76500
13571,Drew Vaughan,Male,38,Bachelors,Charlotte,2018,Sales,3,113100
13572,Sutton Lambert,Others,32,Bachelors,"Washington, D.C.",2016,Finance & Accounting,3,112500
13573,Elizabeth Conway,Female,35,Bachelors,Denver,2017,Customer Service,2,92800
13574,Vera Glover,Female,34,Bachelors,Houston,2013,Customer Service,3,116400
13575,Brandon Arnold,Male,38,Bachelors,Los Angeles,2018,Operations,3,100400
13576,Marley Rosario,Others,36,Bachelors,Jacksonville,2014,Operations,1,41000
13577,Mandy Connolly,Female,34,Bachelors,San Diego,2015,Procurement & Supply Chain,3,100400
13578,Juliana Butler,Female,39,Masters,Boston,2015,R&D,3,107200
13579,Avery Norton,Male,40,Masters,Jacksonville,2017,Customer Service,1,42800
13580,Greta Pruitt,Female,38,Bachelors,Jacksonville,2016,Operations,3,109800
13581,Jasmine Joseph,Female,35,Bachelors,Indianapolis,2015,Procurement & Supply Chain,3,116200
13582,Joanna Hays,Female,31,Bachelors,Charlotte,2014,Customer Service,2,77600
13583,Gerald Porter,Male,41,Bachelors,Columbus,2017,Legal,3,118800
13584,Gianna Richmond,Female,35,Bachelors,Columbus,2017,Sales,3,98900
13585,Grayson Drake,Male,33,Bachelors,San Diego,2018,R&D,3,110300
13586,Ivan Salas,Male,33,Bachelors,San Antonio,2017,R&D,2,94000
13587,Kamila Myers,Others,31,Bachelors,Dallas,2016,Operations,3,112000
13588,Anders Meeks,Male,35,Masters,San Jose,2013,Procurement & Supply Chain,3,117200
13589,Lilian Atwood,Others,37,Bachelors,Phoenix,2016,Procurement & Supply Chain,3,109400
13590,Elsa Walker,Female,31,Bachelors,Houston,2015,Marketing,3,118800
13591,Morgan Long,Female,35,Bachelors,San Jose,2012,IT,3,103400
13592,Neha Bond,Female,32,Bachelors,Austin,2014,HR,3,99000
13593,Ivan Harper,Male,32,Bachelors,Indianapolis,2015,R&D,3,110100
13594,Yvette Herring,Female,40,Bachelors,San Antonio,2017,Sales,3,117600
13595,Eli Perry,Male,34,Bachelors,New York City,2012,R&D,3,114500
13596,Grace Mercer,Female,37,Bachelors,San Diego,2014,Procurement & Supply Chain,3,102800
13597,Wade Tyler,Male,40,PHD,Houston,2015,Finance & Accounting,3,106600
13598,Daniela Mayer,Others,34,Masters,Denver,2017,Operations,2,76000
13599,Alex Pope,Male,32,Bachelors,Fort Worth,2015,Legal,2,91300
13600,Osiris Hughes,Others,33,Bachelors,Phoenix,2013,R&D,3,108100
13601,Jasmine Travis,Female,38,Bachelors,San Jose,2015,R&D,3,116000
13602,Eden Kline,Female,41,Masters,Indianapolis,2017,Marketing,2,70400
13603,Whitney Walton,Female,36,Masters,"Washington, D.C.",2017,Sales,1,40200
13604,Brianna James,Female,33,Bachelors,Charlotte,2016,Finance & Accounting,3,110500
13605,Shane Mcclain,Male,31,Bachelors,San Diego,2014,Customer Service,3,109600
13606,Mae Gay,Female,34,Bachelors,Philadelphia,2013,Customer Service,2,72500
13607,Joshua Bowen,Male,31,Bachelors,New York City,2017,IT,3,110100
13608,Jeremy Brooks,Male,36,Bachelors,Dallas,2016,Procurement & Supply Chain,2,91400
13609,Cameron Osborne,Male,38,Bachelors,Columbus,2013,R&D,3,101000
13610,Iris Hubbard,Others,39,Bachelors,Charlotte,2015,Finance & Accounting,2,75900
13611,Malik Wheeler,Male,31,Bachelors,Los Angeles,2014,Finance & Accounting,3,103400
13612,Drake Salazar,Male,40,Bachelors,Charlotte,2015,Legal,3,114300
13613,Julian Frank,Male,39,Bachelors,Dallas,2013,Procurement & Supply Chain,3,107300
13614,Alba Holt,Others,32,Bachelors,Charlotte,2015,IT,3,117700
13615,Gael Andrews,Others,34,Bachelors,San Jose,2014,Legal,3,102400
13616,Sophia Chen,Female,38,Masters,New York City,2015,Marketing,3,109700
13617,William Hill,Male,39,Bachelors,Fort Worth,2014,HR,1,59500
13618,Kiara Watkins,Female,39,Bachelors,Phoenix,2014,Marketing,3,117900
13619,Irene House,Others,33,Bachelors,Philadelphia,2016,Legal,3,99500
13620,Tyler Godfrey,Male,34,Bachelors,Dallas,2018,Finance & Accounting,2,81700
13621,Alexandra Mcguire,Female,38,Bachelors,Indianapolis,2017,Legal,3,109800
13622,Ariana Sweeney,Female,33,Masters,Seattle,2017,IT,2,73300
13623,Ophelia Randall,Female,41,Bachelors,"Washington, D.C.",2014,R&D,3,112900
13624,Hope Ramos,Female,39,Masters,San Antonio,2017,Procurement & Supply Chain,1,42300
13625,Jocelyn Townsend,Female,39,Masters,San Antonio,2013,Operations,3,112500
13626,Rhea Best,Others,41,Bachelors,Charlotte,2014,Operations,3,118100
13627,Elliott Porter,Male,40,Bachelors,Phoenix,2012,Customer Service,3,109500
13628,Dylan Potter,Male,36,Bachelors,Dallas,2014,IT,3,110300
13629,Nina Roach,Female,34,Bachelors,Denver,2015,Operations,3,119400
13630,Toby Chapman,Male,32,Bachelors,San Diego,2013,Legal,3,103900
13631,Malcolm England,Male,31,Bachelors,Boston,2015,Customer Service,3,110700
13632,Micah Wood,Male,36,Bachelors,Columbus,2012,Legal,3,99900
13633,Avery Meeks,Male,35,Masters,San Jose,2017,Legal,2,89500
13634,Steve Stevens,Others,32,Bachelors,Columbus,2017,Sales,3,107000
13635,Leah Padilla,Female,33,Bachelors,Charlotte,2017,Finance & Accounting,3,110100
13636,Xander Stevenson,Others,34,Bachelors,Columbus,2016,HR,3,113500
13637,Annie Compton,Female,39,Bachelors,"Washington, D.C.",2017,HR,3,111400
13638,Delia Jimenez,Female,38,Bachelors,Philadelphia,2018,Marketing,3,108100
13639,Tom Romero,Male,35,Bachelors,Los Angeles,2012,Finance & Accounting,2,82600
13640,Blair Bush,Male,40,Bachelors,Los Angeles,2015,Customer Service,2,77800
13641,Nolan Newton,Male,41,Bachelors,Denver,2017,HR,3,119300
13642,Karen Mcbride,Female,33,Bachelors,Indianapolis,2016,Sales,1,57000
13643,Alessia Mcdowell,Female,40,Masters,Denver,2017,Marketing,1,49900
13644,Penelope Ray,Female,33,Bachelors,Dallas,2018,R&D,3,112400
13645,Samantha Peck,Female,38,Bachelors,Jacksonville,2015,Procurement & Supply Chain,3,110500
13646,Gianna Mendoza,Female,32,Masters,San Jose,2017,Legal,2,95000
13647,Cole Sutton,Male,32,Bachelors,Columbus,2014,Customer Service,3,102000
13648,Diana Rivera,Female,32,Bachelors,San Diego,2015,Marketing,3,105200
13649,Xander Conway,Others,37,Bachelors,Chicago,2016,Marketing,2,95000
13650,Peter Leary,Male,40,Bachelors,Los Angeles,2015,HR,3,107800
13651,Katie Pennington,Female,38,Bachelors,Austin,2016,Operations,3,120000
13652,Griffin Russell,Male,33,PHD,"Washington, D.C.",2018,R&D,3,109600
13653,Craig Pennington,Male,40,Masters,"Washington, D.C.",2017,Procurement & Supply Chain,2,88300
13654,Elliot Hood,Male,35,Masters,Fort Worth,2017,Procurement & Supply Chain,2,83500
13655,Charlie Vines,Male,33,Bachelors,Austin,2016,Sales,3,108200
13656,Valentina Mccoy,Female,37,Bachelors,San Diego,2017,Legal,3,107700
13657,Nicole Robles,Female,38,Bachelors,Denver,2013,Legal,3,105400
13658,Kaden Holden,Male,32,Bachelors,Philadelphia,2018,R&D,3,105300
13659,Alicia Osborn,Female,40,Bachelors,Chicago,2017,Sales,3,110800
13660,Kiara Kennedy,Female,33,Bachelors,Phoenix,2015,Customer Service,3,102400
13661,Kevin Collins,Male,38,Bachelors,San Diego,2016,Procurement & Supply Chain,3,116000
13662,Molly Mason,Female,34,Bachelors,San Diego,2013,Operations,3,112000
13663,Erica Manning,Female,38,Bachelors,San Diego,2017,Legal,3,107800
13664,Charlie Marks,Male,31,Bachelors,Columbus,2018,Marketing,2,84200
13665,Aurora Hood,Female,32,Bachelors,Jacksonville,2014,Finance & Accounting,3,119000
13666,Mabel Donaldson,Female,35,Bachelors,Denver,2013,Customer Service,3,103400
13667,Aurora Wise,Female,35,Bachelors,Phoenix,2014,Legal,3,108600
13668,Brianna Fisher,Female,33,Bachelors,Denver,2012,Legal,3,100200
13669,Mila Conway,Female,41,Bachelors,Austin,2012,Operations,3,114700
13670,Annie Nicholson,Female,31,Bachelors,San Antonio,2015,Operations,1,45100
13671,Cruz Warren,Male,34,Bachelors,Indianapolis,2016,Legal,3,110000
13672,Kevin Logan,Male,40,Masters,Fort Worth,2017,Procurement & Supply Chain,2,70900
13673,Isabel Murphy,Female,32,Masters,Seattle,2016,R&D,3,110400
13674,Frances Baker,Female,36,Bachelors,Denver,2012,Operations,3,102200
13675,Mackenzie Craft,Female,40,Bachelors,Los Angeles,2014,Legal,2,94200
13676,Elena Petty,Female,31,Bachelors,Fort Worth,2012,Procurement & Supply Chain,3,106600
13677,Asher Brewer,Male,34,Bachelors,San Diego,2014,Finance & Accounting,1,55600
13678,Reid Cohen,Male,41,Masters,Jacksonville,2013,Operations,3,100000
13679,Drew Acosta,Male,32,Masters,Dallas,2017,Customer Service,2,75900
13680,Anika Russo,Female,41,Bachelors,Chicago,2016,IT,3,113900
13681,Megan Anderson,Female,33,Masters,Los Angeles,2014,Finance & Accounting,3,114600
13682,Margaret Koch,Female,33,Bachelors,San Jose,2013,Marketing,3,116600
13683,Serena Duncan,Female,39,Bachelors,Philadelphia,2013,Finance & Accounting,3,117900
13684,Lara Duke,Others,40,Masters,Fort Worth,2018,Sales,3,105600
13685,Kate Salinas,Others,34,Bachelors,Chicago,2017,Sales,3,112200
13686,Anne Emerson,Female,41,Bachelors,Jacksonville,2016,Finance & Accounting,3,111500
13687,Cassandra Turner,Female,37,Bachelors,Columbus,2015,R&D,3,112100
13688,Aaron Moss,Male,32,Masters,San Antonio,2017,Sales,3,99000
13689,Kara Underwood,Female,41,Bachelors,Austin,2017,Marketing,3,119900
13690,Kian Mckee,Others,34,Bachelors,Chicago,2018,Operations,3,100900
13691,Cruz Whitaker,Male,38,Masters,Indianapolis,2017,Sales,3,106600
13692,Lara Flores,Others,40,Bachelors,Fort Worth,2017,Procurement & Supply Chain,3,107800
13693,Jordan Davis,Male,35,Masters,Austin,2017,Legal,3,99900
13694,Selena Baxter,Female,31,Bachelors,San Jose,2015,Legal,3,100400
13695,Susan Hyde,Female,39,Bachelors,Jacksonville,2016,Marketing,3,103900
13696,Aditya Hodge,Others,39,Bachelors,San Jose,2018,Customer Service,3,108400
13697,Clover Wallace,Others,32,Bachelors,Denver,2018,Procurement & Supply Chain,3,118000
13698,Frankie Hubbard,Others,38,Bachelors,San Jose,2015,Operations,3,114900
13699,Dominic Preston,Male,35,Bachelors,Phoenix,2015,Procurement & Supply Chain,3,118000
13700,Heidi Farrell,Female,38,Bachelors,Los Angeles,2013,Marketing,1,68300
13701,Chloe Lucas,Female,32,Bachelors,Boston,2012,Finance & Accounting,3,119900
13702,Vivian Carlson,Female,37,Bachelors,"Washington, D.C.",2014,Sales,2,87400
13703,Amara Phillips,Female,35,Bachelors,San Antonio,2015,R&D,3,111500
13704,Hailey Sims,Female,41,Bachelors,Denver,2017,Sales,3,119500
13705,Lyla Colon,Others,36,Masters,"Washington, D.C.",2015,Procurement & Supply Chain,3,115100
13706,Dora Gilliam,Female,35,Bachelors,Houston,2017,Customer Service,3,119700
13707,Annabelle Crawford,Female,36,Masters,Austin,2017,Customer Service,2,90100
13708,Rajan Copeland,Others,34,Masters,Denver,2017,Operations,1,41100
13709,Benjamin Howell,Male,36,Bachelors,San Jose,2015,Operations,3,101600
13710,Raina Best,Female,33,Bachelors,Chicago,2017,Finance & Accounting,2,96300
13711,Naomi Hunter,Female,38,Masters,Columbus,2018,Sales,3,102600
13712,Ivan Roman,Male,35,PHD,"Washington, D.C.",2013,Sales,3,100700
13713,Heidi Bates,Female,37,Bachelors,Indianapolis,2015,Customer Service,2,92100
13714,Alaric Garrett,Others,31,Bachelors,Los Angeles,2017,Sales,3,110800
13715,Clover Ochoa,Others,40,Bachelors,Austin,2017,Customer Service,2,85400
13716,Yasmine Sweet,Female,32,Bachelors,Seattle,2015,Marketing,3,111100
13717,Osiris Chapman,Others,35,Bachelors,San Antonio,2015,Operations,3,104400
13718,Sofia Franco,Female,38,Bachelors,Charlotte,2012,Marketing,3,119200
13719,Mason Stanton,Male,36,Bachelors,Jacksonville,2015,R&D,2,75500
13720,Ember Mayo,Female,36,Masters,Columbus,2015,Marketing,3,111000
13721,Daniela Zamora,Others,32,Masters,Fort Worth,2014,Marketing,3,109800
13722,Morgan Rocha,Female,37,Bachelors,Charlotte,2018,Operations,2,92000
13723,Isla Carr,Female,35,Bachelors,San Antonio,2018,Procurement & Supply Chain,3,114600
13724,Katherine Pruitt,Female,36,Bachelors,Phoenix,2015,Customer Service,1,57000
13725,Veronica Witt,Female,34,Bachelors,New York City,2015,Finance & Accounting,2,78400
13726,Alfie Ramirez,Others,35,Masters,"Washington, D.C.",2017,Marketing,2,86200
13727,Zachary Hoover,Male,38,Masters,San Diego,2017,Legal,2,77100
13728,Shane Oneal,Male,39,Bachelors,Houston,2015,HR,2,96300
13729,Mallory Perez,Female,32,Bachelors,Boston,2012,HR,2,88200
13730,Jake Langley,Male,39,Bachelors,San Antonio,2015,Procurement & Supply Chain,3,105200
13731,Dean Franco,Male,39,Bachelors,Boston,2015,Finance & Accounting,3,102300
13732,Karen Daugherty,Female,37,Masters,Philadelphia,2017,HR,2,70900
13733,Jordan Baker,Male,32,Bachelors,Houston,2015,Operations,3,113200
13734,Adriana Valdez,Female,38,Bachelors,Austin,2017,Procurement & Supply Chain,2,95500
13735,Annabelle Solomon,Female,36,Bachelors,Charlotte,2012,Procurement & Supply Chain,2,77800
13736,Marie Henderson,Female,37,Masters,San Antonio,2016,Operations,1,62100
13737,Annabelle Mayo,Female,32,Bachelors,Indianapolis,2017,Legal,3,108900
13738,Lucy Harris,Female,37,Masters,Austin,2017,Finance & Accounting,3,109200
13739,Jackson Frost,Male,33,Bachelors,Philadelphia,2016,Finance & Accounting,3,119700
13740,Carson Mccarthy,Male,39,Bachelors,Boston,2016,HR,3,99100
13741,Mallory Gilliam,Female,35,Bachelors,Boston,2012,Marketing,3,117500
13742,Calvin Melton,Male,39,Masters,Houston,2015,R&D,3,98200
13743,William Gilbert,Male,34,Bachelors,Boston,2015,Procurement & Supply Chain,3,116900
13744,Daniel Snider,Male,33,Masters,Seattle,2017,Legal,2,85200
13745,India Myers,Others,33,Bachelors,Dallas,2012,R&D,3,104300
13746,Mariana Cohen,Female,31,Bachelors,San Diego,2015,Finance & Accounting,3,113800
13747,Douglas Frazier,Male,31,PHD,Jacksonville,2016,Operations,3,105800
13748,Iris Akers,Others,37,Bachelors,San Jose,2015,Sales,3,104000
13749,Lila Travis,Female,33,Bachelors,San Antonio,2012,Procurement & Supply Chain,3,101100
13750,Wesley Moyer,Male,31,Bachelors,New York City,2017,Marketing,3,104600
13751,Valentina Marks,Female,41,Bachelors,Dallas,2017,Marketing,3,117900
13752,Omar Wade,Male,39,Masters,Austin,2017,Legal,2,90500
13753,Hakeem Keller,Others,32,Masters,San Antonio,2013,Operations,3,110800
13754,Albert Hurley,Others,37,Bachelors,Dallas,2016,R&D,3,112400
13755,Beatrice Bright,Female,37,Bachelors,Phoenix,2014,Marketing,3,103700
13756,Cameron Forbes,Male,34,Bachelors,Indianapolis,2017,IT,2,83000
13757,Veronica Vaughn,Female,31,Bachelors,Philadelphia,2017,Operations,2,72900
13758,Mila Newman,Female,34,Bachelors,Jacksonville,2014,Marketing,2,87900
13759,Callum Oneal,Male,38,Bachelors,Philadelphia,2012,Finance & Accounting,3,111000
13760,Dalton Leach,Male,37,Bachelors,San Jose,2013,Procurement & Supply Chain,3,110100
13761,Darius Hall,Male,34,Bachelors,Columbus,2015,Operations,1,62200
13762,Yara Barnes,Female,33,Bachelors,Denver,2015,R&D,3,117900
13763,Jackie Caldwell,Others,37,Bachelors,Jacksonville,2016,IT,3,106000
13764,Malcolm Ray,Male,41,Bachelors,Columbus,2016,Customer Service,3,105300
13765,Oscar Clarke,Male,38,Bachelors,Dallas,2012,R&D,1,50600
13766,Conrad Trujillo,Male,40,Bachelors,Austin,2016,HR,3,111300
13767,Charlotte Fowler,Female,33,Bachelors,Chicago,2017,Marketing,3,109100
13768,Daniela Leach,Others,33,Bachelors,San Jose,2016,IT,3,110700
13769,Amaya Ingram,Female,37,Masters,Houston,2013,Customer Service,3,106200
13770,Kody Joseph,Male,36,Bachelors,New York City,2017,IT,2,86400
13771,Jenna Livingston,Female,36,Bachelors,Phoenix,2012,Sales,3,108000
13772,Imogen Jacobs,Others,41,Bachelors,Denver,2015,Marketing,3,102700
13773,Talia Robinson,Female,40,Masters,Seattle,2014,Legal,3,116100
13774,James Gibbs,Male,36,Bachelors,New York City,2016,R&D,3,99300
13775,Lorenzo Denton,Male,41,Masters,Dallas,2017,Finance & Accounting,2,94600
13776,Marley Frazier,Others,33,Bachelors,Austin,2015,HR,3,99100
13777,Jack Sparks,Male,37,Masters,San Jose,2017,Procurement & Supply Chain,2,96600
13778,Cameron Doyle,Male,33,Bachelors,New York City,2017,Marketing,2,75100
13779,Atlas Trevino,Others,40,Bachelors,Chicago,2014,Legal,3,104700
13780,Bennett Clements,Male,36,Masters,San Jose,2018,IT,3,98300
13781,Thomas Bond,Male,40,Bachelors,Dallas,2018,R&D,3,98300
13782,Katie Carver,Female,40,Masters,Austin,2018,Procurement & Supply Chain,3,110200
13783,Atlas Munoz,Others,34,Bachelors,Jacksonville,2014,IT,3,105300
13784,Frank Hampton,Male,39,Bachelors,Los Angeles,2012,IT,3,105900
13785,Genevieve Joseph,Female,33,Bachelors,Columbus,2017,Operations,2,80100
13786,Mark Walton,Male,37,Bachelors,Charlotte,2016,Sales,3,103100
13787,Renee Griffith,Female,40,Bachelors,Columbus,2012,Operations,3,118000
13788,Sadie Owens,Female,38,Bachelors,Denver,2018,Marketing,3,99100
13789,Caroline Yates,Female,40,Bachelors,Boston,2016,R&D,3,112400
13790,Marie Gonzales,Female,38,Bachelors,Houston,2014,Sales,3,117200
13791,Sofia Gregory,Female,34,Bachelors,Fort Worth,2016,Operations,3,105700
13792,Violet Miles,Female,37,Masters,Houston,2016,HR,3,98200
13793,Yvette Aguilar,Female,40,Bachelors,Charlotte,2015,Marketing,3,117700
13794,Phoebe Logan,Female,40,Bachelors,San Jose,2015,Operations,3,100000
13795,Laura Thompson,Female,37,Masters,Jacksonville,2016,Marketing,3,108300
13796,David Hopper,Male,37,Bachelors,"Washington, D.C.",2016,Marketing,2,87600
13797,Jack Fuller,Male,32,Bachelors,Boston,2013,Procurement & Supply Chain,3,106100
13798,Leona Long,Others,35,Masters,Los Angeles,2017,Legal,1,62800
13799,Rhea Drake,Others,38,Bachelors,Denver,2016,R&D,1,68000
13800,Bella Page,Female,34,Bachelors,Houston,2017,Legal,3,119700
13801,Summer Glover,Female,32,Bachelors,Charlotte,2014,Finance & Accounting,3,117600
13802,Kaia Hyde,Others,37,Bachelors,Los Angeles,2013,Marketing,3,106800
13803,Jayden Marlow,Male,37,Bachelors,Charlotte,2017,Procurement & Supply Chain,2,93700
13804,Enzo Richmond,Male,35,Bachelors,Philadelphia,2014,R&D,3,110000
13805,Clara Woodard,Female,40,Bachelors,Jacksonville,2016,Operations,3,113600
13806,Joshua Sargent,Male,40,Bachelors,Indianapolis,2012,Sales,3,118600
13807,Tom Hodges,Male,39,Bachelors,Seattle,2015,Legal,3,114400
13808,Bonnie Roman,Female,41,Masters,Columbus,2013,Finance & Accounting,3,115900
13809,Stella Benson,Female,34,Bachelors,Chicago,2015,HR,3,112700
13810,Imogen House,Others,34,Bachelors,Seattle,2012,Legal,3,116200
13811,Alexandra Cox,Female,36,Bachelors,San Diego,2013,Procurement & Supply Chain,2,90400
13812,Steve Beasley,Others,39,Masters,Denver,2016,Procurement & Supply Chain,3,103600
13813,Eva Dickinson,Female,41,Bachelors,Columbus,2014,HR,3,100500
13814,Paige Chandler,Female,40,Bachelors,Seattle,2015,HR,3,119500
13815,Tara Blake,Female,34,Bachelors,"Washington, D.C.",2017,Sales,3,116400
13816,Melissa Tyson,Female,31,Bachelors,Phoenix,2013,Marketing,3,98700
13817,Xenia Ford,Others,40,Bachelors,San Antonio,2012,IT,3,116700
13818,Mabel Leary,Female,32,Bachelors,San Antonio,2013,R&D,3,111200
13819,Alfie Bentley,Others,38,Bachelors,San Jose,2018,Procurement & Supply Chain,3,110500
13820,Owen Armstrong,Male,40,Bachelors,Seattle,2016,Marketing,3,112200
13821,Valentina Cherry,Female,41,PHD,San Antonio,2013,IT,3,110200
13822,Corinne Kim,Female,36,Bachelors,Chicago,2014,HR,3,117200
13823,Camila Santiago,Female,33,Bachelors,Jacksonville,2015,Marketing,2,96100
13824,Amaya Stuart,Female,37,Bachelors,Denver,2016,Marketing,3,105800
13825,Eden Houston,Female,38,Bachelors,Philadelphia,2015,Customer Service,3,104500
13826,Mae Koch,Female,32,Bachelors,New York City,2017,Customer Service,3,106000
13827,Dylan Trevino,Male,33,Bachelors,San Antonio,2017,HR,3,111700
13828,Delia Hopkins,Female,38,Bachelors,San Diego,2015,Marketing,3,111700
13829,Steve Frazier,Others,40,Bachelors,Phoenix,2015,Finance & Accounting,3,118400
13830,August Keith,Male,35,Bachelors,Dallas,2014,Operations,3,112200
13831,Joy Solomon,Female,37,Masters,New York City,2016,HR,3,111600
13832,Tania Carlson,Female,37,Bachelors,Indianapolis,2016,IT,3,118000
13833,Gwen Dudley,Female,36,Bachelors,Chicago,2015,HR,3,104400
13834,Stella Cook,Female,33,Bachelors,Austin,2017,Finance & Accounting,3,118400
13835,Amy Sutton,Female,36,Bachelors,San Jose,2014,Legal,2,87100
13836,Arya Morrow,Others,32,Bachelors,Houston,2016,Sales,3,101000
13837,Kingston Cole,Male,35,Bachelors,San Antonio,2017,Procurement & Supply Chain,3,105200
13838,Peter Mcmahon,Male,34,Bachelors,Philadelphia,2014,Procurement & Supply Chain,2,96800
13839,Jordan Sparks,Male,40,Masters,San Antonio,2017,IT,2,87500
13840,Christian Parker,Male,37,Bachelors,Austin,2016,R&D,3,107100
13841,Colton Reeves,Others,36,Bachelors,Denver,2015,Operations,1,43300
13842,Eliza Carr,Female,41,Bachelors,Seattle,2012,Operations,3,103500
13843,Patrick Acosta,Male,36,Bachelors,Charlotte,2016,Legal,3,104500
13844,Brielle Harrington,Female,31,Bachelors,Fort Worth,2017,R&D,3,112800
13845,Ramon Dennis,Male,31,Bachelors,Houston,2017,Customer Service,3,100400
13846,Tamara Noble,Female,33,Bachelors,Los Angeles,2014,Procurement & Supply Chain,3,105200
13847,Evan Hensley,Male,35,Bachelors,Philadelphia,2017,Marketing,3,108200
13848,Brooklyn Guthrie,Female,34,PHD,Philadelphia,2016,HR,3,105700
13849,Clover Mason,Others,39,Bachelors,Boston,2014,Customer Service,3,107100
13850,Kody Frazier,Male,31,Masters,Los Angeles,2015,Marketing,3,113500
13851,Leo Mccarthy,Others,32,Bachelors,Los Angeles,2015,Customer Service,3,99200
13852,Troy Schwartz,Male,33,Bachelors,Los Angeles,2017,R&D,3,107400
13853,Catherine Stuart,Female,34,Bachelors,San Diego,2014,Finance & Accounting,3,119600
13854,Nolan Austin,Male,39,Masters,Indianapolis,2014,Customer Service,3,102400
13855,Irene Randall,Others,41,Bachelors,Dallas,2017,Procurement & Supply Chain,2,94000
13856,Joshua Keith,Male,34,Bachelors,Phoenix,2017,HR,2,94000
13857,Brianna Ritchie,Female,36,Bachelors,Seattle,2013,Customer Service,3,106600
13858,Iris Raymond,Others,39,Bachelors,Columbus,2015,IT,2,80800
13859,Simone Charles,Female,37,Bachelors,Dallas,2012,Sales,3,113600
13860,Tiana Michael,Others,36,Bachelors,San Jose,2016,Finance & Accounting,3,103600
13861,Alisha Noble,Others,38,Bachelors,Fort Worth,2014,Legal,3,119600
13862,Austin Ochoa,Others,38,Bachelors,San Antonio,2017,Marketing,3,119700
13863,Serena Nash,Female,37,Masters,Dallas,2016,Sales,3,115800
13864,Darius Baldwin,Male,34,Bachelors,Philadelphia,2012,HR,3,98300
13865,Anders Mills,Male,31,Bachelors,Denver,2015,Marketing,3,113600
13866,Lauren Potter,Female,32,Bachelors,Boston,2015,Customer Service,2,75900
13867,Alba Jordan,Others,35,Masters,San Diego,2018,Operations,3,101100
13868,Malik Trujillo,Male,31,Bachelors,New York City,2017,Procurement & Supply Chain,3,107700
13869,Peter Flynn,Male,32,Bachelors,Fort Worth,2015,HR,1,40600
13870,Yasmin Skinner,Female,31,Bachelors,Seattle,2015,R&D,3,113300
13871,Nathaniel Berry,Male,37,Bachelors,Seattle,2018,Legal,3,109300
13872,Michael Willis,Male,40,PHD,Jacksonville,2018,HR,3,102100
13873,Alba Thompson,Others,41,Bachelors,Dallas,2015,Customer Service,1,56600
13874,Austin Mclaughlin,Others,34,Bachelors,Houston,2017,Operations,3,100400
13875,Yasmin Velez,Female,36,Bachelors,Seattle,2014,IT,3,101000
13876,Brandon Singleton,Male,35,Bachelors,Phoenix,2013,IT,3,113500
13877,Cora Melendez,Female,38,Masters,Charlotte,2017,Procurement & Supply Chain,3,117200
13878,Ayla Watson,Others,33,Bachelors,Indianapolis,2017,Customer Service,3,114300
13879,Amber Powell,Female,38,Bachelors,Chicago,2014,Finance & Accounting,3,118200
13880,Sean Emerson,Male,38,Bachelors,Jacksonville,2018,Operations,3,117400
13881,Aarav Garrison,Others,40,Bachelors,Indianapolis,2017,Sales,2,83400
13882,Valentina Massey,Female,39,Bachelors,Denver,2013,R&D,3,103700
13883,Dakota Trujillo,Female,33,Bachelors,Indianapolis,2014,IT,3,104200
13884,Noah French,Male,32,Bachelors,Chicago,2015,Operations,3,104400
13885,Preston Foster,Male,39,Bachelors,Austin,2013,Procurement & Supply Chain,3,99300
13886,Vivian Abrams,Female,38,Bachelors,Indianapolis,2015,Finance & Accounting,3,113100
13887,Kaia Stephenson,Others,38,Bachelors,Philadelphia,2013,Customer Service,3,117000
13888,Naomi Delaney,Female,35,Bachelors,Dallas,2017,Procurement & Supply Chain,3,112000
13889,Sean Carey,Male,31,Bachelors,New York City,2017,Procurement & Supply Chain,3,116000
13890,Joshua Ramirez,Male,41,Bachelors,Philadelphia,2017,Procurement & Supply Chain,3,112500
13891,Rose Moyer,Female,38,Bachelors,Charlotte,2013,Procurement & Supply Chain,3,116400
13892,Helena Duffy,Female,40,Bachelors,Austin,2016,Marketing,3,118900
13893,Renee Burke,Female,36,Bachelors,San Antonio,2018,HR,3,101000
13894,Cassian Warren,Male,36,PHD,Charlotte,2013,Finance & Accounting,3,99500
13895,Jaden Martin,Male,41,Bachelors,Los Angeles,2014,Operations,3,113400
13896,Luna Morrow,Female,35,Bachelors,Fort Worth,2014,R&D,3,103600
13897,Kamila Gibson,Others,38,Bachelors,Philadelphia,2017,Customer Service,3,101300
13898,Mariana Bowen,Female,41,Bachelors,"Washington, D.C.",2017,R&D,2,83000
13899,Jessica Lane,Female,34,Bachelors,"Washington, D.C.",2012,R&D,1,43800
13900,Osiris Reed,Others,39,Bachelors,Phoenix,2016,IT,3,117700
13901,Ellen Carpenter,Female,37,Bachelors,San Antonio,2014,Finance & Accounting,3,110500
13902,Anton Ford,Others,39,Bachelors,San Antonio,2015,Sales,2,96100
13903,Mia Kim,Female,31,Bachelors,San Diego,2013,R&D,3,113600
13904,Leila Tyson,Female,34,Masters,"Washington, D.C.",2012,Legal,3,110100
13905,Esme Stuart,Female,39,Bachelors,Philadelphia,2015,HR,3,103100
13906,Nova Manning,Female,38,Bachelors,"Washington, D.C.",2014,IT,2,95300
13907,Riley Perry,Male,34,Bachelors,Boston,2012,Operations,3,115400
13908,Wade Davenport,Male,31,Bachelors,Seattle,2016,Procurement & Supply Chain,3,113800
13909,Maeve Combs,Female,39,Bachelors,Columbus,2016,R&D,3,98400
13910,Rowan Taylor,Female,31,Bachelors,San Jose,2013,HR,3,103400
13911,Brooklyn Downs,Female,36,Bachelors,San Jose,2012,Procurement & Supply Chain,3,118200
13912,Caleb Rivera,Male,37,Bachelors,Phoenix,2017,Customer Service,3,114100
13913,Madison Garrison,Female,38,Bachelors,San Diego,2015,Marketing,1,63600
13914,August Allen,Male,41,PHD,Philadelphia,2017,Sales,3,101600
13915,Knox Casey,Others,32,Bachelors,San Antonio,2018,IT,3,101200
13916,Brielle Kemp,Female,35,Bachelors,Fort Worth,2018,Finance & Accounting,3,100700
13917,Carter Mayo,Male,35,Bachelors,San Jose,2017,Sales,3,115000
13918,Kelly Maxwell,Female,32,Bachelors,Boston,2013,IT,3,117500
13919,Anthony Johnson,Male,31,Bachelors,New York City,2015,Operations,3,116600
13920,Simon Trevino,Male,41,Bachelors,Columbus,2015,Procurement & Supply Chain,3,107100
13921,Maya Armstrong,Female,33,Bachelors,Philadelphia,2012,Legal,3,106700
13922,Zane Cabrera,Male,38,Bachelors,Chicago,2012,Marketing,2,81300
13923,Claudia Perkins,Female,39,Masters,Phoenix,2012,Finance & Accounting,3,100300
13924,Karter Banks,Male,36,Bachelors,Chicago,2015,Sales,1,63400
13925,Barbara Holloway,Female,31,Masters,Philadelphia,2017,Finance & Accounting,2,78000
13926,Tamara Marks,Female,39,Masters,Denver,2017,Legal,2,85600
13927,Jamie Scott,Male,41,Masters,Dallas,2017,R&D,3,111400
13928,Sofia Ford,Female,33,PHD,Indianapolis,2018,Operations,3,119400
13929,Ivan Armstrong,Male,38,Bachelors,"Washington, D.C.",2015,Legal,3,111300
13930,Scott Forbes,Male,31,Bachelors,Charlotte,2017,Legal,2,79600
13931,Rafael Keith,Male,34,Bachelors,Fort Worth,2014,R&D,3,109700
13932,Tara Park,Female,40,Bachelors,Jacksonville,2017,R&D,3,109600
13933,Isabella Phelps,Female,36,Bachelors,Houston,2012,Sales,3,116900
13934,Amira Bell,Female,36,Bachelors,Houston,2015,HR,3,108300
13935,Owen Blake,Male,41,Bachelors,San Jose,2017,HR,2,87600
13936,Josiah Small,Male,37,Bachelors,Houston,2017,HR,3,100400
13937,Elena Larson,Female,33,Bachelors,San Antonio,2017,R&D,3,110500
13938,Juliana Wolf,Female,41,Bachelors,Dallas,2017,IT,3,116500
13939,Brandon Snider,Male,37,Bachelors,Indianapolis,2017,Customer Service,3,106800
13940,Freya Day,Female,38,Bachelors,"Washington, D.C.",2017,Marketing,3,107800
13941,Caroline Talley,Female,34,Bachelors,Fort Worth,2015,Marketing,3,112800
13942,Avery Mckinney,Male,37,Bachelors,Philadelphia,2017,R&D,3,105000
13943,Hadley Frederick,Female,34,Bachelors,Fort Worth,2014,Sales,3,105100
13944,Drake Browning,Male,32,Bachelors,Fort Worth,2012,Operations,3,119500
13945,Ophelia Phelps,Female,35,Masters,Seattle,2012,Operations,3,102800
13946,Adaline Ballard,Female,36,Bachelors,San Diego,2013,Operations,3,105500
13947,Lucian Vega,Others,34,Bachelors,Indianapolis,2015,Marketing,3,104200
13948,Victor Torres,Male,37,Bachelors,Indianapolis,2014,IT,3,101900
13949,Giselle Spears,Female,40,Bachelors,Seattle,2016,Customer Service,3,109900
13950,Lana Robbins,Female,33,Bachelors,Philadelphia,2014,Procurement & Supply Chain,3,102200
13951,Colton Harrison,Others,39,Bachelors,San Diego,2016,Customer Service,3,104800
13952,Addison Becker,Others,40,Bachelors,Seattle,2012,HR,3,104500
13953,Farah Boyd,Others,34,Bachelors,Philadelphia,2013,Marketing,1,57100
13954,Kaia Wright,Others,40,Bachelors,Denver,2016,IT,3,115100
13955,Angel Shaw,Female,32,PHD,Indianapolis,2013,Marketing,3,104400
13956,Rosa Thornton,Others,33,Bachelors,New York City,2012,IT,3,98100
13957,Tyler Hawkins,Male,31,Bachelors,Chicago,2017,Finance & Accounting,1,58400
13958,Andre Johnston,Male,41,Masters,"Washington, D.C.",2016,Finance & Accounting,3,101000
13959,Andre Pena,Male,34,Bachelors,Jacksonville,2016,Sales,3,102300
13960,Jayden Woodard,Male,39,Bachelors,Charlotte,2016,Finance & Accounting,3,111800
13961,Coraline Livingston,Others,35,Bachelors,Boston,2014,Marketing,3,112100
13962,Cesar Graham,Others,38,Bachelors,Boston,2016,IT,3,110500
13963,Victoria Trujillo,Female,33,Bachelors,New York City,2016,Customer Service,3,113400
13964,Jillian Hansen,Female,33,Bachelors,Austin,2014,Finance & Accounting,3,103100
13965,Damian Bowman,Male,35,Bachelors,Philadelphia,2012,Sales,3,105100
13966,Jillian Vines,Female,40,PHD,San Antonio,2013,Finance & Accounting,3,98200
13967,Mia Sherman,Female,40,Bachelors,Phoenix,2012,Customer Service,3,118400
13968,Sam Watson,Male,39,Bachelors,Phoenix,2017,HR,3,106000
13969,Maria Lucas,Female,33,Bachelors,Seattle,2017,Procurement & Supply Chain,3,114000
13970,Piper Harrington,Female,32,Bachelors,San Diego,2014,IT,3,111700
13971,Beatrice Galloway,Female,40,Masters,Indianapolis,2014,Procurement & Supply Chain,3,102400
13972,Georgia Mills,Female,33,Bachelors,Seattle,2017,Finance & Accounting,2,78500
13973,Hazel Shaw,Female,31,Masters,San Antonio,2016,Operations,1,40600
13974,Sofia Rivers,Female,35,Bachelors,Charlotte,2013,Sales,3,107000
13975,Paul Sweeney,Male,39,Bachelors,Jacksonville,2014,Marketing,3,106400
13976,Whitney Rush,Female,39,Masters,Denver,2018,HR,3,110100
13977,Eliseo Lindsay,Others,38,Masters,New York City,2017,Legal,2,71800
13978,Harper Bush,Female,38,Bachelors,Indianapolis,2012,HR,3,110300
13979,Arya Zamora,Others,40,Masters,Houston,2017,R&D,2,76900
13980,Kai Matthews,Male,38,Bachelors,San Jose,2018,Finance & Accounting,3,115100
13981,Ramon Olsen,Male,34,Bachelors,Austin,2013,Procurement & Supply Chain,3,120000
13982,Gwen Vincent,Female,35,Bachelors,San Diego,2012,Sales,1,40000
13983,Jeremy Burch,Male,41,Masters,Jacksonville,2013,Marketing,1,64400
13984,Clara Potter,Female,37,PHD,Jacksonville,2014,Procurement & Supply Chain,2,77600
13985,Gage Wise,Male,34,Bachelors,Houston,2015,R&D,3,117900
13986,Christian Noble,Male,35,Bachelors,Jacksonville,2014,Procurement & Supply Chain,3,106600
13987,Calvin Hardy,Male,38,Bachelors,Philadelphia,2013,Operations,1,65700
13988,Virginia Dillard,Female,38,Bachelors,Chicago,2016,Sales,3,106900
13989,Faith Chase,Female,41,Bachelors,Philadelphia,2015,Customer Service,2,86500
13990,Salem Wells,Others,34,Bachelors,Los Angeles,2018,Finance & Accounting,3,104300
13991,Maeve Roy,Female,22,Bachelors,Austin,2017,Operations,2,92500
13992,Mandy Mueller,Female,26,Bachelors,Chicago,2018,IT,2,88200
13993,Edith Patrick,Female,22,Bachelors,Seattle,2012,Finance & Accounting,3,102100
13994,Jackie Hudson,Others,25,Bachelors,Philadelphia,2017,Customer Service,3,102800
13995,Amy Aguilar,Female,29,Bachelors,San Jose,2016,Customer Service,3,103200
13996,Francis Ford,Male,36,Bachelors,Indianapolis,2017,Marketing,3,102600
13997,Owen Rocha,Male,37,Bachelors,New York City,2014,Procurement & Supply Chain,3,118800
13998,Karl Oliver,Male,34,Bachelors,San Antonio,2013,Sales,2,71500
13999,Opal Madden,Female,34,Bachelors,Philadelphia,2012,Finance & Accounting,3,115900
14000,Amber Vaughan,Female,25,Bachelors,Seattle,2012,Customer Service,3,108600
14001,Laura Dean,Female,31,Bachelors,Columbus,2012,Procurement & Supply Chain,3,117600
14002,Drake Padilla,Male,36,Bachelors,Chicago,2015,Legal,3,119500
14003,Walker Baxter,Male,31,Bachelors,New York City,2016,Procurement & Supply Chain,3,110000
14004,Jackson Estes,Male,34,Bachelors,San Jose,2015,Operations,3,114200
14005,Kody Holden,Male,28,Masters,Jacksonville,2014,Operations,3,103300
14006,Clover Novak,Others,28,Bachelors,Denver,2014,Marketing,3,105000
14007,Kylie Thornton,Female,31,Bachelors,New York City,2015,Procurement & Supply Chain,3,118300
14008,Quentin Acosta,Male,35,Bachelors,San Diego,2017,IT,3,118400
14009,Joseph Humphrey,Male,28,Bachelors,New York City,2012,IT,1,40500
14010,Hugo Pratt,Male,32,Bachelors,Philadelphia,2018,Finance & Accounting,3,105600
14011,Gianna Garrison,Female,23,Bachelors,"Washington, D.C.",2013,Operations,3,107900
14012,Chris Carlson,Male,27,Masters,Chicago,2018,IT,3,117800
14013,Ava Carpenter,Female,25,Bachelors,Houston,2017,Legal,3,104800
14014,Sam Everett,Male,31,Masters,New York City,2017,R&D,2,91500
14015,Emily Turner,Female,34,PHD,San Diego,2018,Procurement & Supply Chain,3,119300
14016,Bruno Wyatt,Others,36,Bachelors,Los Angeles,2016,Marketing,3,104400
14017,Kobe Townsend,Male,40,PHD,Los Angeles,2017,HR,3,114400
14018,Peter Morales,Male,34,Masters,San Jose,2012,HR,3,104600
14019,Robin Robles,Male,37,Bachelors,Columbus,2018,IT,3,113200
14020,Clara Carr,Female,38,Bachelors,Boston,2012,HR,3,107600
14021,Derek Beasley,Male,22,Bachelors,San Diego,2017,Procurement & Supply Chain,2,72700
14022,Bailey Godfrey,Male,36,Bachelors,Phoenix,2016,Customer Service,2,89100
14023,Bella Donovan,Female,35,Bachelors,Fort Worth,2013,Customer Service,2,78200
14024,Francis Hardy,Male,22,Bachelors,Philadelphia,2012,Sales,3,103000
14025,Donna Moses,Female,22,Bachelors,Chicago,2016,R&D,3,106300
14026,Nadia Cross,Female,29,Bachelors,Jacksonville,2012,Operations,3,104000
14027,Athena Sexton,Female,34,Bachelors,Jacksonville,2017,Sales,3,100000
14028,Luna Reynolds,Female,23,Bachelors,Columbus,2017,Customer Service,2,71900
14029,Chris Tanner,Male,32,Bachelors,San Jose,2014,Marketing,2,83200
14030,Lucy Hammond,Female,26,Bachelors,Fort Worth,2012,IT,2,73000
14031,Shane Meyer,Male,38,Masters,Indianapolis,2017,Legal,3,105200
14032,Ansel Leary,Others,37,Bachelors,Seattle,2014,Legal,3,117700
14033,Amelia Moody,Female,25,Bachelors,Indianapolis,2017,Finance & Accounting,2,92700
14034,Annabelle Skinner,Female,36,Bachelors,Austin,2018,Marketing,2,78100
14035,Seth Dodson,Male,26,Bachelors,"Washington, D.C.",2016,IT,3,108800
14036,Nolan Page,Male,39,Bachelors,Chicago,2018,IT,2,97500
14037,Emery Bernard,Others,24,Bachelors,Phoenix,2016,Operations,3,109700
14038,Martin Kelly,Male,39,Masters,Denver,2018,Finance & Accounting,3,105600
14039,Shawn Knox,Male,39,Masters,Boston,2018,Marketing,3,113900
14040,Eli Vincent,Male,27,Bachelors,Seattle,2017,Legal,2,88600
14041,Wesley Fry,Male,36,Bachelors,San Jose,2013,Operations,3,109100
14042,Kunal Cooke,Others,24,Bachelors,Dallas,2012,Legal,3,103700
14043,Elijah Michael,Male,28,Bachelors,"Washington, D.C.",2017,R&D,3,103600
14044,Christian Fleming,Male,24,Bachelors,Dallas,2016,Operations,3,115700
14045,Keegan Mills,Others,27,Bachelors,Charlotte,2014,R&D,3,114700
14046,Jackson Stewart,Male,23,Bachelors,Boston,2017,Customer Service,3,102800
14047,Lyla Gibson,Others,30,Bachelors,San Jose,2013,Customer Service,3,107800
14048,Dorothy Frederick,Female,22,Bachelors,Phoenix,2014,Legal,3,104000
14049,Amber Gordon,Female,27,Bachelors,Dallas,2014,Customer Service,3,112500
14050,Lydia Bishop,Female,32,Masters,New York City,2017,Legal,3,107700
14051,Gideon Ahmed,Male,33,Masters,Seattle,2014,Customer Service,1,47200
14052,Dorothy Chapman,Female,26,Masters,San Diego,2017,Operations,3,101000
14053,Ibrahim Armstrong,Male,25,Bachelors,Austin,2013,Sales,3,104100
14054,Amber Harris,Female,23,Masters,Boston,2017,Procurement & Supply Chain,2,88000
14055,Paul Gross,Male,24,Bachelors,San Jose,2012,Sales,3,114700
14056,Sadie Herman,Female,33,Bachelors,Fort Worth,2014,Operations,3,102900
14057,Sylvia Hunt,Female,30,Masters,Austin,2018,R&D,3,100000
14058,Seth Newman,Male,27,Masters,Chicago,2017,Legal,2,75000
14059,Gael Best,Others,31,Bachelors,Denver,2012,Sales,2,90500
14060,Zachary Miles,Male,23,Masters,Phoenix,2018,Finance & Accounting,3,98400
14061,Austin Gonzalez,Others,30,Bachelors,San Diego,2015,Sales,3,111000
14062,Coraline Serrano,Others,32,Bachelors,New York City,2015,Finance & Accounting,2,78000
14063,Yosef Leary,Others,26,Bachelors,"Washington, D.C.",2013,Sales,3,106700
14064,Leona Gould,Others,35,Masters,Philadelphia,2017,Legal,2,91600
14065,Weston English,Male,30,Bachelors,Dallas,2016,R&D,1,41200
14066,Cecilia Pacheco,Female,37,Bachelors,Philadelphia,2012,R&D,3,101800
14067,Matilda Shields,Female,34,Bachelors,Jacksonville,2017,Finance & Accounting,1,42400
14068,Edward Spencer,Male,38,Bachelors,Boston,2012,IT,3,110700
14069,Clayton Moreno,Male,22,Masters,Chicago,2013,IT,2,79200
14070,Rajan Jacobs,Others,22,Bachelors,Philadelphia,2015,R&D,1,46000
14071,Beatrice Vargas,Female,33,Masters,Charlotte,2015,Legal,2,76900
14072,Henry Bright,Male,32,Bachelors,New York City,2015,Finance & Accounting,3,108000
14073,Jacob Little,Male,34,Masters,Jacksonville,2015,HR,2,77100
14074,Brady Mccarthy,Male,36,Bachelors,Columbus,2017,Customer Service,3,99000
14075,Madison England,Female,32,Bachelors,Houston,2015,Sales,3,119500
14076,Wesley Craig,Male,28,Bachelors,New York City,2017,Finance & Accounting,3,114200
14077,Micah Hammond,Male,26,Bachelors,Phoenix,2017,Marketing,2,81400
14078,Dylan Green,Male,35,Bachelors,Chicago,2013,IT,3,110800
14079,Lydia Moss,Female,33,Bachelors,Houston,2014,IT,3,104800
14080,Bridget Skinner,Female,22,Masters,"Washington, D.C.",2013,Finance & Accounting,3,110800
14081,Brooklyn Ludwig,Female,27,Bachelors,Jacksonville,2014,Sales,3,108300
14082,Stella Gillespie,Female,23,Masters,Austin,2018,Sales,3,106600
14083,Giselle Cochran,Female,34,Bachelors,San Jose,2013,Procurement & Supply Chain,3,109800
14084,Daria Tyson,Others,23,Masters,Columbus,2017,Customer Service,2,95000
14085,Virginia Hess,Female,36,Bachelors,Jacksonville,2012,Procurement & Supply Chain,3,104000
14086,Audrey Cole,Female,28,PHD,"Washington, D.C.",2018,Sales,3,100500
14087,Alexander Ruiz,Male,28,PHD,Denver,2013,HR,3,102000
14088,Kian Carroll,Others,33,Bachelors,Chicago,2016,Marketing,3,106000
14089,Jasmine Stone,Female,39,Bachelors,San Antonio,2013,Legal,3,103900
14090,Isabel Burnett,Female,25,Bachelors,Columbus,2015,Sales,3,119100
14091,Lilian Ryan,Others,32,Bachelors,Los Angeles,2014,Marketing,3,119000
14092,Carmen Tyson,Female,23,Bachelors,Indianapolis,2015,Customer Service,3,116700
14093,Daniel Hurley,Male,29,Masters,Houston,2018,R&D,3,104800
14094,Hugo Cantrell,Male,24,Bachelors,Boston,2013,Sales,2,92800
14095,Paige Stewart,Female,36,Bachelors,New York City,2012,IT,3,119900
14096,Tara Lynch,Female,40,Bachelors,Los Angeles,2018,Procurement & Supply Chain,3,113600
14097,Victoria Snider,Female,38,Bachelors,Phoenix,2012,Sales,3,104900
14098,Juliana Wilkerson,Female,22,Bachelors,New York City,2014,Finance & Accounting,3,118300
14099,Diego Stark,Male,24,Bachelors,Columbus,2018,Legal,3,115300
14100,Elias Coffey,Male,37,Bachelors,Austin,2012,IT,3,119000
14101,Lila Jennings,Female,40,Bachelors,Philadelphia,2018,HR,3,112100
14102,Hailey Acosta,Female,32,Bachelors,Denver,2018,R&D,3,111600
14103,Alanzo Chavez,Others,28,Bachelors,Austin,2012,Procurement & Supply Chain,3,117700
14104,Jamie Hardy,Male,29,Bachelors,Boston,2016,Operations,3,100300
14105,Calvin Blankenship,Male,25,Bachelors,Chicago,2013,Finance & Accounting,3,107100
14106,Harper Dennis,Female,35,PHD,Charlotte,2013,Finance & Accounting,3,100700
14107,Knox Langley,Others,28,Bachelors,Boston,2015,R&D,3,113100
14108,Kiara Hess,Female,39,Bachelors,Indianapolis,2012,IT,3,103700
14109,Beau Colon,Male,35,Bachelors,New York City,2012,HR,1,42600
14110,Malachi Charles,Male,37,Bachelors,Seattle,2017,HR,3,115100
14111,Griffin Wood,Male,40,Masters,Columbus,2018,HR,3,116700
14112,Reagan Stafford,Others,23,Bachelors,Chicago,2018,R&D,3,106400
14113,Flora Witt,Female,32,Bachelors,"Washington, D.C.",2013,Operations,3,114800
14114,Freya Coffey,Female,37,PHD,San Jose,2018,Operations,3,107800
14115,Walter Goodman,Male,23,Bachelors,Phoenix,2015,Procurement & Supply Chain,3,109800
14116,Clarence Warner,Others,26,Bachelors,Charlotte,2014,Marketing,3,104500
14117,Grant Sears,Male,36,Bachelors,Austin,2017,R&D,3,115200
14118,Hector Johns,Male,40,Bachelors,San Diego,2013,Finance & Accounting,3,105700
14119,Shannon Godfrey,Female,22,Bachelors,Houston,2015,Operations,3,99700
14120,Iris Jimenez,Others,30,Bachelors,Jacksonville,2015,Procurement & Supply Chain,3,106200
14121,Isla Wright,Female,30,Bachelors,New York City,2014,IT,3,116700
14122,Miriam Garrison,Female,34,Bachelors,New York City,2015,Operations,1,46500
14123,Miriam Garrett,Female,27,Bachelors,Dallas,2018,Legal,3,111700
14124,Susan Moore,Female,27,Bachelors,Fort Worth,2013,Finance & Accounting,1,50500
14125,Shawn Matthews,Male,27,Bachelors,"Washington, D.C.",2017,Marketing,2,72200
14126,Cara Bennett,Others,35,Bachelors,"Washington, D.C.",2015,Finance & Accounting,3,106500
14127,Riley Sims,Male,33,Bachelors,Chicago,2014,IT,3,105300
14128,Sarah Mahoney,Female,37,Bachelors,Chicago,2012,Legal,3,113800
14129,Bruno Moody,Others,40,Bachelors,Los Angeles,2014,IT,3,98100
14130,Maeve Phelps,Female,25,Bachelors,San Jose,2015,R&D,2,91000
14131,Rachel Patel,Female,34,Bachelors,San Diego,2017,Sales,2,84400
14132,Sutton Joseph,Others,40,Bachelors,Fort Worth,2017,Operations,3,111700
14133,Lilian Rogers,Others,34,Masters,Houston,2018,Sales,3,101600
14134,Alba Shelton,Others,33,Bachelors,Boston,2013,R&D,3,116800
14135,Shane Lucero,Male,22,Bachelors,Fort Worth,2016,Marketing,3,105600
14136,Cassian Baldwin,Male,36,Bachelors,San Jose,2015,IT,2,95900
14137,Arjun Boyd,Others,38,Bachelors,San Jose,2012,Operations,3,109000
14138,Maya Mcgrath,Female,25,Bachelors,Indianapolis,2013,IT,3,108300
14139,Diana Conway,Female,37,Bachelors,Philadelphia,2017,IT,3,102200
14140,Aleena Shepard,Female,25,Bachelors,Jacksonville,2016,Customer Service,3,120000
14141,Kendall Carlson,Male,40,Bachelors,Columbus,2015,HR,2,87700
14142,Tom Rosario,Male,26,Bachelors,Jacksonville,2013,Procurement & Supply Chain,3,111900
14143,Irene Guy,Others,23,Masters,Los Angeles,2015,Legal,1,41700
14144,Reagan Vargas,Others,22,Bachelors,Houston,2014,Operations,3,114000
14145,Rosa Wise,Others,34,Masters,Charlotte,2017,Procurement & Supply Chain,2,70500
14146,Eliza Jennings,Female,35,Masters,Columbus,2017,Procurement & Supply Chain,3,108100
14147,Bruno Skinner,Others,23,Bachelors,Dallas,2014,Customer Service,3,101700
14148,Sofia Riley,Female,29,Bachelors,Philadelphia,2015,Customer Service,3,118500
14149,Lena Hays,Female,32,Bachelors,"Washington, D.C.",2015,HR,3,106600
14150,Karina Green,Female,26,Bachelors,Austin,2015,Customer Service,3,99700
14151,Emmanuel Davies,Male,28,Bachelors,Fort Worth,2014,Finance & Accounting,3,104300
14152,Brooke Hurst,Female,24,Masters,Columbus,2015,IT,2,85700
14153,Celeste Cabrera,Female,33,Bachelors,New York City,2017,Customer Service,3,114500
14154,Phoebe Hoffman,Female,22,PHD,Phoenix,2016,R&D,3,113300
14155,Malachi Higgins,Male,39,Masters,Dallas,2015,HR,2,97800
14156,Javier Hubbard,Male,30,Masters,Houston,2018,Sales,3,116200
14157,Natalia Rocha,Female,38,Bachelors,Denver,2014,Sales,3,112300
14158,Mary Flores,Female,36,Bachelors,Boston,2012,Legal,3,117200
14159,Gage Maynard,Male,38,Bachelors,Boston,2012,Procurement & Supply Chain,2,79100
14160,Alison Kane,Female,24,Bachelors,"Washington, D.C.",2013,Operations,3,100200
14161,Cruz Cox,Male,28,Bachelors,Houston,2016,Finance & Accounting,3,105700
14162,Keira Ryan,Female,35,Bachelors,Charlotte,2015,Sales,3,118800
14163,Kevin Gates,Male,23,Bachelors,Fort Worth,2013,Operations,3,100600
14164,Amelie Hall,Others,23,Masters,Indianapolis,2017,Finance & Accounting,2,74900
14165,Nicholas Rios,Male,37,Bachelors,Boston,2013,Marketing,3,108600
14166,Caroline Booth,Female,24,Masters,Charlotte,2016,Legal,3,112700
14167,Ansel Knox,Others,33,Bachelors,Houston,2014,Finance & Accounting,3,99200
14168,Shane Salas,Male,38,Bachelors,Jacksonville,2015,Operations,3,105900
14169,Isaac Hale,Male,40,Bachelors,Chicago,2015,Marketing,3,115400
14170,Jasper Chandler,Male,34,Bachelors,Columbus,2014,Customer Service,3,106400
14171,Imogen Kirk,Others,26,Masters,San Jose,2017,HR,2,74400
14172,Ansel Avery,Others,25,Bachelors,San Diego,2016,HR,3,103600
14173,Jack Gonzalez,Male,24,Bachelors,Dallas,2016,Marketing,3,104800
14174,Reid Burton,Male,35,Bachelors,Phoenix,2018,Sales,3,109700
14175,Flora Mann,Female,27,PHD,Denver,2013,Finance & Accounting,3,119500
14176,Walter Morrow,Male,30,Masters,Houston,2013,HR,3,105000
14177,Bailey Vega,Male,26,Bachelors,San Diego,2015,Marketing,3,106100
14178,Christian Wise,Male,40,Bachelors,San Diego,2017,Operations,3,118900
14179,Jake Gomez,Male,27,Masters,Dallas,2017,Finance & Accounting,2,71300
14180,Reagan Nolan,Others,38,Bachelors,Austin,2016,Procurement & Supply Chain,3,116200
14181,Salem Ahmed,Others,34,Bachelors,San Antonio,2014,Customer Service,3,100600
14182,Davina Rosales,Female,24,Masters,San Antonio,2017,HR,2,81500
14183,George Anderson,Male,38,Bachelors,Austin,2016,Procurement & Supply Chain,3,104100
14184,Adam Lang,Male,37,Bachelors,Phoenix,2014,Customer Service,1,69200
14185,Tania Norris,Female,22,Bachelors,New York City,2015,R&D,3,116900
14186,Cecilia Washington,Female,29,Bachelors,Jacksonville,2014,IT,3,104300
14187,Molly Tyson,Female,37,Bachelors,Houston,2014,Operations,1,45800
14188,Faith Donovan,Female,23,Bachelors,Chicago,2016,Marketing,3,112700
14189,August Mckenzie,Male,34,Bachelors,San Jose,2012,Customer Service,3,103000
14190,Emery Massey,Others,28,Bachelors,New York City,2017,Procurement & Supply Chain,3,102200
14191,Camille James,Female,24,Bachelors,Jacksonville,2012,Marketing,3,113500
14192,Lily Rosales,Female,35,Masters,Seattle,2017,Operations,2,89800
14193,Ibrahim Hunter,Male,30,Bachelors,Boston,2015,Operations,3,104900
14194,Violet Stark,Female,33,Bachelors,Seattle,2018,Sales,3,116000
14195,Stella Simmons,Female,27,Bachelors,San Jose,2015,Procurement & Supply Chain,3,105900
14196,Karl Cannon,Male,32,Bachelors,Seattle,2016,Legal,3,104900
14197,Winnie Jones,Female,36,Bachelors,San Antonio,2014,Legal,3,99300
14198,Elora Stevenson,Others,26,Bachelors,Philadelphia,2012,Finance & Accounting,3,106400
14199,Dora Guerrero,Female,35,Bachelors,Los Angeles,2012,IT,1,51900
14200,Eliza Carson,Female,25,PHD,Houston,2012,Sales,3,107700
14201,Tom Francis,Male,29,Masters,"Washington, D.C.",2013,Legal,2,78600
14202,Melody Morris,Female,36,Bachelors,San Diego,2012,HR,3,111000
14203,Sasha Cottrell,Female,30,Bachelors,San Antonio,2013,Customer Service,3,104900
14204,Martin Decker,Male,37,Bachelors,Denver,2017,HR,2,72000
14205,Drake Dickinson,Male,40,Bachelors,Boston,2016,IT,3,104100
14206,Thomas Norton,Male,24,Bachelors,Indianapolis,2012,Legal,3,107200
14207,Victoria Quinn,Female,32,Bachelors,Los Angeles,2012,Legal,3,102900
14208,Amber Riggs,Female,34,Bachelors,Boston,2018,Sales,3,114800
14209,Donna Foster,Female,29,Bachelors,Seattle,2014,HR,3,112300
14210,Tom Dorsey,Male,23,Bachelors,Boston,2012,Finance & Accounting,3,108900
14211,Gia Love,Female,23,Bachelors,Seattle,2017,HR,3,117700
14212,Elliot Kim,Male,25,Bachelors,Boston,2013,Sales,3,113900
14213,Valentina Puckett,Female,31,Bachelors,Charlotte,2012,HR,1,54800
14214,Helena Leach,Female,23,Masters,San Antonio,2017,Marketing,2,70500
14215,Faith Bright,Female,27,Bachelors,New York City,2014,Legal,3,100600
14216,Nina Houston,Female,39,PHD,New York City,2015,HR,2,73500
14217,Remy Simon,Male,33,Bachelors,Boston,2016,Customer Service,3,110400
14218,Mia Moreno,Female,23,Bachelors,Dallas,2013,Customer Service,3,104100
14219,Juliana Pena,Female,34,Masters,Fort Worth,2017,Finance & Accounting,2,89200
14220,Blake Young,Male,37,Bachelors,Austin,2015,Procurement & Supply Chain,2,77600
14221,Gianna Schneider,Female,23,Bachelors,Fort Worth,2012,Finance & Accounting,3,111600
14222,Spencer Johnson,Male,27,Bachelors,Houston,2017,Operations,3,114200
14223,Grace Day,Female,38,Masters,Los Angeles,2017,Procurement & Supply Chain,2,90900
14224,Mariana Reid,Female,27,Bachelors,Los Angeles,2014,IT,3,115200
14225,Chris Mann,Male,22,Bachelors,"Washington, D.C.",2016,HR,3,114700
14226,Aleena Mathis,Female,26,Masters,Fort Worth,2015,IT,2,83100
14227,Preston Hanna,Male,40,Bachelors,Philadelphia,2012,HR,3,118800
14228,Flynn Hunt,Others,33,Bachelors,San Diego,2016,Marketing,3,107800
14229,Davina Wilcox,Female,31,Bachelors,Seattle,2014,Legal,3,106000
14230,Cecilia Fowler,Female,33,Bachelors,Charlotte,2017,R&D,3,112600
14231,Russell Jacobs,Male,30,Bachelors,Phoenix,2015,Legal,3,100100
14232,Stella Lynch,Female,33,Bachelors,Austin,2015,Marketing,3,104800
14233,Sophia Henry,Female,33,Masters,Indianapolis,2017,Customer Service,3,109200
14234,Orion Mcmahon,Others,22,Bachelors,San Jose,2016,Legal,3,102900
14235,Flora Russell,Female,28,Bachelors,Chicago,2012,R&D,3,105600
14236,Jacob Strong,Male,36,Bachelors,Seattle,2013,R&D,3,99900
14237,Martin Callahan,Male,36,Bachelors,"Washington, D.C.",2017,Procurement & Supply Chain,2,71800
14238,Amelia Davenport,Female,31,Bachelors,Houston,2014,Customer Service,3,100000
14239,Gemma Corbett,Female,25,Bachelors,Los Angeles,2013,Procurement & Supply Chain,2,83700
14240,Toby Roach,Male,31,Bachelors,Los Angeles,2012,R&D,1,53000
14241,Jake Zamora,Male,39,Masters,Phoenix,2015,Operations,2,75700
14242,Bruno Velez,Others,26,Masters,San Jose,2015,Marketing,3,106900
14243,Mary Irwin,Female,25,Bachelors,Los Angeles,2017,IT,2,70300
14244,Giselle Dudley,Female,26,Bachelors,Los Angeles,2013,Sales,3,108700
14245,Paige Copeland,Female,35,Bachelors,San Jose,2013,Procurement & Supply Chain,3,114400
14246,Gia Horn,Female,28,Bachelors,San Jose,2013,Procurement & Supply Chain,2,87300
14247,Warren Morales,Male,32,Bachelors,San Antonio,2012,Marketing,3,118900
14248,Bridget Jackson,Female,22,Masters,Philadelphia,2017,Operations,2,87100
14249,Bradley Thornton,Male,36,Bachelors,San Jose,2014,Marketing,3,105100
14250,Paul Ford,Male,38,Bachelors,Charlotte,2015,HR,3,118600
14251,Jasper Greene,Male,39,Bachelors,San Diego,2014,Finance & Accounting,3,115900
14252,Andrew Salinas,Male,25,Masters,Los Angeles,2017,HR,2,89300
14253,Savannah Green,Female,27,Bachelors,Columbus,2016,Customer Service,3,109800
14254,Atlas Atkinson,Others,38,Masters,Columbus,2014,IT,3,98500
14255,Kamila Ross,Others,22,Bachelors,Austin,2012,Sales,3,107500
14256,Omar Merritt,Male,33,Bachelors,Dallas,2013,Operations,3,104900
14257,Roxanne Sterling,Others,24,Bachelors,Philadelphia,2013,Marketing,3,111200
14258,James Clark,Male,37,Bachelors,Phoenix,2014,Operations,3,101700
14259,Jade Petty,Female,28,Bachelors,Jacksonville,2018,Customer Service,3,104900
14260,Amira Bradley,Female,32,Masters,Phoenix,2017,Customer Service,3,100000
14261,Carson Spears,Male,33,PHD,New York City,2016,Legal,3,103100
14262,Arya Peck,Others,32,Bachelors,Denver,2014,Sales,3,107600
14263,Noelle Bowman,Female,24,Bachelors,Austin,2017,R&D,3,111200
14264,Gerald Gonzales,Male,27,Bachelors,Phoenix,2016,HR,3,108800
14265,Anders Cross,Male,35,Bachelors,"Washington, D.C.",2012,Legal,2,81900
14266,Mia Beasley,Female,40,PHD,Indianapolis,2013,Marketing,3,113400
14267,Andre Gray,Male,34,Bachelors,Seattle,2017,Marketing,2,73900
14268,Wade Moyer,Male,39,Bachelors,Los Angeles,2016,Procurement & Supply Chain,3,104300
14269,Daphne Sears,Female,26,Bachelors,Phoenix,2014,R&D,3,116300
14270,Ana Archer,Female,29,Masters,Houston,2015,HR,2,79300
14271,Mary Woods,Female,29,Bachelors,Phoenix,2013,R&D,3,107900
14272,Kody Baker,Male,23,Bachelors,Houston,2015,R&D,2,97000
14273,Amara Downs,Female,32,Bachelors,Dallas,2015,Marketing,3,115700
14274,Lara Shields,Others,28,Bachelors,Phoenix,2014,Marketing,3,112600
14275,Juliana Hopper,Female,32,Masters,Phoenix,2013,Marketing,2,72800
14276,Beau Joyner,Male,32,Bachelors,Los Angeles,2012,Operations,3,107800
14277,Hector Whitney,Male,38,Bachelors,Philadelphia,2013,HR,3,111900
14278,Desiree Mayer,Female,30,PHD,Los Angeles,2017,Legal,3,103600
14279,Jackie Dixon,Others,31,PHD,Columbus,2015,HR,3,119900
14280,Holly Harris,Others,25,Bachelors,Boston,2012,Operations,3,111900
14281,Kaden Ramirez,Male,37,Bachelors,Houston,2013,HR,3,117500
14282,Leonard Gray,Male,27,Masters,Los Angeles,2017,Procurement & Supply Chain,2,85900
14283,Hector Howard,Male,25,Bachelors,Dallas,2013,HR,3,112800
14284,Kate Morse,Others,22,Bachelors,New York City,2015,HR,2,74500
14285,Mackenzie Davies,Female,38,Bachelors,San Antonio,2018,Finance & Accounting,3,104900
14286,Karter Hebert,Male,22,Bachelors,Columbus,2015,HR,3,106200
14287,Micah Novak,Male,38,Bachelors,Houston,2017,Finance & Accounting,3,114800
14288,Marlon Terrell,Male,38,PHD,Jacksonville,2015,Legal,1,45800
14289,Hallie Harvey,Female,26,Bachelors,Seattle,2016,Procurement & Supply Chain,2,88300
14290,Mariana Franklin,Female,31,Masters,Los Angeles,2017,IT,2,92500
14291,Ansel Michael,Others,28,Masters,Houston,2014,Marketing,3,101200
14292,Kai Austin,Male,34,PHD,Phoenix,2017,Marketing,3,102600
14293,Anton Morris,Others,31,Masters,"Washington, D.C.",2013,R&D,3,105400
14294,Emma Ortiz,Female,26,Bachelors,Austin,2014,R&D,3,118700
14295,Scarlett Mccall,Female,40,Bachelors,Phoenix,2013,Marketing,3,107400
14296,Milo Trujillo,Male,31,Bachelors,Columbus,2016,Operations,3,111000
14297,Elsa Dixon,Female,26,Bachelors,San Diego,2013,Procurement & Supply Chain,3,119000
14298,Beau Payne,Male,32,Bachelors,Seattle,2018,Procurement & Supply Chain,3,117800
14299,Eva Lee,Female,33,Bachelors,Jacksonville,2012,Marketing,3,111400
14300,Martin Owen,Male,25,Bachelors,San Antonio,2017,Procurement & Supply Chain,3,107700
14301,Naomi Wood,Female,40,Bachelors,Chicago,2017,IT,3,104900
14302,Daisy Roberts,Female,31,Masters,Indianapolis,2013,Finance & Accounting,3,104500
14303,Conrad Evans,Male,36,Bachelors,San Jose,2015,IT,3,113700
14304,Jocelyn Blackburn,Female,31,Bachelors,Fort Worth,2014,Sales,3,100700
14305,Alicia Hale,Female,22,Bachelors,Chicago,2015,Operations,3,99000
14306,Heidi Hardy,Female,34,Bachelors,New York City,2016,HR,3,101100
14307,Maddie Sutton,Others,38,PHD,Phoenix,2018,Finance & Accounting,3,104400
14308,Barbara Bowman,Female,23,Bachelors,Los Angeles,2015,Operations,3,117400
14309,Alex Montgomery,Male,27,PHD,Seattle,2017,Legal,3,116200
14310,Lilian Hall,Others,34,Bachelors,Phoenix,2016,Sales,3,108100
14311,Anne Compton,Female,39,Bachelors,San Diego,2012,HR,3,110800
14312,Jillian Reilly,Female,24,Bachelors,San Diego,2018,Marketing,3,108500
14313,Calvin Roy,Male,37,Bachelors,Chicago,2015,HR,3,111400
14314,Annabelle Morales,Female,23,PHD,Columbus,2013,Procurement & Supply Chain,3,104900
14315,Kate Clark,Others,36,Bachelors,Jacksonville,2018,HR,3,108200
14316,Yvette White,Female,23,Bachelors,Jacksonville,2014,Legal,3,113000
14317,Karl Singleton,Male,31,Bachelors,Dallas,2012,IT,3,102700
14318,Jocelyn Munoz,Female,22,Bachelors,Columbus,2015,R&D,3,100900
14319,Sebastian Freeman,Male,24,Bachelors,Charlotte,2015,HR,2,79000
14320,Roman Edwards,Male,28,Bachelors,Indianapolis,2018,Marketing,2,70100
14321,Lena May,Female,33,Bachelors,Philadelphia,2014,IT,3,99400
14322,Anika Hudson,Female,35,Bachelors,Philadelphia,2018,HR,3,98600
14323,Christian Connolly,Male,30,Bachelors,Boston,2012,Sales,3,101700
14324,Elsa Vaughn,Female,28,Bachelors,Philadelphia,2014,R&D,3,100900
14325,Cecilia Hardy,Female,22,Bachelors,Philadelphia,2015,Operations,3,116000
14326,Megan Cabrera,Female,38,Bachelors,Indianapolis,2014,R&D,3,101400
14327,Anaya Cameron,Others,39,Bachelors,Houston,2014,IT,3,110600
14328,Isaac Tucker,Male,38,PHD,Austin,2012,R&D,1,48500
14329,Karter Clark,Male,22,Bachelors,Houston,2014,Legal,3,100900
14330,Rebecca Greene,Female,36,Bachelors,Columbus,2014,HR,3,107300
14331,Vanessa Lester,Female,27,Bachelors,Fort Worth,2015,Sales,3,102000
14332,Ida Snyder,Others,32,Bachelors,Indianapolis,2016,HR,1,65700
14333,Alisha Ward,Others,39,Bachelors,Houston,2017,IT,2,81500
14334,Ella Crawford,Female,36,Bachelors,Jacksonville,2015,HR,2,70600
14335,Aditya Mathis,Others,34,Bachelors,Los Angeles,2018,Procurement & Supply Chain,3,111600
14336,Dean Wallace,Male,28,Bachelors,Columbus,2015,Operations,3,102000
14337,Bennett Robertson,Male,36,Bachelors,San Diego,2018,IT,3,114500
14338,Gabriel Miranda,Male,22,PHD,Seattle,2015,Legal,3,100500
14339,Corey Travis,Male,28,Bachelors,Dallas,2014,Sales,1,41500
14340,Karter Wilkinson,Male,27,Bachelors,Indianapolis,2016,IT,2,70200
14341,Norah Jones,Female,39,Bachelors,Indianapolis,2014,Customer Service,1,53600
14342,Brandon Wells,Male,31,Bachelors,"Washington, D.C.",2012,Operations,3,104700
14343,Matthew Branch,Male,26,Bachelors,Jacksonville,2013,Customer Service,3,109600
14344,Preston Carr,Male,31,Bachelors,Seattle,2012,Finance & Accounting,3,98600
14345,Francis Lester,Male,33,Bachelors,Austin,2015,Sales,2,78900
14346,Ariana Petty,Female,38,Bachelors,Chicago,2017,IT,2,74000
14347,Connor Caldwell,Male,38,Bachelors,San Jose,2014,R&D,3,104100
14348,Addison Mcgee,Others,32,Bachelors,Jacksonville,2012,IT,3,102500
14349,Coraline Carr,Others,26,Bachelors,Dallas,2014,Marketing,3,119400
14350,Clayton Lang,Male,33,Masters,New York City,2017,R&D,2,78000
14351,Brielle Perry,Female,34,Bachelors,San Diego,2015,HR,3,99700
14352,Cassian Curtis,Male,36,Bachelors,Denver,2018,Sales,3,108100
14353,Valentina Kelly,Female,27,Bachelors,Seattle,2014,Legal,3,118300
14354,Sadie Frederick,Female,27,Masters,Philadelphia,2017,Procurement & Supply Chain,2,75200
14355,Walker Lawson,Male,40,Bachelors,Philadelphia,2017,R&D,2,84600
14356,Angel Nicholson,Female,31,Masters,Houston,2012,R&D,3,107400
14357,Eden Cortez,Female,22,Bachelors,San Antonio,2014,Finance & Accounting,3,117600
14358,Ellen Gillespie,Female,22,Masters,Charlotte,2017,Customer Service,2,91100
14359,Emilia Francis,Female,26,Bachelors,San Antonio,2016,Operations,3,115900
14360,Andrew Wright,Male,28,Bachelors,Indianapolis,2017,R&D,3,103800
14361,Davina Mcgrath,Female,38,Bachelors,Denver,2014,Procurement & Supply Chain,3,115800
14362,Reagan Stanley,Others,31,Masters,Seattle,2015,Customer Service,3,119700
14363,Felix Small,Male,24,Bachelors,Houston,2016,Operations,3,98200
14364,Karter Charles,Male,25,Bachelors,Seattle,2015,IT,2,86800
14365,Brynn Kramer,Female,26,PHD,Dallas,2013,IT,3,119000
14366,Dakota Hughes,Female,40,Bachelors,Jacksonville,2017,Sales,3,111700
14367,Steve Ward,Others,34,Bachelors,Houston,2018,Finance & Accounting,2,83200
14368,Celeste Smith,Female,32,Bachelors,"Washington, D.C.",2016,Sales,3,119000
14369,Axel English,Male,37,Bachelors,Seattle,2014,Sales,3,112900
14370,Miriam Scott,Female,33,Bachelors,Fort Worth,2015,Finance & Accounting,3,101800
14371,Mia Dickerson,Female,27,Bachelors,New York City,2016,Operations,3,109300
14372,Holly Roach,Others,36,Bachelors,Indianapolis,2012,Sales,3,107500
14373,Annie Howard,Female,30,Bachelors,San Antonio,2013,Marketing,3,99800
14374,Kelsey Hyde,Female,26,Masters,Jacksonville,2017,Operations,2,94700
14375,Alexis Massey,Female,23,Bachelors,San Diego,2012,Procurement & Supply Chain,3,113600
14376,Maya Burnett,Female,31,Masters,Columbus,2015,Sales,2,87400
14377,Vera Richardson,Female,22,Bachelors,Seattle,2013,Marketing,3,111300
14378,Mina Tanner,Female,24,Masters,San Diego,2017,Sales,2,91200
14379,Mara Andrews,Others,37,Bachelors,San Jose,2016,HR,3,104600
14380,Cesar Good,Others,35,Masters,Denver,2018,Marketing,3,108900
14381,Katherine Newman,Female,22,Bachelors,Boston,2013,Operations,3,110600
14382,Cara Gordon,Others,35,Bachelors,Boston,2012,Legal,3,99600
14383,Harrison Fowler,Male,30,Bachelors,Denver,2014,Legal,3,108200
14384,Nicholas Wilkinson,Male,30,Bachelors,Fort Worth,2014,R&D,3,119700
14385,Nova Russell,Female,29,Bachelors,San Diego,2014,Legal,3,99600
14386,Karina Griffin,Female,36,Masters,Denver,2017,Legal,3,116800
14387,Naomi Bright,Female,37,Bachelors,Los Angeles,2014,R&D,3,106800
14388,Nina Waller,Female,40,Bachelors,Indianapolis,2016,IT,3,98100
14389,Siena Neal,Others,26,Bachelors,"Washington, D.C.",2015,Legal,2,92100
14390,Tamara Hudson,Female,26,Masters,"Washington, D.C.",2017,IT,2,92000
14391,Samantha Summers,Female,38,Bachelors,Philadelphia,2017,Customer Service,3,104500
14392,Mara Hall,Others,31,Bachelors,San Antonio,2014,Sales,3,119700
14393,Patricia Floyd,Female,22,Bachelors,Boston,2014,Customer Service,3,99000
14394,Ariana Madden,Female,34,Bachelors,Dallas,2012,HR,3,100400
14395,Jade Holden,Female,31,Bachelors,Indianapolis,2015,Sales,3,101200
14396,Jordan Hale,Male,39,Bachelors,Chicago,2012,Customer Service,3,103100
14397,Craig Hebert,Male,33,Masters,Charlotte,2018,Finance & Accounting,3,108100
14398,Kunal Cline,Others,33,Bachelors,Indianapolis,2015,Operations,3,100700
14399,Noelle Mccarthy,Female,38,Bachelors,San Jose,2012,IT,3,98200
14400,Dorian Beasley,Male,22,Bachelors,Columbus,2017,IT,2,73900
14401,Joshua Randall,Male,32,Bachelors,Fort Worth,2014,HR,2,95600
14402,Hector Connolly,Male,34,Bachelors,Columbus,2014,R&D,3,111300
14403,Taylor Wilson,Male,31,Bachelors,"Washington, D.C.",2014,Sales,1,45100
14404,Holly Carroll,Others,23,Bachelors,Philadelphia,2016,Procurement & Supply Chain,3,111300
14405,Elizabeth Tanner,Female,39,Bachelors,San Antonio,2013,IT,2,70500
14406,Elsa Watson,Female,26,Bachelors,Houston,2017,HR,3,119700
14407,Alistair Thornton,Male,33,Bachelors,San Diego,2013,Operations,2,87900
14408,Xenia Spears,Others,27,Bachelors,Austin,2013,Customer Service,3,109500
14409,Liam Colon,Male,24,PHD,Chicago,2018,Procurement & Supply Chain,3,101300
14410,Alice Rivera,Female,38,Bachelors,Boston,2017,R&D,3,103600
14411,Piper Coffey,Female,27,Bachelors,Dallas,2017,Sales,3,108700
14412,Devin French,Male,27,Bachelors,Indianapolis,2014,R&D,3,102200
14413,Shane North,Male,23,Bachelors,Charlotte,2015,Procurement & Supply Chain,3,103400
14414,Luis Tate,Male,26,Bachelors,Columbus,2014,Legal,3,98600
14415,Tamara Macdonald,Female,31,Bachelors,Chicago,2016,Finance & Accounting,3,98700
14416,Emmanuel Moreno,Male,32,Bachelors,Boston,2017,Sales,3,106000
14417,Weston Dejesus,Male,36,Bachelors,San Antonio,2015,HR,2,79700
14418,Arielle Vega,Others,28,Bachelors,San Diego,2017,R&D,3,103800
14419,Ashley Wallace,Female,31,Bachelors,Dallas,2017,Customer Service,2,70100
14420,Raphael Brooks,Male,36,Masters,Chicago,2017,HR,2,87400
14421,Tara Smith,Female,24,Bachelors,Charlotte,2014,HR,3,99300
14422,Jaden Olson,Male,27,Bachelors,Dallas,2012,IT,3,116300
14423,Maria Cash,Female,28,Bachelors,Jacksonville,2017,IT,3,100100
14424,Pauline Cline,Female,39,Bachelors,Chicago,2015,Sales,3,110000
14425,Nathaniel Patterson,Male,23,Bachelors,Jacksonville,2013,Finance & Accounting,3,115800
14426,Albert Love,Others,32,Bachelors,Phoenix,2014,Operations,3,113500
14427,Samantha Gaines,Female,33,Masters,Phoenix,2013,R&D,3,102200
14428,Ruby Griffith,Female,39,Bachelors,Charlotte,2017,IT,3,101000
14429,Ivan Sloan,Male,24,Masters,San Diego,2017,Procurement & Supply Chain,2,86300
14430,Grace Vincent,Female,33,Bachelors,Columbus,2016,Customer Service,3,118000
14431,Cecilia Ritchie,Female,29,Bachelors,Seattle,2016,Legal,2,81000
14432,Jasmine Jensen,Female,24,Masters,Boston,2017,Finance & Accounting,3,100000
14433,Dylan Dean,Male,27,Masters,Seattle,2015,Procurement & Supply Chain,3,105100
14434,Oscar Brock,Male,35,Masters,Philadelphia,2013,R&D,2,78000
14435,Damian Garcia,Male,28,Bachelors,Austin,2015,Customer Service,2,73000
14436,Drew Aguilar,Male,22,Bachelors,San Diego,2016,Customer Service,3,118800
14437,Josie Acosta,Female,39,Bachelors,Fort Worth,2013,Legal,3,105900
14438,Daphne Carter,Female,36,Bachelors,Boston,2014,Operations,3,112100
14439,Bruno Dunlap,Others,40,Bachelors,Jacksonville,2017,IT,2,97500
14440,Steve Perry,Others,35,Bachelors,Fort Worth,2012,HR,3,115600
14441,Kaden Kemp,Male,33,Bachelors,Phoenix,2016,Procurement & Supply Chain,3,112000
14442,Emily Fox,Female,33,PHD,New York City,2018,Legal,3,101100
14443,Mae Stuart,Female,23,Bachelors,Denver,2012,HR,3,102500
14444,Alex Kelly,Male,28,Bachelors,Seattle,2014,IT,3,106000
14445,Simone Price,Female,27,Bachelors,New York City,2016,Legal,3,108700
14446,Mackenzie Santiago,Female,26,Bachelors,Boston,2017,Finance & Accounting,3,111400
14447,Jackie Fitzpatrick,Others,33,Bachelors,Jacksonville,2014,Legal,3,112900
14448,Kevin Atkinson,Male,35,Bachelors,Fort Worth,2016,Procurement & Supply Chain,3,106100
14449,Jenna Huff,Female,33,Bachelors,Philadelphia,2013,Finance & Accounting,3,99200
14450,Jaden Mann,Male,36,Bachelors,Seattle,2013,Customer Service,3,99700
14451,Jayden Dodson,Male,26,Bachelors,Denver,2015,R&D,3,103200
14452,Tiana Carroll,Others,26,Bachelors,San Antonio,2012,Operations,3,100200
14453,Benjamin Torres,Male,39,Bachelors,Austin,2014,Operations,3,103600
14454,Sage Moyer,Male,28,Bachelors,New York City,2013,Finance & Accounting,3,106000
14455,Scott Swanson,Male,24,Bachelors,San Jose,2018,Legal,3,118900
14456,Ayla Sinclair,Others,36,Bachelors,"Washington, D.C.",2012,Operations,3,109700
14457,Athena Rosario,Female,33,Bachelors,San Jose,2016,R&D,3,114100
14458,Lincoln Sandoval,Male,33,Bachelors,San Jose,2013,Finance & Accounting,1,54900
14459,Alexis Mccoy,Female,30,Masters,Columbus,2017,IT,2,75700
14460,Alina Moses,Female,27,Masters,San Diego,2012,Finance & Accounting,3,106200
14461,Tom Welch,Male,33,Bachelors,Houston,2015,Legal,3,101400
14462,Amelia Warren,Female,35,Bachelors,New York City,2016,Customer Service,2,81500
14463,Yasmine Burgess,Female,40,Bachelors,Chicago,2014,Operations,2,95600
14464,Nadia Wolf,Female,25,Bachelors,Chicago,2017,Procurement & Supply Chain,2,78100
14465,Alison Herrera,Female,38,Bachelors,Columbus,2014,Operations,3,98800
14466,Teagan Hart,Female,40,Bachelors,Houston,2017,Sales,2,94800
14467,Gwen Ballard,Female,29,Bachelors,Los Angeles,2014,R&D,3,108400
14468,Tiana Keith,Others,27,Bachelors,Denver,2012,Sales,3,107500
14469,Rajan Stokes,Others,40,Bachelors,San Jose,2015,R&D,3,119500
14470,Blair Gonzales,Male,25,Masters,Boston,2017,R&D,2,91600
14471,Alexis Guerrero,Female,39,Bachelors,Seattle,2016,IT,2,79800
14472,Blake Garcia,Male,22,Bachelors,Jacksonville,2017,Legal,2,93100
14473,Mara Miles,Others,35,PHD,Chicago,2015,HR,2,96900
14474,Casey Peterson,Male,25,Bachelors,Seattle,2012,Operations,3,98900
14475,Susan Mckay,Female,25,Bachelors,Chicago,2014,Procurement & Supply Chain,2,93000
14476,Kate Perez,Others,29,Bachelors,Boston,2015,Marketing,3,106300
14477,Dora Dickerson,Female,37,Masters,Indianapolis,2017,Finance & Accounting,1,59700
14478,Percy Koch,Male,35,Bachelors,Houston,2014,Procurement & Supply Chain,3,113900
14479,Josie Garner,Female,26,Bachelors,Indianapolis,2012,Sales,3,117400
14480,Lucian Salazar,Others,26,Masters,New York City,2018,Operations,3,115000
14481,Joy Pruitt,Female,24,Bachelors,Columbus,2013,Sales,3,112900
14482,Emmanuel Maddox,Male,31,Bachelors,Los Angeles,2014,Sales,3,108400
14483,Alisha Alvarez,Others,34,Bachelors,Chicago,2014,Operations,3,101400
14484,Tobias Townsend,Male,27,Masters,Phoenix,2018,Customer Service,3,119900
14485,Cesar Wells,Others,35,Bachelors,Boston,2016,Procurement & Supply Chain,3,114700
14486,Mariana Estes,Female,27,Bachelors,Chicago,2017,Marketing,3,117800
14487,Vivian Barber,Female,34,Masters,Indianapolis,2017,HR,3,111100
14488,Warren Small,Male,40,Bachelors,Denver,2018,Marketing,3,107500
14489,Tiana Wilkerson,Others,39,Bachelors,Houston,2012,IT,3,105100
14490,Elsa Francis,Female,39,Bachelors,Columbus,2013,Finance & Accounting,1,56000
14491,Emery Santiago,Others,22,Bachelors,Fort Worth,2015,HR,3,111600
14492,Eleanor Vines,Female,33,Masters,Phoenix,2017,Legal,2,81100
14493,Juliana Koch,Female,39,Bachelors,Boston,2014,Customer Service,3,117100
14494,Joshua Hodge,Male,39,Bachelors,Phoenix,2017,Procurement & Supply Chain,3,113600
14495,Anthony Head,Male,40,Bachelors,Phoenix,2017,HR,3,116800
14496,Diego Mcguire,Male,38,Bachelors,San Antonio,2014,Marketing,3,104400
14497,Mason Jarvis,Male,36,Bachelors,Los Angeles,2018,Marketing,3,112100
14498,Evelyn Wagner,Female,37,Bachelors,Jacksonville,2013,Customer Service,2,96200
14499,Arya Hughes,Others,33,Bachelors,Chicago,2017,Sales,2,77600
14500,Yasmin Bruce,Female,37,Bachelors,Charlotte,2013,HR,3,108200
14501,Keira Blake,Female,34,Bachelors,Indianapolis,2013,Legal,3,108900
14502,Sara Lucas,Female,28,Bachelors,Seattle,2015,Marketing,3,108600
14503,Callum English,Male,31,Bachelors,Seattle,2018,IT,3,102200
14504,Miranda Craig,Female,37,Masters,Chicago,2012,HR,3,119300
14505,Bradley Shepard,Male,26,Bachelors,Seattle,2018,Operations,3,102300
14506,Gage Morse,Male,34,Masters,San Diego,2014,R&D,3,99700
14507,Leslie Dodson,Female,39,Bachelors,Philadelphia,2015,Marketing,3,107000
14508,Isabella Hogan,Female,23,Bachelors,Phoenix,2017,IT,2,93600
14509,Yasmin Short,Female,35,Bachelors,Jacksonville,2013,Marketing,3,98300
14510,Gabriela Kidd,Female,25,Bachelors,San Diego,2015,Customer Service,3,112100
14511,Kayla Wheeler,Female,38,Bachelors,Seattle,2013,Customer Service,2,88500
14512,Winnie Guy,Female,23,Masters,San Antonio,2017,R&D,1,65200
14513,Drew Glenn,Male,26,Masters,New York City,2017,Sales,3,115800
14514,Robin Gallagher,Male,33,Masters,San Antonio,2018,Operations,3,114600
14515,Sutton Hurst,Others,37,Bachelors,Los Angeles,2015,Sales,2,94600
14516,Maria Atkinson,Female,35,Bachelors,Fort Worth,2013,IT,3,98600
14517,Cecilia Waters,Female,23,Bachelors,San Antonio,2013,IT,3,112900
14518,Brandon Welch,Male,31,Bachelors,San Diego,2013,Sales,3,112800
14519,Steve Guthrie,Others,24,Bachelors,Jacksonville,2017,Customer Service,3,112100
14520,Edward Ingram,Male,28,Bachelors,Indianapolis,2015,HR,3,113000
14521,Kayla Houston,Female,37,Bachelors,Boston,2013,Procurement & Supply Chain,2,78600
14522,Vivian Warner,Female,36,Bachelors,Columbus,2012,Legal,3,112200
14523,Teresa Barker,Female,28,Bachelors,San Jose,2015,Marketing,3,113400
14524,Virginia Schaefer,Female,30,Bachelors,Dallas,2017,Legal,2,87400
14525,Harper Kemp,Female,26,Bachelors,San Jose,2014,Customer Service,3,98400
14526,Simone Quinn,Female,29,Masters,Seattle,2015,IT,2,82000
14527,Bradley Wolfe,Male,39,Masters,San Diego,2018,Customer Service,3,101400
14528,Helena Hunter,Female,36,Bachelors,Chicago,2013,Legal,2,75700
14529,Nathan Raymond,Male,36,Bachelors,Seattle,2015,Procurement & Supply Chain,3,98100
14530,Alana Figueroa,Female,22,Bachelors,Indianapolis,2012,IT,3,114800
14531,Theo Avery,Male,31,Masters,San Diego,2017,Sales,3,101900
14532,Samuel Christian,Male,29,PHD,San Diego,2017,IT,3,109800
14533,Aarav Collier,Others,37,Bachelors,Denver,2014,Legal,3,104400
14534,Celeste Leach,Female,24,Bachelors,San Jose,2012,Operations,3,100200
14535,Paisley Silva,Female,28,Bachelors,Houston,2015,R&D,2,94200
14536,Lucia Mcconnell,Female,22,PHD,Fort Worth,2016,Operations,3,114600
14537,David Vines,Male,31,Bachelors,Austin,2015,Finance & Accounting,3,117800
14538,Dora Mathews,Female,28,Bachelors,Columbus,2013,Procurement & Supply Chain,2,74500
14539,Joel Hays,Male,22,Bachelors,Jacksonville,2014,HR,3,114700
14540,Catalina Dodson,Female,23,Bachelors,Austin,2016,Operations,3,116700
14541,Rowan Parsons,Female,25,Bachelors,Austin,2016,Finance & Accounting,1,42400
14542,Charlotte Glenn,Female,23,Bachelors,Columbus,2013,Marketing,1,64500
14543,Faith Mercer,Female,26,Bachelors,San Diego,2017,Marketing,2,94400
14544,Gideon Rivers,Male,22,Bachelors,Austin,2015,IT,2,75200
14545,Edith Patel,Female,38,Bachelors,Columbus,2015,HR,3,111600
14546,Gideon Mcneal,Male,25,Bachelors,San Jose,2017,Sales,3,118400
14547,Gianna Bryan,Female,37,Bachelors,Dallas,2017,Customer Service,3,110800
14548,Eliseo Pope,Others,30,PHD,Charlotte,2012,Sales,3,119700
14549,Griffin Harrell,Male,35,Bachelors,Fort Worth,2012,Procurement & Supply Chain,3,111000
14550,Leon Arnold,Male,23,PHD,San Jose,2014,Legal,3,98100
14551,Lily Adams,Female,25,Masters,Chicago,2017,Operations,2,79500
14552,Vera Olson,Female,39,Bachelors,Houston,2015,Procurement & Supply Chain,3,102900
14553,Heidi Davis,Female,32,PHD,Houston,2013,Marketing,1,55000
14554,Sutton Dodson,Others,28,Bachelors,Boston,2015,Marketing,3,110700
14555,Ivy Holland,Female,23,Bachelors,San Antonio,2015,IT,3,119400
14556,Alexander Velez,Male,34,PHD,Fort Worth,2014,R&D,1,56000
14557,Emma Connolly,Female,36,Bachelors,Dallas,2014,Marketing,1,59200
14558,Leila Campbell,Female,40,Bachelors,Seattle,2017,IT,3,118900
14559,Daniel Spears,Male,40,Bachelors,San Antonio,2016,IT,3,100700
14560,Raheem Wolfe,Male,25,Bachelors,Houston,2015,Finance & Accounting,3,117700
14561,Jillian Wiley,Female,22,Bachelors,San Diego,2013,Finance & Accounting,3,118500
14562,Yvette Hood,Female,34,Bachelors,San Diego,2015,Sales,3,118100
14563,Paige Pope,Female,23,Bachelors,Dallas,2017,Operations,3,103900
14564,Enzo Cordova,Male,24,Bachelors,Denver,2017,Operations,3,110500
14565,Samuel Simpson,Male,35,Bachelors,Austin,2015,Operations,1,42200
14566,Violet Pope,Female,24,Bachelors,San Antonio,2014,Finance & Accounting,3,112600
14567,Milo May,Male,28,Bachelors,New York City,2017,Sales,3,103800
14568,Kaden Christensen,Male,39,Masters,Charlotte,2017,Customer Service,2,95800
14569,Michael Powell,Male,31,PHD,Chicago,2017,HR,3,113400
14570,Elijah Austin,Male,32,Bachelors,New York City,2014,Marketing,3,106700
14571,Elias Berg,Male,37,Bachelors,"Washington, D.C.",2017,Legal,2,78000
14572,Holly Hood,Others,22,Bachelors,"Washington, D.C.",2014,Finance & Accounting,1,49900
14573,Ellen Maddox,Female,32,Bachelors,Phoenix,2015,HR,3,101100
14574,Malachi Gordon,Male,37,Bachelors,New York City,2016,Procurement & Supply Chain,3,116200
14575,Noelle Glass,Female,36,Bachelors,Seattle,2014,IT,3,112200
14576,Gemma Stuart,Female,24,Bachelors,Indianapolis,2013,Finance & Accounting,3,110900
14577,River Williams,Male,40,Masters,Phoenix,2017,Legal,3,118900
14578,Gwen Strong,Female,39,Bachelors,Los Angeles,2014,HR,3,111000
14579,Clara Terrell,Female,24,Bachelors,Philadelphia,2013,Legal,3,115600
14580,Brooklyn Heath,Female,25,Bachelors,Austin,2016,Legal,3,104300
14581,Ophelia Kerr,Female,26,Bachelors,Austin,2018,Procurement & Supply Chain,3,102700
14582,Frances Arnold,Female,33,Bachelors,Philadelphia,2017,IT,2,91100
14583,Alexandra Franklin,Female,36,Bachelors,Columbus,2016,HR,3,108200
14584,Winnie Griffin,Female,39,Bachelors,Denver,2015,Legal,1,64900
14585,Anne James,Female,34,Bachelors,Dallas,2014,Finance & Accounting,3,111200
14586,Peter Jennings,Male,23,Bachelors,Austin,2014,Procurement & Supply Chain,2,83500
14587,Natalia Logan,Female,33,Bachelors,"Washington, D.C.",2014,Procurement & Supply Chain,1,53500
14588,Bella Schaefer,Female,31,Bachelors,Columbus,2013,Marketing,3,103800
14589,Renee Brooks,Female,39,Bachelors,Denver,2015,Customer Service,3,115300
14590,Bruno Pierce,Others,36,Bachelors,Seattle,2017,Procurement & Supply Chain,3,105300
14591,Louis Sterling,Male,28,Bachelors,Dallas,2015,R&D,3,118100
14592,Sadie Moss,Female,28,Bachelors,Indianapolis,2013,Finance & Accounting,3,100400
14593,Callum Saunders,Male,24,Masters,New York City,2017,Customer Service,2,87200
14594,Kian Duke,Others,36,Bachelors,"Washington, D.C.",2013,HR,3,99300
14595,Knox Crane,Others,30,Bachelors,Chicago,2014,Procurement & Supply Chain,3,114600
14596,Jean Chase,Female,27,Bachelors,Boston,2018,Operations,3,101400
14597,Eric Hendrix,Male,25,Bachelors,Phoenix,2012,Operations,3,104500
14598,Simon Zamora,Male,31,Bachelors,Charlotte,2018,R&D,3,120000
14599,Martin Burns,Male,36,Bachelors,Chicago,2013,R&D,3,102000
14600,Madison Vines,Female,31,Bachelors,Austin,2017,R&D,2,87900
14601,Diego Chavez,Male,37,Bachelors,Dallas,2016,Customer Service,3,105300
14602,Samantha Hopper,Female,39,Bachelors,Seattle,2015,HR,3,105600
14603,Kunal Rush,Others,28,Bachelors,Indianapolis,2014,Procurement & Supply Chain,3,104700
14604,Shawn Bowen,Male,38,Bachelors,San Diego,2015,Sales,2,73800
14605,Elliot Clarke,Male,40,Masters,Los Angeles,2017,Procurement & Supply Chain,3,101700
14606,Aspen Hickman,Female,38,Masters,Houston,2015,R&D,3,99400
14607,Imogen Mclaughlin,Others,23,PHD,Fort Worth,2014,Procurement & Supply Chain,3,114400
14608,Joshua Ochoa,Male,39,Bachelors,Boston,2015,Sales,3,98700
14609,Kaden Finley,Male,22,Bachelors,San Diego,2014,Legal,1,46200
14610,Norah Burke,Female,24,Bachelors,San Jose,2015,Legal,3,118800
14611,Blair Preston,Male,24,Masters,Columbus,2014,R&D,3,110000
14612,Lincoln Hendrix,Male,23,Bachelors,Austin,2012,Legal,3,102000
14613,Wade Powell,Male,30,Bachelors,Phoenix,2014,IT,3,114500
14614,Noelle Mckinney,Female,25,Bachelors,Seattle,2016,Finance & Accounting,3,113500
14615,Chris Kaufman,Male,34,Bachelors,Fort Worth,2013,HR,3,118000
14616,Mallory Russo,Female,40,Masters,Jacksonville,2015,IT,3,101100
14617,Lily Reed,Female,39,Bachelors,Los Angeles,2012,Operations,3,115500
14618,Keira Dickerson,Female,38,Masters,Seattle,2017,IT,3,106800
14619,Norah Grimes,Female,38,Bachelors,Dallas,2016,Legal,3,119500
14620,Leon Stark,Male,38,Bachelors,Chicago,2015,Legal,2,78700
14621,Jackie Carpenter,Others,31,Bachelors,Denver,2015,Sales,3,117900
14622,Dorian Armstrong,Male,30,Bachelors,Fort Worth,2017,Legal,1,42500
14623,Adam Stephenson,Male,24,PHD,Philadelphia,2013,Procurement & Supply Chain,3,102700
14624,Sonia Ballard,Female,38,Bachelors,Jacksonville,2017,Legal,3,119500
14625,Mara Wilson,Others,37,Bachelors,Fort Worth,2013,HR,3,100800
14626,Pedro James,Male,22,Bachelors,Phoenix,2016,Legal,3,117300
14627,Callum Moyer,Male,30,PHD,Austin,2012,R&D,3,117000
14628,Gideon Kendall,Male,39,Bachelors,San Jose,2013,Customer Service,3,115700
14629,Peyton Haynes,Others,35,Bachelors,Seattle,2017,Procurement & Supply Chain,2,74000
14630,Seth Langley,Male,25,Bachelors,San Jose,2012,Legal,3,110300
14631,Luis Clayton,Male,32,Bachelors,Charlotte,2018,HR,3,100100
14632,Kayla Strickland,Female,31,Bachelors,San Antonio,2018,R&D,3,106600
14633,Paul Beasley,Male,37,Bachelors,Indianapolis,2016,Finance & Accounting,3,116500
14634,Marlon Hill,Male,38,Bachelors,Seattle,2016,Legal,1,69200
14635,Riley Leach,Male,22,Bachelors,San Diego,2014,Marketing,3,110100
14636,Barbara Bruce,Female,37,Masters,Chicago,2014,Legal,3,98100
14637,Sophia Brewer,Female,32,Bachelors,"Washington, D.C.",2018,Legal,3,115400
14638,Isaac Anderson,Male,26,Bachelors,Austin,2013,Marketing,3,118900
14639,Bridget Hodges,Female,28,Bachelors,Los Angeles,2017,Procurement & Supply Chain,3,115700
14640,Philip Rice,Male,35,Bachelors,Chicago,2015,IT,3,102700
14641,Luna Walton,Female,33,Bachelors,San Jose,2016,Finance & Accounting,1,66400
14642,Lana Lindsey,Female,36,Bachelors,Dallas,2012,Operations,3,109600
14643,Malachi Frank,Male,31,Bachelors,Houston,2013,IT,3,99400
14644,Amara Valdez,Female,32,Bachelors,New York City,2015,Finance & Accounting,3,119100
14645,Troy Gould,Male,31,Masters,Denver,2017,Marketing,2,97300
14646,Corinne Blankenship,Female,25,Bachelors,Dallas,2013,Operations,3,115100
14647,Tyler Simpson,Male,30,Bachelors,"Washington, D.C.",2016,Sales,3,106700
14648,Edward Hayes,Male,26,Bachelors,Houston,2013,Customer Service,3,106200
14649,Patrick Price,Male,37,Masters,Fort Worth,2013,Finance & Accounting,2,97900
14650,Beau Compton,Male,27,Masters,San Antonio,2018,Finance & Accounting,3,103400
14651,Lila Farmer,Female,30,Bachelors,Austin,2012,Marketing,3,105700
14652,Rafael Hawkins,Male,33,Bachelors,Charlotte,2015,Procurement & Supply Chain,3,117700